2026-07-14 17:31:53 [scrapy.utils.log] INFO: Scrapy 2.17.0 started (bot: duck_or_cat_scraper)
2026-07-14 17:31:53 [scrapy.utils.log] INFO: Versions:
{'lxml': '6.1.1',
 'libxml2': '2.11.9',
 'cssselect': '1.4.0',
 'parsel': '1.11.0',
 'w3lib': '2.4.1',
 'Twisted': '26.4.0',
 'Python': '3.12.0 (tags/v3.12.0:0fb18b0, Oct  2 2023, 13:03:39) [MSC v.1935 '
           '64 bit (AMD64)]',
 'pyOpenSSL': '26.3.0 (OpenSSL 4.0.1 9 Jun 2026)',
 'cryptography': '49.0.0',
 'Platform': 'Windows-11-10.0.26200-SP0'}
2026-07-14 17:31:53 [scrapy.crawler] DEBUG: Using AsyncCrawlerProcess
2026-07-14 17:31:53 [asyncio] DEBUG: Using selector: SelectSelector
2026-07-14 17:31:53 [scrapy.addons] INFO: Enabled addons:
[]
2026-07-14 17:31:53 [scrapy.utils.log] DEBUG: Using reactor: twisted.internet.asyncioreactor.AsyncioSelectorReactor
2026-07-14 17:31:53 [scrapy.utils.log] DEBUG: Using asyncio event loop: asyncio.windows_events._WindowsSelectorEventLoop
2026-07-14 17:31:53 [scrapy.extensions.telnet] INFO: Telnet Password: 001bfae6cf86c0a2
2026-07-14 17:31:53 [scrapy.middleware] INFO: Enabled extensions:
['scrapy.extensions.corestats.CoreStats',
 'scrapy.extensions.logcount.LogCount',
 'scrapy.extensions.telnet.TelnetConsole',
 'scrapy.extensions.logstats.LogStats']
2026-07-14 17:31:53 [scrapy.crawler] INFO: Overridden settings:
{'BOT_NAME': 'duck_or_cat_scraper',
 'CONCURRENT_REQUESTS': 8,
 'DOWNLOAD_DELAY': 0.25,
 'FEED_EXPORT_ENCODING': 'utf-8',
 'IMAGES_STORE': 'C:\\Dev\\duck-or-cat\\scraper\\duck_or_cat_scraper\\..\\..\\data\\raw',
 'LOG_FILE': 'scrapy.log',
 'LOG_LEVEL': 10,
 'NEWSPIDER_MODULE': 'duck_or_cat_scraper.spiders',
 'SPIDER_MODULES': ['duck_or_cat_scraper.spiders']}
2026-07-14 17:31:53 [scrapy.middleware] INFO: Enabled downloader middlewares:
['scrapy.downloadermiddlewares.offsite.OffsiteMiddleware',
 'scrapy.downloadermiddlewares.httpauth.HttpAuthMiddleware',
 'scrapy.downloadermiddlewares.downloadtimeout.DownloadTimeoutMiddleware',
 'scrapy.downloadermiddlewares.defaultheaders.DefaultHeadersMiddleware',
 'scrapy.downloadermiddlewares.useragent.UserAgentMiddleware',
 'scrapy.downloadermiddlewares.retry.RetryMiddleware',
 'scrapy.downloadermiddlewares.redirect.MetaRefreshMiddleware',
 'scrapy.downloadermiddlewares.httpcompression.HttpCompressionMiddleware',
 'scrapy.downloadermiddlewares.redirect.RedirectMiddleware',
 'scrapy.downloadermiddlewares.cookies.CookiesMiddleware',
 'scrapy.downloadermiddlewares.httpproxy.HttpProxyMiddleware',
 'scrapy.downloadermiddlewares.stats.DownloaderStats']
2026-07-14 17:31:53 [scrapy.middleware] INFO: Enabled spider middlewares:
['scrapy.spidermiddlewares.start.StartSpiderMiddleware',
 'scrapy.spidermiddlewares.httperror.HttpErrorMiddleware',
 'scrapy.spidermiddlewares.referer.RefererMiddleware',
 'scrapy.spidermiddlewares.urllength.UrlLengthMiddleware',
 'scrapy.spidermiddlewares.depth.DepthMiddleware']
2026-07-14 17:31:53 [scrapy.middleware] INFO: Enabled item pipelines:
['duck_or_cat_scraper.pipelines.DuckOrCatImagesPipeline']
2026-07-14 17:31:53 [scrapy.core.engine] INFO: Spider opened
2026-07-14 17:31:53 [scrapy.extensions.logstats] INFO: Crawled 0 pages (at 0 pages/min), scraped 0 items (at 0 items/min)
2026-07-14 17:31:53 [scrapy.extensions.telnet] INFO: Telnet console listening on 127.0.0.1:6023
2026-07-14 17:31:53 [urllib3.connectionpool] DEBUG: Starting new HTTPS connection (1): publicsuffix.org:443
2026-07-14 17:31:53 [urllib3.connectionpool] DEBUG: https://publicsuffix.org:443 "GET /list/public_suffix_list.dat HTTP/1.1" 200 91952
2026-07-14 17:31:54 [scrapy.core.engine] DEBUG: Crawled (200) <GET https://api.pexels.com/v1/search?query=cat&per_page=80&page=1> (referer: None)
2026-07-14 17:31:54 [scrapy.core.engine] DEBUG: Crawled (200) <GET https://api.pexels.com/v1/search?query=duck&per_page=80&page=1> (referer: None)
2026-07-14 17:31:54 [scrapy.core.engine] DEBUG: Crawled (404) <GET https://api.pexels.com/v1/v1/search?page=2&per_page=80&query=cat> (referer: https://api.pexels.com/v1/search?query=cat&per_page=80&page=1)
2026-07-14 17:31:54 [scrapy.core.engine] DEBUG: Crawled (200) <GET https://images.pexels.com/photos/32557420/pexels-photo-32557420.jpeg?auto=compress&cs=tinysrgb&dpr=2&h=650&w=940> (referer: None)
2026-07-14 17:31:54 [scrapy.pipelines.files] DEBUG: File (downloaded): Downloaded file from <GET https://images.pexels.com/photos/32557420/pexels-photo-32557420.jpeg?auto=compress&cs=tinysrgb&dpr=2&h=650&w=940> referred in <None>
2026-07-14 17:31:54 [PIL.TiffImagePlugin] DEBUG: tag: Orientation (274) - type: short (3) - value: b'\x01\x00'
2026-07-14 17:31:54 [PIL.TiffImagePlugin] DEBUG: tag: XResolution (282) - type: rational (5) Tag Location: 34 - Data Location: 86 - value: b'H\x00\x00\x00\x01\x00\x00\x00'
2026-07-14 17:31:54 [PIL.TiffImagePlugin] DEBUG: tag: YResolution (283) - type: rational (5) Tag Location: 46 - Data Location: 94 - value: b'H\x00\x00\x00\x01\x00\x00\x00'
2026-07-14 17:31:54 [PIL.TiffImagePlugin] DEBUG: tag: ResolutionUnit (296) - type: short (3) - value: b'\x02\x00'
2026-07-14 17:31:54 [PIL.TiffImagePlugin] DEBUG: tag: YCbCrPositioning (531) - type: short (3) - value: b'\x01\x00'
2026-07-14 17:31:54 [PIL.TiffImagePlugin] DEBUG: tag: ExifIFD (34665) - type: long (4) - value: b'f\x00\x00\x00'
2026-07-14 17:31:54 [scrapy.core.engine] DEBUG: Crawled (200) <GET https://images.pexels.com/photos/19511759/pexels-photo-19511759.jpeg?auto=compress&cs=tinysrgb&dpr=2&h=650&w=940> (referer: None)
2026-07-14 17:31:54 [scrapy.pipelines.files] DEBUG: File (downloaded): Downloaded file from <GET https://images.pexels.com/photos/19511759/pexels-photo-19511759.jpeg?auto=compress&cs=tinysrgb&dpr=2&h=650&w=940> referred in <None>
2026-07-14 17:31:54 [PIL.TiffImagePlugin] DEBUG: tag: Orientation (274) - type: short (3) - value: b'\x01\x00'
2026-07-14 17:31:54 [PIL.TiffImagePlugin] DEBUG: tag: XResolution (282) - type: rational (5) Tag Location: 34 - Data Location: 74 - value: b'H\x00\x00\x00\x01\x00\x00\x00'
2026-07-14 17:31:54 [PIL.TiffImagePlugin] DEBUG: tag: YResolution (283) - type: rational (5) Tag Location: 46 - Data Location: 82 - value: b'H\x00\x00\x00\x01\x00\x00\x00'
2026-07-14 17:31:54 [PIL.TiffImagePlugin] DEBUG: tag: ResolutionUnit (296) - type: short (3) - value: b'\x02\x00'
2026-07-14 17:31:54 [PIL.TiffImagePlugin] DEBUG: tag: ExifIFD (34665) - type: long (4) - value: b'Z\x00\x00\x00'
2026-07-14 17:31:54 [scrapy.core.scraper] DEBUG: Scraped from <200 https://api.pexels.com/v1/search?query=cat&per_page=80&page=1>
{'image_urls': ['https://images.pexels.com/photos/32557420/pexels-photo-32557420.jpeg?auto=compress&cs=tinysrgb&dpr=2&h=650&w=940'],
 'images': [{'checksum': '1785556cd9f8365c81b7d8674dc1ed55',
             'path': 'cat/2a9274866a9485d0ced1b01d1c7046b4b1f87fde.jpg',
             'status': 'downloaded',
             'url': 'https://images.pexels.com/photos/32557420/pexels-photo-32557420.jpeg?auto=compress&cs=tinysrgb&dpr=2&h=650&w=940'}],
 'label': 'cat',
 'source_id': '32557420'}
2026-07-14 17:31:54 [scrapy.core.scraper] DEBUG: Scraped from <200 https://api.pexels.com/v1/search?query=cat&per_page=80&page=1>
{'image_urls': ['https://images.pexels.com/photos/19511759/pexels-photo-19511759.jpeg?auto=compress&cs=tinysrgb&dpr=2&h=650&w=940'],
 'images': [{'checksum': 'fc712f1d4bd8005c6cf3d32fb9f79c66',
             'path': 'cat/f151497430ba2b7b24610e9dce46bc0df5cecf5a.jpg',
             'status': 'downloaded',
             'url': 'https://images.pexels.com/photos/19511759/pexels-photo-19511759.jpeg?auto=compress&cs=tinysrgb&dpr=2&h=650&w=940'}],
 'label': 'cat',
 'source_id': '19511759'}
2026-07-14 17:31:54 [scrapy.spidermiddlewares.httperror] INFO: Ignoring response <404 https://api.pexels.com/v1/v1/search?page=2&per_page=80&query=cat>: HTTP status code is not handled or not allowed
2026-07-14 17:31:55 [scrapy.core.engine] DEBUG: Crawled (200) <GET https://images.pexels.com/photos/37003918/pexels-photo-37003918.jpeg?auto=compress&cs=tinysrgb&dpr=2&h=650&w=940> (referer: None)
2026-07-14 17:31:55 [scrapy.pipelines.files] DEBUG: File (downloaded): Downloaded file from <GET https://images.pexels.com/photos/37003918/pexels-photo-37003918.jpeg?auto=compress&cs=tinysrgb&dpr=2&h=650&w=940> referred in <None>
2026-07-14 17:31:55 [PIL.TiffImagePlugin] DEBUG: tag: Orientation (274) - type: short (3) - value: b'\x01\x00'
2026-07-14 17:31:55 [PIL.TiffImagePlugin] DEBUG: tag: XResolution (282) - type: rational (5) Tag Location: 34 - Data Location: 74 - value: b'H\x00\x00\x00\x01\x00\x00\x00'
2026-07-14 17:31:55 [PIL.TiffImagePlugin] DEBUG: tag: YResolution (283) - type: rational (5) Tag Location: 46 - Data Location: 82 - value: b'H\x00\x00\x00\x01\x00\x00\x00'
2026-07-14 17:31:55 [PIL.TiffImagePlugin] DEBUG: tag: ResolutionUnit (296) - type: short (3) - value: b'\x02\x00'
2026-07-14 17:31:55 [PIL.TiffImagePlugin] DEBUG: tag: ExifIFD (34665) - type: long (4) - value: b'Z\x00\x00\x00'
2026-07-14 17:31:55 [scrapy.core.scraper] DEBUG: Scraped from <200 https://api.pexels.com/v1/search?query=cat&per_page=80&page=1>
{'image_urls': ['https://images.pexels.com/photos/37003918/pexels-photo-37003918.jpeg?auto=compress&cs=tinysrgb&dpr=2&h=650&w=940'],
 'images': [{'checksum': 'de4ac8d5441f8c069fa122b3651f3ce0',
             'path': 'cat/4849c408e8c99c74c684c0676b247080aa5621a0.jpg',
             'status': 'downloaded',
             'url': 'https://images.pexels.com/photos/37003918/pexels-photo-37003918.jpeg?auto=compress&cs=tinysrgb&dpr=2&h=650&w=940'}],
 'label': 'cat',
 'source_id': '37003918'}
2026-07-14 17:31:55 [scrapy.core.engine] DEBUG: Crawled (200) <GET https://images.pexels.com/photos/34345889/pexels-photo-34345889.jpeg?auto=compress&cs=tinysrgb&dpr=2&h=650&w=940> (referer: None)
2026-07-14 17:31:55 [scrapy.pipelines.files] DEBUG: File (downloaded): Downloaded file from <GET https://images.pexels.com/photos/34345889/pexels-photo-34345889.jpeg?auto=compress&cs=tinysrgb&dpr=2&h=650&w=940> referred in <None>
2026-07-14 17:31:55 [PIL.TiffImagePlugin] DEBUG: tag: Orientation (274) - type: short (3) - value: b'\x01\x00'
2026-07-14 17:31:55 [PIL.TiffImagePlugin] DEBUG: tag: XResolution (282) - type: rational (5) Tag Location: 34 - Data Location: 74 - value: b'H\x00\x00\x00\x01\x00\x00\x00'
2026-07-14 17:31:55 [PIL.TiffImagePlugin] DEBUG: tag: YResolution (283) - type: rational (5) Tag Location: 46 - Data Location: 82 - value: b'H\x00\x00\x00\x01\x00\x00\x00'
2026-07-14 17:31:55 [PIL.TiffImagePlugin] DEBUG: tag: ResolutionUnit (296) - type: short (3) - value: b'\x02\x00'
2026-07-14 17:31:55 [PIL.TiffImagePlugin] DEBUG: tag: ExifIFD (34665) - type: long (4) - value: b'Z\x00\x00\x00'
2026-07-14 17:31:55 [scrapy.core.scraper] DEBUG: Scraped from <200 https://api.pexels.com/v1/search?query=cat&per_page=80&page=1>
{'image_urls': ['https://images.pexels.com/photos/34345889/pexels-photo-34345889.jpeg?auto=compress&cs=tinysrgb&dpr=2&h=650&w=940'],
 'images': [{'checksum': '9fa0ff04d3baf2d0413f6cae4ab79c70',
             'path': 'cat/36456589ce77b1b93c75205c9c8a88a3851f882d.jpg',
             'status': 'downloaded',
             'url': 'https://images.pexels.com/photos/34345889/pexels-photo-34345889.jpeg?auto=compress&cs=tinysrgb&dpr=2&h=650&w=940'}],
 'label': 'cat',
 'source_id': '34345889'}
2026-07-14 17:31:55 [scrapy.core.engine] DEBUG: Crawled (200) <GET https://images.pexels.com/photos/29679393/pexels-photo-29679393.jpeg?auto=compress&cs=tinysrgb&dpr=2&h=650&w=940> (referer: None)
2026-07-14 17:31:55 [scrapy.pipelines.files] DEBUG: File (downloaded): Downloaded file from <GET https://images.pexels.com/photos/29679393/pexels-photo-29679393.jpeg?auto=compress&cs=tinysrgb&dpr=2&h=650&w=940> referred in <None>
2026-07-14 17:31:55 [PIL.TiffImagePlugin] DEBUG: tag: Orientation (274) - type: short (3) - value: b'\x00\x01'
2026-07-14 17:31:55 [PIL.TiffImagePlugin] DEBUG: tag: XResolution (282) - type: rational (5) Tag Location: 34 - Data Location: 74 - value: b'\x00\x00\x00H\x00\x00\x00\x01'
2026-07-14 17:31:55 [PIL.TiffImagePlugin] DEBUG: tag: YResolution (283) - type: rational (5) Tag Location: 46 - Data Location: 82 - value: b'\x00\x00\x00H\x00\x00\x00\x01'
2026-07-14 17:31:55 [PIL.TiffImagePlugin] DEBUG: tag: ResolutionUnit (296) - type: short (3) - value: b'\x00\x02'
2026-07-14 17:31:55 [PIL.TiffImagePlugin] DEBUG: tag: ExifIFD (34665) - type: long (4) - value: b'\x00\x00\x00Z'
2026-07-14 17:31:55 [scrapy.core.scraper] DEBUG: Scraped from <200 https://api.pexels.com/v1/search?query=cat&per_page=80&page=1>
{'image_urls': ['https://images.pexels.com/photos/29679393/pexels-photo-29679393.jpeg?auto=compress&cs=tinysrgb&dpr=2&h=650&w=940'],
 'images': [{'checksum': '75c69ee51843fe1d985599b6c14436c9',
             'path': 'cat/7cb7445523ce5040581449172ff3488afc824453.jpg',
             'status': 'downloaded',
             'url': 'https://images.pexels.com/photos/29679393/pexels-photo-29679393.jpeg?auto=compress&cs=tinysrgb&dpr=2&h=650&w=940'}],
 'label': 'cat',
 'source_id': '29679393'}
2026-07-14 17:31:55 [scrapy.core.engine] DEBUG: Crawled (200) <GET https://images.pexels.com/photos/36937387/pexels-photo-36937387.jpeg?auto=compress&cs=tinysrgb&dpr=2&h=650&w=940> (referer: None)
2026-07-14 17:31:55 [scrapy.pipelines.files] DEBUG: File (downloaded): Downloaded file from <GET https://images.pexels.com/photos/36937387/pexels-photo-36937387.jpeg?auto=compress&cs=tinysrgb&dpr=2&h=650&w=940> referred in <None>
2026-07-14 17:31:55 [PIL.TiffImagePlugin] DEBUG: tag: Orientation (274) - type: short (3) - value: b'\x01\x00'
2026-07-14 17:31:55 [PIL.TiffImagePlugin] DEBUG: tag: XResolution (282) - type: rational (5) Tag Location: 34 - Data Location: 866 - value: b'H\x00\x00\x00\x01\x00\x00\x00'
2026-07-14 17:31:55 [PIL.TiffImagePlugin] DEBUG: tag: YResolution (283) - type: rational (5) Tag Location: 46 - Data Location: 874 - value: b'H\x00\x00\x00\x01\x00\x00\x00'
2026-07-14 17:31:55 [PIL.TiffImagePlugin] DEBUG: tag: ResolutionUnit (296) - type: short (3) - value: b'\x02\x00'
2026-07-14 17:31:55 [PIL.TiffImagePlugin] DEBUG: tag: Artist (315) - type: string (2) Tag Location: 70 - Data Location: 98 - value: <table: 256 bytes>
2026-07-14 17:31:55 [PIL.TiffImagePlugin] DEBUG: tag: Copyright (33432) - type: string (2) Tag Location: 82 - Data Location: 354 - value: <table: 512 bytes>
2026-07-14 17:31:55 [PIL.TiffImagePlugin] DEBUG: tag: ExifIFD (34665) - type: long (4) - value: b'r\x03\x00\x00'
2026-07-14 17:31:56 [scrapy.core.scraper] DEBUG: Scraped from <200 https://api.pexels.com/v1/search?query=cat&per_page=80&page=1>
{'image_urls': ['https://images.pexels.com/photos/36937387/pexels-photo-36937387.jpeg?auto=compress&cs=tinysrgb&dpr=2&h=650&w=940'],
 'images': [{'checksum': '4ec02948fbc98274516991cee044de49',
             'path': 'cat/2327a122570c1c7613afd16f0878a6a02cea4ab6.jpg',
             'status': 'downloaded',
             'url': 'https://images.pexels.com/photos/36937387/pexels-photo-36937387.jpeg?auto=compress&cs=tinysrgb&dpr=2&h=650&w=940'}],
 'label': 'cat',
 'source_id': '36937387'}
2026-07-14 17:31:56 [scrapy.core.engine] DEBUG: Crawled (200) <GET https://images.pexels.com/photos/29020872/pexels-photo-29020872.jpeg?auto=compress&cs=tinysrgb&dpr=2&h=650&w=940> (referer: None)
2026-07-14 17:31:56 [scrapy.pipelines.files] DEBUG: File (downloaded): Downloaded file from <GET https://images.pexels.com/photos/29020872/pexels-photo-29020872.jpeg?auto=compress&cs=tinysrgb&dpr=2&h=650&w=940> referred in <None>
2026-07-14 17:31:56 [PIL.TiffImagePlugin] DEBUG: tag: Orientation (274) - type: short (3) - value: b'\x01\x00'
2026-07-14 17:31:56 [PIL.TiffImagePlugin] DEBUG: tag: XResolution (282) - type: rational (5) Tag Location: 34 - Data Location: 74 - value: b'H\x00\x00\x00\x01\x00\x00\x00'
2026-07-14 17:31:56 [PIL.TiffImagePlugin] DEBUG: tag: YResolution (283) - type: rational (5) Tag Location: 46 - Data Location: 82 - value: b'H\x00\x00\x00\x01\x00\x00\x00'
2026-07-14 17:31:56 [PIL.TiffImagePlugin] DEBUG: tag: ResolutionUnit (296) - type: short (3) - value: b'\x02\x00'
2026-07-14 17:31:56 [PIL.TiffImagePlugin] DEBUG: tag: ExifIFD (34665) - type: long (4) - value: b'Z\x00\x00\x00'
2026-07-14 17:31:56 [scrapy.core.scraper] DEBUG: Scraped from <200 https://api.pexels.com/v1/search?query=cat&per_page=80&page=1>
{'image_urls': ['https://images.pexels.com/photos/29020872/pexels-photo-29020872.jpeg?auto=compress&cs=tinysrgb&dpr=2&h=650&w=940'],
 'images': [{'checksum': '8739b7b204bb3800cb6abf95bef30e61',
             'path': 'cat/b4c9d918541f110f42b645ff2e091e961af0a932.jpg',
             'status': 'downloaded',
             'url': 'https://images.pexels.com/photos/29020872/pexels-photo-29020872.jpeg?auto=compress&cs=tinysrgb&dpr=2&h=650&w=940'}],
 'label': 'cat',
 'source_id': '29020872'}
2026-07-14 17:31:56 [scrapy.core.engine] DEBUG: Crawled (200) <GET https://images.pexels.com/photos/16622819/pexels-photo-16622819.jpeg?auto=compress&cs=tinysrgb&dpr=2&h=650&w=940> (referer: None)
2026-07-14 17:31:56 [scrapy.pipelines.files] DEBUG: File (downloaded): Downloaded file from <GET https://images.pexels.com/photos/16622819/pexels-photo-16622819.jpeg?auto=compress&cs=tinysrgb&dpr=2&h=650&w=940> referred in <None>
2026-07-14 17:31:56 [PIL.TiffImagePlugin] DEBUG: tag: Orientation (274) - type: short (3) - value: b'\x01\x00'
2026-07-14 17:31:56 [PIL.TiffImagePlugin] DEBUG: tag: XResolution (282) - type: rational (5) Tag Location: 34 - Data Location: 74 - value: b'H\x00\x00\x00\x01\x00\x00\x00'
2026-07-14 17:31:56 [PIL.TiffImagePlugin] DEBUG: tag: YResolution (283) - type: rational (5) Tag Location: 46 - Data Location: 82 - value: b'H\x00\x00\x00\x01\x00\x00\x00'
2026-07-14 17:31:56 [PIL.TiffImagePlugin] DEBUG: tag: ResolutionUnit (296) - type: short (3) - value: b'\x02\x00'
2026-07-14 17:31:56 [PIL.TiffImagePlugin] DEBUG: tag: ExifIFD (34665) - type: long (4) - value: b'Z\x00\x00\x00'
2026-07-14 17:31:56 [scrapy.core.scraper] DEBUG: Scraped from <200 https://api.pexels.com/v1/search?query=cat&per_page=80&page=1>
{'image_urls': ['https://images.pexels.com/photos/16622819/pexels-photo-16622819.jpeg?auto=compress&cs=tinysrgb&dpr=2&h=650&w=940'],
 'images': [{'checksum': '2e491512682d69e56e2a03b3cec0c470',
             'path': 'cat/fc4e44a3bb414de75bfad33035f7aa3f11e55777.jpg',
             'status': 'downloaded',
             'url': 'https://images.pexels.com/photos/16622819/pexels-photo-16622819.jpeg?auto=compress&cs=tinysrgb&dpr=2&h=650&w=940'}],
 'label': 'cat',
 'source_id': '16622819'}
2026-07-14 17:31:56 [scrapy.core.engine] DEBUG: Crawled (200) <GET https://images.pexels.com/photos/116835/pexels-photo-116835.jpeg?auto=compress&cs=tinysrgb&dpr=2&h=650&w=940> (referer: None)
2026-07-14 17:31:56 [scrapy.pipelines.files] DEBUG: File (downloaded): Downloaded file from <GET https://images.pexels.com/photos/116835/pexels-photo-116835.jpeg?auto=compress&cs=tinysrgb&dpr=2&h=650&w=940> referred in <None>
2026-07-14 17:31:56 [PIL.TiffImagePlugin] DEBUG: tag: Orientation (274) - type: short (3) - value: b'\x01\x00'
2026-07-14 17:31:56 [PIL.TiffImagePlugin] DEBUG: tag: XResolution (282) - type: rational (5) Tag Location: 34 - Data Location: 74 - value: b'H\x00\x00\x00\x01\x00\x00\x00'
2026-07-14 17:31:56 [PIL.TiffImagePlugin] DEBUG: tag: YResolution (283) - type: rational (5) Tag Location: 46 - Data Location: 82 - value: b'H\x00\x00\x00\x01\x00\x00\x00'
2026-07-14 17:31:56 [PIL.TiffImagePlugin] DEBUG: tag: ResolutionUnit (296) - type: short (3) - value: b'\x02\x00'
2026-07-14 17:31:56 [PIL.TiffImagePlugin] DEBUG: tag: ExifIFD (34665) - type: long (4) - value: b'Z\x00\x00\x00'
2026-07-14 17:31:57 [scrapy.core.scraper] DEBUG: Scraped from <200 https://api.pexels.com/v1/search?query=cat&per_page=80&page=1>
{'image_urls': ['https://images.pexels.com/photos/116835/pexels-photo-116835.jpeg?auto=compress&cs=tinysrgb&dpr=2&h=650&w=940'],
 'images': [{'checksum': '70626ecab813fa26a1d4a5af1e86a715',
             'path': 'cat/d2482db4ebf347f66e460acff6c42241f2d5f3e6.jpg',
             'status': 'downloaded',
             'url': 'https://images.pexels.com/photos/116835/pexels-photo-116835.jpeg?auto=compress&cs=tinysrgb&dpr=2&h=650&w=940'}],
 'label': 'cat',
 'source_id': '116835'}
2026-07-14 17:31:57 [scrapy.core.engine] DEBUG: Crawled (200) <GET https://images.pexels.com/photos/32481757/pexels-photo-32481757.jpeg?auto=compress&cs=tinysrgb&dpr=2&h=650&w=940> (referer: None)
2026-07-14 17:31:57 [scrapy.pipelines.files] DEBUG: File (downloaded): Downloaded file from <GET https://images.pexels.com/photos/32481757/pexels-photo-32481757.jpeg?auto=compress&cs=tinysrgb&dpr=2&h=650&w=940> referred in <None>
2026-07-14 17:31:57 [PIL.TiffImagePlugin] DEBUG: tag: Orientation (274) - type: short (3) - value: b'\x00\x01'
2026-07-14 17:31:57 [PIL.TiffImagePlugin] DEBUG: tag: XResolution (282) - type: rational (5) Tag Location: 34 - Data Location: 74 - value: b'\x00\x00\x00H\x00\x00\x00\x01'
2026-07-14 17:31:57 [PIL.TiffImagePlugin] DEBUG: tag: YResolution (283) - type: rational (5) Tag Location: 46 - Data Location: 82 - value: b'\x00\x00\x00H\x00\x00\x00\x01'
2026-07-14 17:31:57 [PIL.TiffImagePlugin] DEBUG: tag: ResolutionUnit (296) - type: short (3) - value: b'\x00\x02'
2026-07-14 17:31:57 [PIL.TiffImagePlugin] DEBUG: tag: ExifIFD (34665) - type: long (4) - value: b'\x00\x00\x00Z'
2026-07-14 17:31:57 [scrapy.core.scraper] DEBUG: Scraped from <200 https://api.pexels.com/v1/search?query=cat&per_page=80&page=1>
{'image_urls': ['https://images.pexels.com/photos/32481757/pexels-photo-32481757.jpeg?auto=compress&cs=tinysrgb&dpr=2&h=650&w=940'],
 'images': [{'checksum': '56ff41daad3cf32ba6d29a79950e40ed',
             'path': 'cat/dacc0a509742311d4386d59e6acc68b8e2f04d5e.jpg',
             'status': 'downloaded',
             'url': 'https://images.pexels.com/photos/32481757/pexels-photo-32481757.jpeg?auto=compress&cs=tinysrgb&dpr=2&h=650&w=940'}],
 'label': 'cat',
 'source_id': '32481757'}
2026-07-14 17:31:57 [scrapy.core.engine] DEBUG: Crawled (200) <GET https://images.pexels.com/photos/14178386/pexels-photo-14178386.jpeg?auto=compress&cs=tinysrgb&dpr=2&h=650&w=940> (referer: None)
2026-07-14 17:31:57 [scrapy.pipelines.files] DEBUG: File (downloaded): Downloaded file from <GET https://images.pexels.com/photos/14178386/pexels-photo-14178386.jpeg?auto=compress&cs=tinysrgb&dpr=2&h=650&w=940> referred in <None>
2026-07-14 17:31:57 [PIL.TiffImagePlugin] DEBUG: tag: Orientation (274) - type: short (3) - value: b'\x01\x00'
2026-07-14 17:31:57 [PIL.TiffImagePlugin] DEBUG: tag: XResolution (282) - type: rational (5) Tag Location: 34 - Data Location: 74 - value: b'H\x00\x00\x00\x01\x00\x00\x00'
2026-07-14 17:31:57 [PIL.TiffImagePlugin] DEBUG: tag: YResolution (283) - type: rational (5) Tag Location: 46 - Data Location: 82 - value: b'H\x00\x00\x00\x01\x00\x00\x00'
2026-07-14 17:31:57 [PIL.TiffImagePlugin] DEBUG: tag: ResolutionUnit (296) - type: short (3) - value: b'\x02\x00'
2026-07-14 17:31:57 [PIL.TiffImagePlugin] DEBUG: tag: ExifIFD (34665) - type: long (4) - value: b'Z\x00\x00\x00'
2026-07-14 17:31:57 [scrapy.core.scraper] DEBUG: Scraped from <200 https://api.pexels.com/v1/search?query=cat&per_page=80&page=1>
{'image_urls': ['https://images.pexels.com/photos/14178386/pexels-photo-14178386.jpeg?auto=compress&cs=tinysrgb&dpr=2&h=650&w=940'],
 'images': [{'checksum': '72e189603a724a1c044bf71dcbf071d0',
             'path': 'cat/5cc119e79a5cbc7a11748469cefcdb55fa9d0442.jpg',
             'status': 'downloaded',
             'url': 'https://images.pexels.com/photos/14178386/pexels-photo-14178386.jpeg?auto=compress&cs=tinysrgb&dpr=2&h=650&w=940'}],
 'label': 'cat',
 'source_id': '14178386'}
2026-07-14 17:31:57 [scrapy.core.engine] DEBUG: Crawled (200) <GET https://images.pexels.com/photos/36377413/pexels-photo-36377413.jpeg?auto=compress&cs=tinysrgb&dpr=2&h=650&w=940> (referer: None)
2026-07-14 17:31:57 [scrapy.pipelines.files] DEBUG: File (downloaded): Downloaded file from <GET https://images.pexels.com/photos/36377413/pexels-photo-36377413.jpeg?auto=compress&cs=tinysrgb&dpr=2&h=650&w=940> referred in <None>
2026-07-14 17:31:57 [PIL.TiffImagePlugin] DEBUG: tag: Orientation (274) - type: short (3) - value: b'\x01\x00'
2026-07-14 17:31:57 [PIL.TiffImagePlugin] DEBUG: tag: XResolution (282) - type: rational (5) Tag Location: 34 - Data Location: 74 - value: b'H\x00\x00\x00\x01\x00\x00\x00'
2026-07-14 17:31:57 [PIL.TiffImagePlugin] DEBUG: tag: YResolution (283) - type: rational (5) Tag Location: 46 - Data Location: 82 - value: b'H\x00\x00\x00\x01\x00\x00\x00'
2026-07-14 17:31:57 [PIL.TiffImagePlugin] DEBUG: tag: ResolutionUnit (296) - type: short (3) - value: b'\x02\x00'
2026-07-14 17:31:57 [PIL.TiffImagePlugin] DEBUG: tag: ExifIFD (34665) - type: long (4) - value: b'Z\x00\x00\x00'
2026-07-14 17:31:58 [scrapy.core.scraper] DEBUG: Scraped from <200 https://api.pexels.com/v1/search?query=cat&per_page=80&page=1>
{'image_urls': ['https://images.pexels.com/photos/36377413/pexels-photo-36377413.jpeg?auto=compress&cs=tinysrgb&dpr=2&h=650&w=940'],
 'images': [{'checksum': 'be8bafddb19921b1b24158f7c5e06a0c',
             'path': 'cat/62cda930bc32755258f9ef97e8a458585eb45a9f.jpg',
             'status': 'downloaded',
             'url': 'https://images.pexels.com/photos/36377413/pexels-photo-36377413.jpeg?auto=compress&cs=tinysrgb&dpr=2&h=650&w=940'}],
 'label': 'cat',
 'source_id': '36377413'}
2026-07-14 17:31:58 [scrapy.core.engine] DEBUG: Crawled (200) <GET https://images.pexels.com/photos/7171995/pexels-photo-7171995.jpeg?auto=compress&cs=tinysrgb&dpr=2&h=650&w=940> (referer: None)
2026-07-14 17:31:58 [scrapy.pipelines.files] DEBUG: File (downloaded): Downloaded file from <GET https://images.pexels.com/photos/7171995/pexels-photo-7171995.jpeg?auto=compress&cs=tinysrgb&dpr=2&h=650&w=940> referred in <None>
2026-07-14 17:31:58 [PIL.TiffImagePlugin] DEBUG: tag: Orientation (274) - type: short (3) - value: b'\x01\x00'
2026-07-14 17:31:58 [PIL.TiffImagePlugin] DEBUG: tag: XResolution (282) - type: rational (5) Tag Location: 34 - Data Location: 74 - value: b'H\x00\x00\x00\x01\x00\x00\x00'
2026-07-14 17:31:58 [PIL.TiffImagePlugin] DEBUG: tag: YResolution (283) - type: rational (5) Tag Location: 46 - Data Location: 82 - value: b'H\x00\x00\x00\x01\x00\x00\x00'
2026-07-14 17:31:58 [PIL.TiffImagePlugin] DEBUG: tag: ResolutionUnit (296) - type: short (3) - value: b'\x02\x00'
2026-07-14 17:31:58 [PIL.TiffImagePlugin] DEBUG: tag: ExifIFD (34665) - type: long (4) - value: b'Z\x00\x00\x00'
2026-07-14 17:31:58 [scrapy.core.scraper] DEBUG: Scraped from <200 https://api.pexels.com/v1/search?query=cat&per_page=80&page=1>
{'image_urls': ['https://images.pexels.com/photos/7171995/pexels-photo-7171995.jpeg?auto=compress&cs=tinysrgb&dpr=2&h=650&w=940'],
 'images': [{'checksum': '640461cacddfdf48dadf2a3bbcb7f2c5',
             'path': 'cat/f21120e87c8be26a73c9dfe33bbe19715768f412.jpg',
             'status': 'downloaded',
             'url': 'https://images.pexels.com/photos/7171995/pexels-photo-7171995.jpeg?auto=compress&cs=tinysrgb&dpr=2&h=650&w=940'}],
 'label': 'cat',
 'source_id': '7171995'}
2026-07-14 17:31:58 [scrapy.core.engine] DEBUG: Crawled (200) <GET https://images.pexels.com/photos/34464846/pexels-photo-34464846.jpeg?auto=compress&cs=tinysrgb&dpr=2&h=650&w=940> (referer: None)
2026-07-14 17:31:58 [scrapy.pipelines.files] DEBUG: File (downloaded): Downloaded file from <GET https://images.pexels.com/photos/34464846/pexels-photo-34464846.jpeg?auto=compress&cs=tinysrgb&dpr=2&h=650&w=940> referred in <None>
2026-07-14 17:31:58 [PIL.TiffImagePlugin] DEBUG: tag: Orientation (274) - type: short (3) - value: b'\x01\x00'
2026-07-14 17:31:58 [PIL.TiffImagePlugin] DEBUG: tag: XResolution (282) - type: rational (5) Tag Location: 34 - Data Location: 160 - value: b'H\x00\x00\x00\x01\x00\x00\x00'
2026-07-14 17:31:58 [PIL.TiffImagePlugin] DEBUG: tag: YResolution (283) - type: rational (5) Tag Location: 46 - Data Location: 168 - value: b'H\x00\x00\x00\x01\x00\x00\x00'
2026-07-14 17:31:58 [PIL.TiffImagePlugin] DEBUG: tag: ResolutionUnit (296) - type: short (3) - value: b'\x02\x00'
2026-07-14 17:31:58 [PIL.TiffImagePlugin] DEBUG: tag: Artist (315) - type: string (2) Tag Location: 70 - Data Location: 98 - value: b'MUAMMED ALI BEKIR\x00'
2026-07-14 17:31:58 [PIL.TiffImagePlugin] DEBUG: tag: Copyright (33432) - type: string (2) Tag Location: 82 - Data Location: 116 - value: <table: 43 bytes>
2026-07-14 17:31:58 [PIL.TiffImagePlugin] DEBUG: tag: ExifIFD (34665) - type: long (4) - value: b'\xb0\x00\x00\x00'
2026-07-14 17:31:58 [scrapy.core.scraper] DEBUG: Scraped from <200 https://api.pexels.com/v1/search?query=cat&per_page=80&page=1>
{'image_urls': ['https://images.pexels.com/photos/34464846/pexels-photo-34464846.jpeg?auto=compress&cs=tinysrgb&dpr=2&h=650&w=940'],
 'images': [{'checksum': '1455c0be68d2934b384637e3f1dab699',
             'path': 'cat/65850e2702fe673f38efe65753e92933f11e8a7c.jpg',
             'status': 'downloaded',
             'url': 'https://images.pexels.com/photos/34464846/pexels-photo-34464846.jpeg?auto=compress&cs=tinysrgb&dpr=2&h=650&w=940'}],
 'label': 'cat',
 'source_id': '34464846'}
2026-07-14 17:31:59 [scrapy.core.engine] DEBUG: Crawled (200) <GET https://images.pexels.com/photos/35620586/pexels-photo-35620586.jpeg?auto=compress&cs=tinysrgb&dpr=2&h=650&w=940> (referer: None)
2026-07-14 17:31:59 [scrapy.pipelines.files] DEBUG: File (downloaded): Downloaded file from <GET https://images.pexels.com/photos/35620586/pexels-photo-35620586.jpeg?auto=compress&cs=tinysrgb&dpr=2&h=650&w=940> referred in <None>
2026-07-14 17:31:59 [PIL.TiffImagePlugin] DEBUG: tag: Orientation (274) - type: short (3) - value: b'\x01\x00'
2026-07-14 17:31:59 [PIL.TiffImagePlugin] DEBUG: tag: XResolution (282) - type: rational (5) Tag Location: 34 - Data Location: 102 - value: b'H\x00\x00\x00\x01\x00\x00\x00'
2026-07-14 17:31:59 [PIL.TiffImagePlugin] DEBUG: tag: YResolution (283) - type: rational (5) Tag Location: 46 - Data Location: 110 - value: b'H\x00\x00\x00\x01\x00\x00\x00'
2026-07-14 17:31:59 [PIL.TiffImagePlugin] DEBUG: tag: ResolutionUnit (296) - type: short (3) - value: b'\x02\x00'
2026-07-14 17:31:59 [PIL.TiffImagePlugin] DEBUG: tag: Copyright (33432) - type: string (2) Tag Location: 70 - Data Location: 86 - value: b'\xc2\xa9 Liisbet Luup\x00'
2026-07-14 17:31:59 [PIL.TiffImagePlugin] DEBUG: tag: ExifIFD (34665) - type: long (4) - value: b'v\x00\x00\x00'
2026-07-14 17:31:59 [scrapy.core.scraper] DEBUG: Scraped from <200 https://api.pexels.com/v1/search?query=cat&per_page=80&page=1>
{'image_urls': ['https://images.pexels.com/photos/35620586/pexels-photo-35620586.jpeg?auto=compress&cs=tinysrgb&dpr=2&h=650&w=940'],
 'images': [{'checksum': '5e88313c5735c4c0588b6df71ad16c5f',
             'path': 'cat/531de5f5a130a6391215896a66e9bf46d96d92c4.jpg',
             'status': 'downloaded',
             'url': 'https://images.pexels.com/photos/35620586/pexels-photo-35620586.jpeg?auto=compress&cs=tinysrgb&dpr=2&h=650&w=940'}],
 'label': 'cat',
 'source_id': '35620586'}
2026-07-14 17:31:59 [scrapy.core.engine] DEBUG: Crawled (200) <GET https://images.pexels.com/photos/33212065/pexels-photo-33212065.jpeg?auto=compress&cs=tinysrgb&dpr=2&h=650&w=940> (referer: None)
2026-07-14 17:31:59 [scrapy.pipelines.files] DEBUG: File (downloaded): Downloaded file from <GET https://images.pexels.com/photos/33212065/pexels-photo-33212065.jpeg?auto=compress&cs=tinysrgb&dpr=2&h=650&w=940> referred in <None>
2026-07-14 17:31:59 [PIL.TiffImagePlugin] DEBUG: tag: Orientation (274) - type: short (3) - value: b'\x01\x00'
2026-07-14 17:31:59 [PIL.TiffImagePlugin] DEBUG: tag: XResolution (282) - type: rational (5) Tag Location: 34 - Data Location: 866 - value: b'H\x00\x00\x00\x01\x00\x00\x00'
2026-07-14 17:31:59 [PIL.TiffImagePlugin] DEBUG: tag: YResolution (283) - type: rational (5) Tag Location: 46 - Data Location: 874 - value: b'H\x00\x00\x00\x01\x00\x00\x00'
2026-07-14 17:31:59 [PIL.TiffImagePlugin] DEBUG: tag: ResolutionUnit (296) - type: short (3) - value: b'\x02\x00'
2026-07-14 17:31:59 [PIL.TiffImagePlugin] DEBUG: tag: Artist (315) - type: string (2) Tag Location: 70 - Data Location: 98 - value: <table: 256 bytes>
2026-07-14 17:31:59 [PIL.TiffImagePlugin] DEBUG: tag: Copyright (33432) - type: string (2) Tag Location: 82 - Data Location: 354 - value: <table: 512 bytes>
2026-07-14 17:31:59 [PIL.TiffImagePlugin] DEBUG: tag: ExifIFD (34665) - type: long (4) - value: b'r\x03\x00\x00'
2026-07-14 17:31:59 [scrapy.core.engine] DEBUG: Crawled (200) <GET https://images.pexels.com/photos/7516115/pexels-photo-7516115.jpeg?auto=compress&cs=tinysrgb&dpr=2&h=650&w=940> (referer: None)
2026-07-14 17:31:59 [scrapy.pipelines.files] DEBUG: File (downloaded): Downloaded file from <GET https://images.pexels.com/photos/7516115/pexels-photo-7516115.jpeg?auto=compress&cs=tinysrgb&dpr=2&h=650&w=940> referred in <None>
2026-07-14 17:31:59 [PIL.TiffImagePlugin] DEBUG: tag: Orientation (274) - type: short (3) - value: b'\x01\x00'
2026-07-14 17:31:59 [PIL.TiffImagePlugin] DEBUG: tag: XResolution (282) - type: rational (5) Tag Location: 34 - Data Location: 74 - value: b'H\x00\x00\x00\x01\x00\x00\x00'
2026-07-14 17:31:59 [PIL.TiffImagePlugin] DEBUG: tag: YResolution (283) - type: rational (5) Tag Location: 46 - Data Location: 82 - value: b'H\x00\x00\x00\x01\x00\x00\x00'
2026-07-14 17:31:59 [PIL.TiffImagePlugin] DEBUG: tag: ResolutionUnit (296) - type: short (3) - value: b'\x02\x00'
2026-07-14 17:31:59 [PIL.TiffImagePlugin] DEBUG: tag: ExifIFD (34665) - type: long (4) - value: b'Z\x00\x00\x00'
2026-07-14 17:31:59 [scrapy.core.scraper] DEBUG: Scraped from <200 https://api.pexels.com/v1/search?query=cat&per_page=80&page=1>
{'image_urls': ['https://images.pexels.com/photos/33212065/pexels-photo-33212065.jpeg?auto=compress&cs=tinysrgb&dpr=2&h=650&w=940'],
 'images': [{'checksum': '2c5edcd1e77258c61a2cf941166b6814',
             'path': 'cat/b611cb2fcbeea4f1a3eb8647ccca0058d27cfc4c.jpg',
             'status': 'downloaded',
             'url': 'https://images.pexels.com/photos/33212065/pexels-photo-33212065.jpeg?auto=compress&cs=tinysrgb&dpr=2&h=650&w=940'}],
 'label': 'cat',
 'source_id': '33212065'}
2026-07-14 17:31:59 [scrapy.core.scraper] DEBUG: Scraped from <200 https://api.pexels.com/v1/search?query=cat&per_page=80&page=1>
{'image_urls': ['https://images.pexels.com/photos/7516115/pexels-photo-7516115.jpeg?auto=compress&cs=tinysrgb&dpr=2&h=650&w=940'],
 'images': [{'checksum': '301c69a97e05989bc29df3be52b244d2',
             'path': 'cat/718495d73ed3cd6a0dcaf6228564ca5516225f0b.jpg',
             'status': 'downloaded',
             'url': 'https://images.pexels.com/photos/7516115/pexels-photo-7516115.jpeg?auto=compress&cs=tinysrgb&dpr=2&h=650&w=940'}],
 'label': 'cat',
 'source_id': '7516115'}
2026-07-14 17:31:59 [scrapy.core.engine] DEBUG: Crawled (200) <GET https://images.pexels.com/photos/28824163/pexels-photo-28824163.jpeg?auto=compress&cs=tinysrgb&dpr=2&h=650&w=940> (referer: None)
2026-07-14 17:31:59 [scrapy.pipelines.files] DEBUG: File (downloaded): Downloaded file from <GET https://images.pexels.com/photos/28824163/pexels-photo-28824163.jpeg?auto=compress&cs=tinysrgb&dpr=2&h=650&w=940> referred in <None>
2026-07-14 17:31:59 [PIL.TiffImagePlugin] DEBUG: tag: Orientation (274) - type: short (3) - value: b'\x01\x00'
2026-07-14 17:31:59 [PIL.TiffImagePlugin] DEBUG: tag: XResolution (282) - type: rational (5) Tag Location: 34 - Data Location: 74 - value: b'H\x00\x00\x00\x01\x00\x00\x00'
2026-07-14 17:31:59 [PIL.TiffImagePlugin] DEBUG: tag: YResolution (283) - type: rational (5) Tag Location: 46 - Data Location: 82 - value: b'H\x00\x00\x00\x01\x00\x00\x00'
2026-07-14 17:31:59 [PIL.TiffImagePlugin] DEBUG: tag: ResolutionUnit (296) - type: short (3) - value: b'\x02\x00'
2026-07-14 17:31:59 [PIL.TiffImagePlugin] DEBUG: tag: ExifIFD (34665) - type: long (4) - value: b'Z\x00\x00\x00'
2026-07-14 17:32:00 [scrapy.core.scraper] DEBUG: Scraped from <200 https://api.pexels.com/v1/search?query=cat&per_page=80&page=1>
{'image_urls': ['https://images.pexels.com/photos/28824163/pexels-photo-28824163.jpeg?auto=compress&cs=tinysrgb&dpr=2&h=650&w=940'],
 'images': [{'checksum': 'ed4e56336d02d90a086625902b39811e',
             'path': 'cat/0fc7cd1852cd6976b2d56f304e312d423a6be46f.jpg',
             'status': 'downloaded',
             'url': 'https://images.pexels.com/photos/28824163/pexels-photo-28824163.jpeg?auto=compress&cs=tinysrgb&dpr=2&h=650&w=940'}],
 'label': 'cat',
 'source_id': '28824163'}
2026-07-14 17:32:00 [scrapy.core.engine] DEBUG: Crawled (200) <GET https://images.pexels.com/photos/33585491/pexels-photo-33585491.jpeg?auto=compress&cs=tinysrgb&dpr=2&h=650&w=940> (referer: None)
2026-07-14 17:32:00 [scrapy.pipelines.files] DEBUG: File (downloaded): Downloaded file from <GET https://images.pexels.com/photos/33585491/pexels-photo-33585491.jpeg?auto=compress&cs=tinysrgb&dpr=2&h=650&w=940> referred in <None>
2026-07-14 17:32:00 [PIL.TiffImagePlugin] DEBUG: tag: Orientation (274) - type: short (3) - value: b'\x01\x00'
2026-07-14 17:32:00 [PIL.TiffImagePlugin] DEBUG: tag: XResolution (282) - type: rational (5) Tag Location: 34 - Data Location: 192 - value: b'H\x00\x00\x00\x01\x00\x00\x00'
2026-07-14 17:32:00 [PIL.TiffImagePlugin] DEBUG: tag: YResolution (283) - type: rational (5) Tag Location: 46 - Data Location: 200 - value: b'H\x00\x00\x00\x01\x00\x00\x00'
2026-07-14 17:32:00 [PIL.TiffImagePlugin] DEBUG: tag: ResolutionUnit (296) - type: short (3) - value: b'\x02\x00'
2026-07-14 17:32:00 [PIL.TiffImagePlugin] DEBUG: tag: Artist (315) - type: string (2) Tag Location: 70 - Data Location: 98 - value: <table: 37 bytes>
2026-07-14 17:32:00 [PIL.TiffImagePlugin] DEBUG: tag: Copyright (33432) - type: string (2) Tag Location: 82 - Data Location: 136 - value: <table: 55 bytes>
2026-07-14 17:32:00 [PIL.TiffImagePlugin] DEBUG: tag: ExifIFD (34665) - type: long (4) - value: b'\xd0\x00\x00\x00'
2026-07-14 17:32:00 [scrapy.core.scraper] DEBUG: Scraped from <200 https://api.pexels.com/v1/search?query=cat&per_page=80&page=1>
{'image_urls': ['https://images.pexels.com/photos/33585491/pexels-photo-33585491.jpeg?auto=compress&cs=tinysrgb&dpr=2&h=650&w=940'],
 'images': [{'checksum': '354f20ea66ffaf5a32edda70f0a3f1e5',
             'path': 'cat/0cd027f81da9f15ae7d033731e2f209a6dbc52da.jpg',
             'status': 'downloaded',
             'url': 'https://images.pexels.com/photos/33585491/pexels-photo-33585491.jpeg?auto=compress&cs=tinysrgb&dpr=2&h=650&w=940'}],
 'label': 'cat',
 'source_id': '33585491'}
2026-07-14 17:32:00 [scrapy.core.engine] DEBUG: Crawled (200) <GET https://images.pexels.com/photos/6897077/pexels-photo-6897077.jpeg?auto=compress&cs=tinysrgb&dpr=2&h=650&w=940> (referer: None)
2026-07-14 17:32:00 [scrapy.pipelines.files] DEBUG: File (downloaded): Downloaded file from <GET https://images.pexels.com/photos/6897077/pexels-photo-6897077.jpeg?auto=compress&cs=tinysrgb&dpr=2&h=650&w=940> referred in <None>
2026-07-14 17:32:00 [PIL.TiffImagePlugin] DEBUG: tag: Orientation (274) - type: short (3) - value: b'\x00\x01'
2026-07-14 17:32:00 [PIL.TiffImagePlugin] DEBUG: tag: XResolution (282) - type: rational (5) Tag Location: 34 - Data Location: 74 - value: b'\x00\x00\x00H\x00\x00\x00\x01'
2026-07-14 17:32:00 [PIL.TiffImagePlugin] DEBUG: tag: YResolution (283) - type: rational (5) Tag Location: 46 - Data Location: 82 - value: b'\x00\x00\x00H\x00\x00\x00\x01'
2026-07-14 17:32:00 [PIL.TiffImagePlugin] DEBUG: tag: ResolutionUnit (296) - type: short (3) - value: b'\x00\x02'
2026-07-14 17:32:00 [PIL.TiffImagePlugin] DEBUG: tag: ExifIFD (34665) - type: long (4) - value: b'\x00\x00\x00Z'
2026-07-14 17:32:00 [scrapy.core.scraper] DEBUG: Scraped from <200 https://api.pexels.com/v1/search?query=cat&per_page=80&page=1>
{'image_urls': ['https://images.pexels.com/photos/6897077/pexels-photo-6897077.jpeg?auto=compress&cs=tinysrgb&dpr=2&h=650&w=940'],
 'images': [{'checksum': 'd6ea56f988f30b5be094687f3bc6a967',
             'path': 'cat/c02c14974c08a6468cc9d58748591f790669861a.jpg',
             'status': 'downloaded',
             'url': 'https://images.pexels.com/photos/6897077/pexels-photo-6897077.jpeg?auto=compress&cs=tinysrgb&dpr=2&h=650&w=940'}],
 'label': 'cat',
 'source_id': '6897077'}
2026-07-14 17:32:00 [scrapy.core.engine] DEBUG: Crawled (200) <GET https://images.pexels.com/photos/16222025/pexels-photo-16222025.jpeg?auto=compress&cs=tinysrgb&dpr=2&h=650&w=940> (referer: None)
2026-07-14 17:32:00 [scrapy.pipelines.files] DEBUG: File (downloaded): Downloaded file from <GET https://images.pexels.com/photos/16222025/pexels-photo-16222025.jpeg?auto=compress&cs=tinysrgb&dpr=2&h=650&w=940> referred in <None>
2026-07-14 17:32:00 [PIL.TiffImagePlugin] DEBUG: tag: Orientation (274) - type: short (3) - value: b'\x01\x00'
2026-07-14 17:32:00 [PIL.TiffImagePlugin] DEBUG: tag: XResolution (282) - type: rational (5) Tag Location: 34 - Data Location: 130 - value: b'H\x00\x00\x00\x01\x00\x00\x00'
2026-07-14 17:32:00 [PIL.TiffImagePlugin] DEBUG: tag: YResolution (283) - type: rational (5) Tag Location: 46 - Data Location: 138 - value: b'H\x00\x00\x00\x01\x00\x00\x00'
2026-07-14 17:32:00 [PIL.TiffImagePlugin] DEBUG: tag: ResolutionUnit (296) - type: short (3) - value: b'\x02\x00'
2026-07-14 17:32:00 [PIL.TiffImagePlugin] DEBUG: tag: Artist (315) - type: string (2) Tag Location: 70 - Data Location: 98 - value: b'LE QUANG NHAT\x00'
2026-07-14 17:32:00 [PIL.TiffImagePlugin] DEBUG: tag: Copyright (33432) - type: string (2) Tag Location: 82 - Data Location: 112 - value: b'(c)Le Quang Nhat\x00'
2026-07-14 17:32:00 [PIL.TiffImagePlugin] DEBUG: tag: ExifIFD (34665) - type: long (4) - value: b'\x92\x00\x00\x00'
2026-07-14 17:32:01 [scrapy.core.scraper] DEBUG: Scraped from <200 https://api.pexels.com/v1/search?query=cat&per_page=80&page=1>
{'image_urls': ['https://images.pexels.com/photos/16222025/pexels-photo-16222025.jpeg?auto=compress&cs=tinysrgb&dpr=2&h=650&w=940'],
 'images': [{'checksum': '9a8b09a334ef97c066da84eb24dbed49',
             'path': 'cat/e2c5ae6e4ae1a98be0b272cfc234d556be341015.jpg',
             'status': 'downloaded',
             'url': 'https://images.pexels.com/photos/16222025/pexels-photo-16222025.jpeg?auto=compress&cs=tinysrgb&dpr=2&h=650&w=940'}],
 'label': 'cat',
 'source_id': '16222025'}
2026-07-14 17:32:01 [scrapy.core.engine] DEBUG: Crawled (200) <GET https://images.pexels.com/photos/15265098/pexels-photo-15265098.jpeg?auto=compress&cs=tinysrgb&dpr=2&h=650&w=940> (referer: None)
2026-07-14 17:32:01 [scrapy.pipelines.files] DEBUG: File (downloaded): Downloaded file from <GET https://images.pexels.com/photos/15265098/pexels-photo-15265098.jpeg?auto=compress&cs=tinysrgb&dpr=2&h=650&w=940> referred in <None>
2026-07-14 17:32:01 [PIL.TiffImagePlugin] DEBUG: tag: Orientation (274) - type: short (3) - value: b'\x01\x00'
2026-07-14 17:32:01 [PIL.TiffImagePlugin] DEBUG: tag: XResolution (282) - type: rational (5) Tag Location: 34 - Data Location: 74 - value: b'H\x00\x00\x00\x01\x00\x00\x00'
2026-07-14 17:32:01 [PIL.TiffImagePlugin] DEBUG: tag: YResolution (283) - type: rational (5) Tag Location: 46 - Data Location: 82 - value: b'H\x00\x00\x00\x01\x00\x00\x00'
2026-07-14 17:32:01 [PIL.TiffImagePlugin] DEBUG: tag: ResolutionUnit (296) - type: short (3) - value: b'\x02\x00'
2026-07-14 17:32:01 [PIL.TiffImagePlugin] DEBUG: tag: ExifIFD (34665) - type: long (4) - value: b'Z\x00\x00\x00'
2026-07-14 17:32:01 [scrapy.core.scraper] DEBUG: Scraped from <200 https://api.pexels.com/v1/search?query=cat&per_page=80&page=1>
{'image_urls': ['https://images.pexels.com/photos/15265098/pexels-photo-15265098.jpeg?auto=compress&cs=tinysrgb&dpr=2&h=650&w=940'],
 'images': [{'checksum': '0cc5b1f8e79a9f684525efa03f2065cf',
             'path': 'cat/ee9c15815f2db05b6f2615fc6c7d49c5bb6c45fa.jpg',
             'status': 'downloaded',
             'url': 'https://images.pexels.com/photos/15265098/pexels-photo-15265098.jpeg?auto=compress&cs=tinysrgb&dpr=2&h=650&w=940'}],
 'label': 'cat',
 'source_id': '15265098'}
2026-07-14 17:32:01 [scrapy.core.engine] DEBUG: Crawled (200) <GET https://images.pexels.com/photos/30818957/pexels-photo-30818957.jpeg?auto=compress&cs=tinysrgb&dpr=2&h=650&w=940> (referer: None)
2026-07-14 17:32:01 [scrapy.pipelines.files] DEBUG: File (downloaded): Downloaded file from <GET https://images.pexels.com/photos/30818957/pexels-photo-30818957.jpeg?auto=compress&cs=tinysrgb&dpr=2&h=650&w=940> referred in <None>
2026-07-14 17:32:01 [PIL.TiffImagePlugin] DEBUG: tag: Orientation (274) - type: short (3) - value: b'\x01\x00'
2026-07-14 17:32:01 [PIL.TiffImagePlugin] DEBUG: tag: XResolution (282) - type: rational (5) Tag Location: 34 - Data Location: 74 - value: b'H\x00\x00\x00\x01\x00\x00\x00'
2026-07-14 17:32:01 [PIL.TiffImagePlugin] DEBUG: tag: YResolution (283) - type: rational (5) Tag Location: 46 - Data Location: 82 - value: b'H\x00\x00\x00\x01\x00\x00\x00'
2026-07-14 17:32:01 [PIL.TiffImagePlugin] DEBUG: tag: ResolutionUnit (296) - type: short (3) - value: b'\x02\x00'
2026-07-14 17:32:01 [PIL.TiffImagePlugin] DEBUG: tag: ExifIFD (34665) - type: long (4) - value: b'Z\x00\x00\x00'
2026-07-14 17:32:01 [scrapy.core.scraper] DEBUG: Scraped from <200 https://api.pexels.com/v1/search?query=cat&per_page=80&page=1>
{'image_urls': ['https://images.pexels.com/photos/30818957/pexels-photo-30818957.jpeg?auto=compress&cs=tinysrgb&dpr=2&h=650&w=940'],
 'images': [{'checksum': '5bd7ca142c003999ab8232a781269715',
             'path': 'cat/2c32b63a7c4b3cc1dbe5c13c7053bb2d7152bc42.jpg',
             'status': 'downloaded',
             'url': 'https://images.pexels.com/photos/30818957/pexels-photo-30818957.jpeg?auto=compress&cs=tinysrgb&dpr=2&h=650&w=940'}],
 'label': 'cat',
 'source_id': '30818957'}
2026-07-14 17:32:01 [scrapy.core.engine] DEBUG: Crawled (200) <GET https://images.pexels.com/photos/11445088/pexels-photo-11445088.jpeg?auto=compress&cs=tinysrgb&dpr=2&h=650&w=940> (referer: None)
2026-07-14 17:32:01 [scrapy.pipelines.files] DEBUG: File (downloaded): Downloaded file from <GET https://images.pexels.com/photos/11445088/pexels-photo-11445088.jpeg?auto=compress&cs=tinysrgb&dpr=2&h=650&w=940> referred in <None>
2026-07-14 17:32:01 [PIL.TiffImagePlugin] DEBUG: tag: Orientation (274) - type: short (3) - value: b'\x01\x00'
2026-07-14 17:32:01 [PIL.TiffImagePlugin] DEBUG: tag: XResolution (282) - type: rational (5) Tag Location: 34 - Data Location: 74 - value: b'H\x00\x00\x00\x01\x00\x00\x00'
2026-07-14 17:32:01 [PIL.TiffImagePlugin] DEBUG: tag: YResolution (283) - type: rational (5) Tag Location: 46 - Data Location: 82 - value: b'H\x00\x00\x00\x01\x00\x00\x00'
2026-07-14 17:32:01 [PIL.TiffImagePlugin] DEBUG: tag: ResolutionUnit (296) - type: short (3) - value: b'\x02\x00'
2026-07-14 17:32:01 [PIL.TiffImagePlugin] DEBUG: tag: ExifIFD (34665) - type: long (4) - value: b'Z\x00\x00\x00'
2026-07-14 17:32:01 [scrapy.core.scraper] DEBUG: Scraped from <200 https://api.pexels.com/v1/search?query=cat&per_page=80&page=1>
{'image_urls': ['https://images.pexels.com/photos/11445088/pexels-photo-11445088.jpeg?auto=compress&cs=tinysrgb&dpr=2&h=650&w=940'],
 'images': [{'checksum': '1162811083aa8b1d5c08019c30791f6c',
             'path': 'cat/d56ba55a0ecc2202bb39c0af23d149a631f4aef8.jpg',
             'status': 'downloaded',
             'url': 'https://images.pexels.com/photos/11445088/pexels-photo-11445088.jpeg?auto=compress&cs=tinysrgb&dpr=2&h=650&w=940'}],
 'label': 'cat',
 'source_id': '11445088'}
2026-07-14 17:32:02 [scrapy.core.engine] DEBUG: Crawled (200) <GET https://images.pexels.com/photos/12544638/pexels-photo-12544638.png?auto=compress&cs=tinysrgb&dpr=2&h=650&w=940> (referer: None)
2026-07-14 17:32:02 [scrapy.pipelines.files] DEBUG: File (downloaded): Downloaded file from <GET https://images.pexels.com/photos/12544638/pexels-photo-12544638.png?auto=compress&cs=tinysrgb&dpr=2&h=650&w=940> referred in <None>
2026-07-14 17:32:02 [PIL.PngImagePlugin] DEBUG: STREAM b'IHDR' 16 13
2026-07-14 17:32:02 [PIL.PngImagePlugin] DEBUG: STREAM b'eXIf' 41 180
2026-07-14 17:32:02 [PIL.PngImagePlugin] DEBUG: STREAM b'pHYs' 233 9
2026-07-14 17:32:02 [PIL.PngImagePlugin] DEBUG: STREAM b'zTXt' 254 285
2026-07-14 17:32:02 [PIL.PngImagePlugin] DEBUG: STREAM b'IDAT' 551 8192
2026-07-14 17:32:02 [PIL.TiffImagePlugin] DEBUG: tag: Orientation (274) - type: short (3) - value: b'\x01\x00'
2026-07-14 17:32:02 [PIL.TiffImagePlugin] DEBUG: tag: XResolution (282) - type: rational (5) Tag Location: 34 - Data Location: 86 - value: b'H\x00\x00\x00\x01\x00\x00\x00'
2026-07-14 17:32:02 [PIL.TiffImagePlugin] DEBUG: tag: YResolution (283) - type: rational (5) Tag Location: 46 - Data Location: 94 - value: b'H\x00\x00\x00\x01\x00\x00\x00'
2026-07-14 17:32:02 [PIL.TiffImagePlugin] DEBUG: tag: ResolutionUnit (296) - type: short (3) - value: b'\x02\x00'
2026-07-14 17:32:02 [PIL.TiffImagePlugin] DEBUG: tag: YCbCrPositioning (531) - type: short (3) - value: b'\x01\x00'
2026-07-14 17:32:02 [PIL.TiffImagePlugin] DEBUG: tag: ExifIFD (34665) - type: long (4) - value: b'f\x00\x00\x00'
2026-07-14 17:32:02 [scrapy.core.engine] DEBUG: Crawled (200) <GET https://images.pexels.com/photos/866496/pexels-photo-866496.jpeg?auto=compress&cs=tinysrgb&dpr=2&h=650&w=940> (referer: None)
2026-07-14 17:32:02 [scrapy.pipelines.files] DEBUG: File (downloaded): Downloaded file from <GET https://images.pexels.com/photos/866496/pexels-photo-866496.jpeg?auto=compress&cs=tinysrgb&dpr=2&h=650&w=940> referred in <None>
2026-07-14 17:32:02 [PIL.TiffImagePlugin] DEBUG: tag: Orientation (274) - type: short (3) - value: b'\x01\x00'
2026-07-14 17:32:02 [PIL.TiffImagePlugin] DEBUG: tag: XResolution (282) - type: rational (5) Tag Location: 34 - Data Location: 74 - value: b'H\x00\x00\x00\x01\x00\x00\x00'
2026-07-14 17:32:02 [PIL.TiffImagePlugin] DEBUG: tag: YResolution (283) - type: rational (5) Tag Location: 46 - Data Location: 82 - value: b'H\x00\x00\x00\x01\x00\x00\x00'
2026-07-14 17:32:02 [PIL.TiffImagePlugin] DEBUG: tag: ResolutionUnit (296) - type: short (3) - value: b'\x02\x00'
2026-07-14 17:32:02 [PIL.TiffImagePlugin] DEBUG: tag: ExifIFD (34665) - type: long (4) - value: b'Z\x00\x00\x00'
2026-07-14 17:32:02 [scrapy.core.scraper] DEBUG: Scraped from <200 https://api.pexels.com/v1/search?query=cat&per_page=80&page=1>
{'image_urls': ['https://images.pexels.com/photos/12544638/pexels-photo-12544638.png?auto=compress&cs=tinysrgb&dpr=2&h=650&w=940'],
 'images': [{'checksum': '8cad55f9a765a5a9dc88d53d5cdd2146',
             'path': 'cat/853675a46dc30ce2dd0330ddefa9c7fd07e77413.jpg',
             'status': 'downloaded',
             'url': 'https://images.pexels.com/photos/12544638/pexels-photo-12544638.png?auto=compress&cs=tinysrgb&dpr=2&h=650&w=940'}],
 'label': 'cat',
 'source_id': '12544638'}
2026-07-14 17:32:02 [scrapy.core.scraper] DEBUG: Scraped from <200 https://api.pexels.com/v1/search?query=cat&per_page=80&page=1>
{'image_urls': ['https://images.pexels.com/photos/866496/pexels-photo-866496.jpeg?auto=compress&cs=tinysrgb&dpr=2&h=650&w=940'],
 'images': [{'checksum': '2d5bab6f67513d34f0af43f6e6c9f247',
             'path': 'cat/c70696a6593096b3f5662707e33ce0d365ad45a4.jpg',
             'status': 'downloaded',
             'url': 'https://images.pexels.com/photos/866496/pexels-photo-866496.jpeg?auto=compress&cs=tinysrgb&dpr=2&h=650&w=940'}],
 'label': 'cat',
 'source_id': '866496'}
2026-07-14 17:32:02 [scrapy.core.engine] DEBUG: Crawled (200) <GET https://images.pexels.com/photos/10254185/pexels-photo-10254185.jpeg?auto=compress&cs=tinysrgb&dpr=2&h=650&w=940> (referer: None)
2026-07-14 17:32:02 [scrapy.pipelines.files] DEBUG: File (downloaded): Downloaded file from <GET https://images.pexels.com/photos/10254185/pexels-photo-10254185.jpeg?auto=compress&cs=tinysrgb&dpr=2&h=650&w=940> referred in <None>
2026-07-14 17:32:02 [PIL.TiffImagePlugin] DEBUG: tag: Orientation (274) - type: short (3) - value: b'\x01\x00'
2026-07-14 17:32:02 [PIL.TiffImagePlugin] DEBUG: tag: XResolution (282) - type: rational (5) Tag Location: 34 - Data Location: 74 - value: b'H\x00\x00\x00\x01\x00\x00\x00'
2026-07-14 17:32:02 [PIL.TiffImagePlugin] DEBUG: tag: YResolution (283) - type: rational (5) Tag Location: 46 - Data Location: 82 - value: b'H\x00\x00\x00\x01\x00\x00\x00'
2026-07-14 17:32:02 [PIL.TiffImagePlugin] DEBUG: tag: ResolutionUnit (296) - type: short (3) - value: b'\x02\x00'
2026-07-14 17:32:02 [PIL.TiffImagePlugin] DEBUG: tag: ExifIFD (34665) - type: long (4) - value: b'Z\x00\x00\x00'
2026-07-14 17:32:03 [scrapy.core.scraper] DEBUG: Scraped from <200 https://api.pexels.com/v1/search?query=cat&per_page=80&page=1>
{'image_urls': ['https://images.pexels.com/photos/10254185/pexels-photo-10254185.jpeg?auto=compress&cs=tinysrgb&dpr=2&h=650&w=940'],
 'images': [{'checksum': '8fec9e1b23e999f0d4a865e03b1a12cb',
             'path': 'cat/dd9729ef17f7010c76bbf066cc47f72742f207bb.jpg',
             'status': 'downloaded',
             'url': 'https://images.pexels.com/photos/10254185/pexels-photo-10254185.jpeg?auto=compress&cs=tinysrgb&dpr=2&h=650&w=940'}],
 'label': 'cat',
 'source_id': '10254185'}
2026-07-14 17:32:03 [scrapy.crawler] INFO: Received SIGINT, shutting down gracefully. Send again to force 
2026-07-14 17:32:03 [scrapy.core.engine] INFO: Closing spider (shutdown)
2026-07-14 17:32:03 [scrapy.core.engine] DEBUG: Crawled (200) <GET https://images.pexels.com/photos/14178389/pexels-photo-14178389.jpeg?auto=compress&cs=tinysrgb&dpr=2&h=650&w=940> (referer: None)
2026-07-14 17:32:03 [scrapy.pipelines.files] DEBUG: File (downloaded): Downloaded file from <GET https://images.pexels.com/photos/14178389/pexels-photo-14178389.jpeg?auto=compress&cs=tinysrgb&dpr=2&h=650&w=940> referred in <None>
2026-07-14 17:32:03 [PIL.TiffImagePlugin] DEBUG: tag: Orientation (274) - type: short (3) - value: b'\x01\x00'
2026-07-14 17:32:03 [PIL.TiffImagePlugin] DEBUG: tag: XResolution (282) - type: rational (5) Tag Location: 34 - Data Location: 74 - value: b'H\x00\x00\x00\x01\x00\x00\x00'
2026-07-14 17:32:03 [PIL.TiffImagePlugin] DEBUG: tag: YResolution (283) - type: rational (5) Tag Location: 46 - Data Location: 82 - value: b'H\x00\x00\x00\x01\x00\x00\x00'
2026-07-14 17:32:03 [PIL.TiffImagePlugin] DEBUG: tag: ResolutionUnit (296) - type: short (3) - value: b'\x02\x00'
2026-07-14 17:32:03 [PIL.TiffImagePlugin] DEBUG: tag: ExifIFD (34665) - type: long (4) - value: b'Z\x00\x00\x00'
2026-07-14 17:32:03 [scrapy.core.scraper] DEBUG: Scraped from <200 https://api.pexels.com/v1/search?query=cat&per_page=80&page=1>
{'image_urls': ['https://images.pexels.com/photos/14178389/pexels-photo-14178389.jpeg?auto=compress&cs=tinysrgb&dpr=2&h=650&w=940'],
 'images': [{'checksum': 'ed4fd91ffd5393ad2e8e76f0a734205d',
             'path': 'cat/732640297abca1a1c03c83cfe05f30e7a3d0d260.jpg',
             'status': 'downloaded',
             'url': 'https://images.pexels.com/photos/14178389/pexels-photo-14178389.jpeg?auto=compress&cs=tinysrgb&dpr=2&h=650&w=940'}],
 'label': 'cat',
 'source_id': '14178389'}
2026-07-14 17:32:03 [scrapy.core.engine] DEBUG: Crawled (200) <GET https://images.pexels.com/photos/37973521/pexels-photo-37973521.jpeg?auto=compress&cs=tinysrgb&dpr=2&h=650&w=940> (referer: None)
2026-07-14 17:32:03 [scrapy.pipelines.files] DEBUG: File (downloaded): Downloaded file from <GET https://images.pexels.com/photos/37973521/pexels-photo-37973521.jpeg?auto=compress&cs=tinysrgb&dpr=2&h=650&w=940> referred in <None>
2026-07-14 17:32:03 [PIL.TiffImagePlugin] DEBUG: tag: Orientation (274) - type: short (3) - value: b'\x01\x00'
2026-07-14 17:32:03 [PIL.TiffImagePlugin] DEBUG: tag: XResolution (282) - type: rational (5) Tag Location: 34 - Data Location: 74 - value: b'H\x00\x00\x00\x01\x00\x00\x00'
2026-07-14 17:32:03 [PIL.TiffImagePlugin] DEBUG: tag: YResolution (283) - type: rational (5) Tag Location: 46 - Data Location: 82 - value: b'H\x00\x00\x00\x01\x00\x00\x00'
2026-07-14 17:32:03 [PIL.TiffImagePlugin] DEBUG: tag: ResolutionUnit (296) - type: short (3) - value: b'\x02\x00'
2026-07-14 17:32:03 [PIL.TiffImagePlugin] DEBUG: tag: ExifIFD (34665) - type: long (4) - value: b'Z\x00\x00\x00'
2026-07-14 17:32:03 [scrapy.crawler] INFO: Received SIGINT twice, forcing unclean shutdown
2026-07-14 17:32:03 [scrapy.core.scraper] DEBUG: Scraped from <200 https://api.pexels.com/v1/search?query=cat&per_page=80&page=1>
{'image_urls': ['https://images.pexels.com/photos/37973521/pexels-photo-37973521.jpeg?auto=compress&cs=tinysrgb&dpr=2&h=650&w=940'],
 'images': [{'checksum': '576547295acafc8c48c8f5c824d4a127',
             'path': 'cat/67f17fa2c4ad363dba5782329c1eb1d8f33185f8.jpg',
             'status': 'downloaded',
             'url': 'https://images.pexels.com/photos/37973521/pexels-photo-37973521.jpeg?auto=compress&cs=tinysrgb&dpr=2&h=650&w=940'}],
 'label': 'cat',
 'source_id': '37973521'}
2026-07-14 17:33:12 [scrapy.utils.log] INFO: Scrapy 2.17.0 started (bot: duck_or_cat_scraper)
2026-07-14 17:33:12 [scrapy.utils.log] INFO: Versions:
{'lxml': '6.1.1',
 'libxml2': '2.11.9',
 'cssselect': '1.4.0',
 'parsel': '1.11.0',
 'w3lib': '2.4.1',
 'Twisted': '26.4.0',
 'Python': '3.12.0 (tags/v3.12.0:0fb18b0, Oct  2 2023, 13:03:39) [MSC v.1935 '
           '64 bit (AMD64)]',
 'pyOpenSSL': '26.3.0 (OpenSSL 4.0.1 9 Jun 2026)',
 'cryptography': '49.0.0',
 'Platform': 'Windows-11-10.0.26200-SP0'}
2026-07-14 17:33:12 [scrapy.crawler] DEBUG: Using AsyncCrawlerProcess
2026-07-14 17:33:12 [asyncio] DEBUG: Using selector: SelectSelector
2026-07-14 17:33:12 [scrapy.addons] INFO: Enabled addons:
[]
2026-07-14 17:33:12 [scrapy.utils.log] DEBUG: Using reactor: twisted.internet.asyncioreactor.AsyncioSelectorReactor
2026-07-14 17:33:12 [scrapy.utils.log] DEBUG: Using asyncio event loop: asyncio.windows_events._WindowsSelectorEventLoop
2026-07-14 17:33:12 [scrapy.extensions.telnet] INFO: Telnet Password: 8e6a8c1c04a6d67f
2026-07-14 17:33:12 [scrapy.middleware] INFO: Enabled extensions:
['scrapy.extensions.corestats.CoreStats',
 'scrapy.extensions.logcount.LogCount',
 'scrapy.extensions.telnet.TelnetConsole',
 'scrapy.extensions.logstats.LogStats']
2026-07-14 17:33:12 [scrapy.crawler] INFO: Overridden settings:
{'BOT_NAME': 'duck_or_cat_scraper',
 'CONCURRENT_REQUESTS': 8,
 'DOWNLOAD_DELAY': 0.25,
 'FEED_EXPORT_ENCODING': 'utf-8',
 'IMAGES_STORE': 'C:\\Dev\\duck-or-cat\\scraper\\duck_or_cat_scraper\\..\\..\\data\\raw',
 'LOG_FILE': 'scrapy.log',
 'LOG_LEVEL': 10,
 'NEWSPIDER_MODULE': 'duck_or_cat_scraper.spiders',
 'SPIDER_MODULES': ['duck_or_cat_scraper.spiders']}
2026-07-14 17:33:12 [scrapy.middleware] INFO: Enabled downloader middlewares:
['scrapy.downloadermiddlewares.offsite.OffsiteMiddleware',
 'scrapy.downloadermiddlewares.httpauth.HttpAuthMiddleware',
 'scrapy.downloadermiddlewares.downloadtimeout.DownloadTimeoutMiddleware',
 'scrapy.downloadermiddlewares.defaultheaders.DefaultHeadersMiddleware',
 'scrapy.downloadermiddlewares.useragent.UserAgentMiddleware',
 'scrapy.downloadermiddlewares.retry.RetryMiddleware',
 'scrapy.downloadermiddlewares.redirect.MetaRefreshMiddleware',
 'scrapy.downloadermiddlewares.httpcompression.HttpCompressionMiddleware',
 'scrapy.downloadermiddlewares.redirect.RedirectMiddleware',
 'scrapy.downloadermiddlewares.cookies.CookiesMiddleware',
 'scrapy.downloadermiddlewares.httpproxy.HttpProxyMiddleware',
 'scrapy.downloadermiddlewares.stats.DownloaderStats']
2026-07-14 17:33:12 [scrapy.middleware] INFO: Enabled spider middlewares:
['scrapy.spidermiddlewares.start.StartSpiderMiddleware',
 'scrapy.spidermiddlewares.httperror.HttpErrorMiddleware',
 'scrapy.spidermiddlewares.referer.RefererMiddleware',
 'scrapy.spidermiddlewares.urllength.UrlLengthMiddleware',
 'scrapy.spidermiddlewares.depth.DepthMiddleware']
2026-07-14 17:33:12 [scrapy.middleware] INFO: Enabled item pipelines:
['duck_or_cat_scraper.pipelines.DuckOrCatImagesPipeline']
2026-07-14 17:33:12 [scrapy.core.engine] INFO: Spider opened
2026-07-14 17:33:12 [scrapy.extensions.logstats] INFO: Crawled 0 pages (at 0 pages/min), scraped 0 items (at 0 items/min)
2026-07-14 17:33:12 [scrapy.extensions.telnet] INFO: Telnet console listening on 127.0.0.1:6023
2026-07-14 17:33:12 [scrapy.core.engine] DEBUG: Crawled (200) <GET https://api.pexels.com/v1/search?query=cat&per_page=80&page=1> (referer: None)
2026-07-14 17:33:13 [scrapy.core.engine] DEBUG: Crawled (200) <GET https://api.pexels.com/v1/search?query=duck&per_page=80&page=1> (referer: None)
2026-07-14 17:33:13 [scrapy.core.engine] DEBUG: Crawled (200) <GET https://images.pexels.com/photos/19511759/pexels-photo-19511759.jpeg?auto=compress&cs=tinysrgb&dpr=2&h=650&w=940> (referer: None)
2026-07-14 17:33:13 [scrapy.pipelines.files] DEBUG: File (downloaded): Downloaded file from <GET https://images.pexels.com/photos/19511759/pexels-photo-19511759.jpeg?auto=compress&cs=tinysrgb&dpr=2&h=650&w=940> referred in <None>
2026-07-14 17:33:13 [PIL.TiffImagePlugin] DEBUG: tag: Orientation (274) - type: short (3) - value: b'\x01\x00'
2026-07-14 17:33:13 [PIL.TiffImagePlugin] DEBUG: tag: XResolution (282) - type: rational (5) Tag Location: 34 - Data Location: 74 - value: b'H\x00\x00\x00\x01\x00\x00\x00'
2026-07-14 17:33:13 [PIL.TiffImagePlugin] DEBUG: tag: YResolution (283) - type: rational (5) Tag Location: 46 - Data Location: 82 - value: b'H\x00\x00\x00\x01\x00\x00\x00'
2026-07-14 17:33:13 [PIL.TiffImagePlugin] DEBUG: tag: ResolutionUnit (296) - type: short (3) - value: b'\x02\x00'
2026-07-14 17:33:13 [PIL.TiffImagePlugin] DEBUG: tag: ExifIFD (34665) - type: long (4) - value: b'Z\x00\x00\x00'
2026-07-14 17:33:13 [scrapy.core.scraper] DEBUG: Scraped from <200 https://api.pexels.com/v1/search?query=cat&per_page=80&page=1>
{'image_urls': ['https://images.pexels.com/photos/19511759/pexels-photo-19511759.jpeg?auto=compress&cs=tinysrgb&dpr=2&h=650&w=940'],
 'images': [{'checksum': 'fc712f1d4bd8005c6cf3d32fb9f79c66',
             'path': 'cat/f151497430ba2b7b24610e9dce46bc0df5cecf5a.jpg',
             'status': 'downloaded',
             'url': 'https://images.pexels.com/photos/19511759/pexels-photo-19511759.jpeg?auto=compress&cs=tinysrgb&dpr=2&h=650&w=940'}],
 'label': 'cat',
 'source_id': '19511759'}
2026-07-14 17:33:13 [scrapy.core.engine] DEBUG: Crawled (404) <GET https://api.pexels.com/v1/v1/search?page=2&per_page=80&query=cat> (referer: https://api.pexels.com/v1/search?query=cat&per_page=80&page=1)
2026-07-14 17:33:13 [scrapy.core.engine] DEBUG: Crawled (200) <GET https://images.pexels.com/photos/12544638/pexels-photo-12544638.png?auto=compress&cs=tinysrgb&dpr=2&h=650&w=940> (referer: None)
2026-07-14 17:33:13 [scrapy.pipelines.files] DEBUG: File (downloaded): Downloaded file from <GET https://images.pexels.com/photos/12544638/pexels-photo-12544638.png?auto=compress&cs=tinysrgb&dpr=2&h=650&w=940> referred in <None>
2026-07-14 17:33:13 [PIL.PngImagePlugin] DEBUG: STREAM b'IHDR' 16 13
2026-07-14 17:33:13 [PIL.PngImagePlugin] DEBUG: STREAM b'eXIf' 41 180
2026-07-14 17:33:13 [PIL.PngImagePlugin] DEBUG: STREAM b'pHYs' 233 9
2026-07-14 17:33:13 [PIL.PngImagePlugin] DEBUG: STREAM b'zTXt' 254 285
2026-07-14 17:33:13 [PIL.PngImagePlugin] DEBUG: STREAM b'IDAT' 551 8192
2026-07-14 17:33:13 [PIL.TiffImagePlugin] DEBUG: tag: Orientation (274) - type: short (3) - value: b'\x01\x00'
2026-07-14 17:33:13 [PIL.TiffImagePlugin] DEBUG: tag: XResolution (282) - type: rational (5) Tag Location: 34 - Data Location: 86 - value: b'H\x00\x00\x00\x01\x00\x00\x00'
2026-07-14 17:33:13 [PIL.TiffImagePlugin] DEBUG: tag: YResolution (283) - type: rational (5) Tag Location: 46 - Data Location: 94 - value: b'H\x00\x00\x00\x01\x00\x00\x00'
2026-07-14 17:33:13 [PIL.TiffImagePlugin] DEBUG: tag: ResolutionUnit (296) - type: short (3) - value: b'\x02\x00'
2026-07-14 17:33:13 [PIL.TiffImagePlugin] DEBUG: tag: YCbCrPositioning (531) - type: short (3) - value: b'\x01\x00'
2026-07-14 17:33:13 [PIL.TiffImagePlugin] DEBUG: tag: ExifIFD (34665) - type: long (4) - value: b'f\x00\x00\x00'
2026-07-14 17:33:13 [scrapy.spidermiddlewares.httperror] INFO: Ignoring response <404 https://api.pexels.com/v1/v1/search?page=2&per_page=80&query=cat>: HTTP status code is not handled or not allowed
2026-07-14 17:33:13 [scrapy.core.scraper] DEBUG: Scraped from <200 https://api.pexels.com/v1/search?query=cat&per_page=80&page=1>
{'image_urls': ['https://images.pexels.com/photos/12544638/pexels-photo-12544638.png?auto=compress&cs=tinysrgb&dpr=2&h=650&w=940'],
 'images': [{'checksum': '8cad55f9a765a5a9dc88d53d5cdd2146',
             'path': 'cat/853675a46dc30ce2dd0330ddefa9c7fd07e77413.jpg',
             'status': 'downloaded',
             'url': 'https://images.pexels.com/photos/12544638/pexels-photo-12544638.png?auto=compress&cs=tinysrgb&dpr=2&h=650&w=940'}],
 'label': 'cat',
 'source_id': '12544638'}
2026-07-14 17:33:13 [scrapy.core.engine] DEBUG: Crawled (200) <GET https://images.pexels.com/photos/34464846/pexels-photo-34464846.jpeg?auto=compress&cs=tinysrgb&dpr=2&h=650&w=940> (referer: None)
2026-07-14 17:33:13 [scrapy.pipelines.files] DEBUG: File (downloaded): Downloaded file from <GET https://images.pexels.com/photos/34464846/pexels-photo-34464846.jpeg?auto=compress&cs=tinysrgb&dpr=2&h=650&w=940> referred in <None>
2026-07-14 17:33:13 [PIL.TiffImagePlugin] DEBUG: tag: Orientation (274) - type: short (3) - value: b'\x01\x00'
2026-07-14 17:33:13 [PIL.TiffImagePlugin] DEBUG: tag: XResolution (282) - type: rational (5) Tag Location: 34 - Data Location: 160 - value: b'H\x00\x00\x00\x01\x00\x00\x00'
2026-07-14 17:33:13 [PIL.TiffImagePlugin] DEBUG: tag: YResolution (283) - type: rational (5) Tag Location: 46 - Data Location: 168 - value: b'H\x00\x00\x00\x01\x00\x00\x00'
2026-07-14 17:33:13 [PIL.TiffImagePlugin] DEBUG: tag: ResolutionUnit (296) - type: short (3) - value: b'\x02\x00'
2026-07-14 17:33:13 [PIL.TiffImagePlugin] DEBUG: tag: Artist (315) - type: string (2) Tag Location: 70 - Data Location: 98 - value: b'MUAMMED ALI BEKIR\x00'
2026-07-14 17:33:13 [PIL.TiffImagePlugin] DEBUG: tag: Copyright (33432) - type: string (2) Tag Location: 82 - Data Location: 116 - value: <table: 43 bytes>
2026-07-14 17:33:13 [PIL.TiffImagePlugin] DEBUG: tag: ExifIFD (34665) - type: long (4) - value: b'\xb0\x00\x00\x00'
2026-07-14 17:33:14 [scrapy.core.scraper] DEBUG: Scraped from <200 https://api.pexels.com/v1/search?query=cat&per_page=80&page=1>
{'image_urls': ['https://images.pexels.com/photos/34464846/pexels-photo-34464846.jpeg?auto=compress&cs=tinysrgb&dpr=2&h=650&w=940'],
 'images': [{'checksum': '1455c0be68d2934b384637e3f1dab699',
             'path': 'cat/65850e2702fe673f38efe65753e92933f11e8a7c.jpg',
             'status': 'downloaded',
             'url': 'https://images.pexels.com/photos/34464846/pexels-photo-34464846.jpeg?auto=compress&cs=tinysrgb&dpr=2&h=650&w=940'}],
 'label': 'cat',
 'source_id': '34464846'}
2026-07-14 17:33:14 [scrapy.core.engine] DEBUG: Crawled (200) <GET https://images.pexels.com/photos/29020872/pexels-photo-29020872.jpeg?auto=compress&cs=tinysrgb&dpr=2&h=650&w=940> (referer: None)
2026-07-14 17:33:14 [scrapy.pipelines.files] DEBUG: File (downloaded): Downloaded file from <GET https://images.pexels.com/photos/29020872/pexels-photo-29020872.jpeg?auto=compress&cs=tinysrgb&dpr=2&h=650&w=940> referred in <None>
2026-07-14 17:33:14 [PIL.TiffImagePlugin] DEBUG: tag: Orientation (274) - type: short (3) - value: b'\x01\x00'
2026-07-14 17:33:14 [PIL.TiffImagePlugin] DEBUG: tag: XResolution (282) - type: rational (5) Tag Location: 34 - Data Location: 74 - value: b'H\x00\x00\x00\x01\x00\x00\x00'
2026-07-14 17:33:14 [PIL.TiffImagePlugin] DEBUG: tag: YResolution (283) - type: rational (5) Tag Location: 46 - Data Location: 82 - value: b'H\x00\x00\x00\x01\x00\x00\x00'
2026-07-14 17:33:14 [PIL.TiffImagePlugin] DEBUG: tag: ResolutionUnit (296) - type: short (3) - value: b'\x02\x00'
2026-07-14 17:33:14 [PIL.TiffImagePlugin] DEBUG: tag: ExifIFD (34665) - type: long (4) - value: b'Z\x00\x00\x00'
2026-07-14 17:33:14 [scrapy.core.scraper] DEBUG: Scraped from <200 https://api.pexels.com/v1/search?query=cat&per_page=80&page=1>
{'image_urls': ['https://images.pexels.com/photos/29020872/pexels-photo-29020872.jpeg?auto=compress&cs=tinysrgb&dpr=2&h=650&w=940'],
 'images': [{'checksum': '8739b7b204bb3800cb6abf95bef30e61',
             'path': 'cat/b4c9d918541f110f42b645ff2e091e961af0a932.jpg',
             'status': 'downloaded',
             'url': 'https://images.pexels.com/photos/29020872/pexels-photo-29020872.jpeg?auto=compress&cs=tinysrgb&dpr=2&h=650&w=940'}],
 'label': 'cat',
 'source_id': '29020872'}
2026-07-14 17:33:14 [scrapy.core.engine] DEBUG: Crawled (200) <GET https://images.pexels.com/photos/16622819/pexels-photo-16622819.jpeg?auto=compress&cs=tinysrgb&dpr=2&h=650&w=940> (referer: None)
2026-07-14 17:33:14 [scrapy.pipelines.files] DEBUG: File (downloaded): Downloaded file from <GET https://images.pexels.com/photos/16622819/pexels-photo-16622819.jpeg?auto=compress&cs=tinysrgb&dpr=2&h=650&w=940> referred in <None>
2026-07-14 17:33:14 [PIL.TiffImagePlugin] DEBUG: tag: Orientation (274) - type: short (3) - value: b'\x01\x00'
2026-07-14 17:33:14 [PIL.TiffImagePlugin] DEBUG: tag: XResolution (282) - type: rational (5) Tag Location: 34 - Data Location: 74 - value: b'H\x00\x00\x00\x01\x00\x00\x00'
2026-07-14 17:33:14 [PIL.TiffImagePlugin] DEBUG: tag: YResolution (283) - type: rational (5) Tag Location: 46 - Data Location: 82 - value: b'H\x00\x00\x00\x01\x00\x00\x00'
2026-07-14 17:33:14 [PIL.TiffImagePlugin] DEBUG: tag: ResolutionUnit (296) - type: short (3) - value: b'\x02\x00'
2026-07-14 17:33:14 [PIL.TiffImagePlugin] DEBUG: tag: ExifIFD (34665) - type: long (4) - value: b'Z\x00\x00\x00'
2026-07-14 17:33:14 [scrapy.core.scraper] DEBUG: Scraped from <200 https://api.pexels.com/v1/search?query=cat&per_page=80&page=1>
{'image_urls': ['https://images.pexels.com/photos/16622819/pexels-photo-16622819.jpeg?auto=compress&cs=tinysrgb&dpr=2&h=650&w=940'],
 'images': [{'checksum': '2e491512682d69e56e2a03b3cec0c470',
             'path': 'cat/fc4e44a3bb414de75bfad33035f7aa3f11e55777.jpg',
             'status': 'downloaded',
             'url': 'https://images.pexels.com/photos/16622819/pexels-photo-16622819.jpeg?auto=compress&cs=tinysrgb&dpr=2&h=650&w=940'}],
 'label': 'cat',
 'source_id': '16622819'}
2026-07-14 17:33:14 [scrapy.core.engine] DEBUG: Crawled (200) <GET https://images.pexels.com/photos/116835/pexels-photo-116835.jpeg?auto=compress&cs=tinysrgb&dpr=2&h=650&w=940> (referer: None)
2026-07-14 17:33:14 [scrapy.pipelines.files] DEBUG: File (downloaded): Downloaded file from <GET https://images.pexels.com/photos/116835/pexels-photo-116835.jpeg?auto=compress&cs=tinysrgb&dpr=2&h=650&w=940> referred in <None>
2026-07-14 17:33:14 [PIL.TiffImagePlugin] DEBUG: tag: Orientation (274) - type: short (3) - value: b'\x01\x00'
2026-07-14 17:33:14 [PIL.TiffImagePlugin] DEBUG: tag: XResolution (282) - type: rational (5) Tag Location: 34 - Data Location: 74 - value: b'H\x00\x00\x00\x01\x00\x00\x00'
2026-07-14 17:33:14 [PIL.TiffImagePlugin] DEBUG: tag: YResolution (283) - type: rational (5) Tag Location: 46 - Data Location: 82 - value: b'H\x00\x00\x00\x01\x00\x00\x00'
2026-07-14 17:33:14 [PIL.TiffImagePlugin] DEBUG: tag: ResolutionUnit (296) - type: short (3) - value: b'\x02\x00'
2026-07-14 17:33:14 [PIL.TiffImagePlugin] DEBUG: tag: ExifIFD (34665) - type: long (4) - value: b'Z\x00\x00\x00'
2026-07-14 17:33:15 [scrapy.core.scraper] DEBUG: Scraped from <200 https://api.pexels.com/v1/search?query=cat&per_page=80&page=1>
{'image_urls': ['https://images.pexels.com/photos/116835/pexels-photo-116835.jpeg?auto=compress&cs=tinysrgb&dpr=2&h=650&w=940'],
 'images': [{'checksum': '70626ecab813fa26a1d4a5af1e86a715',
             'path': 'cat/d2482db4ebf347f66e460acff6c42241f2d5f3e6.jpg',
             'status': 'downloaded',
             'url': 'https://images.pexels.com/photos/116835/pexels-photo-116835.jpeg?auto=compress&cs=tinysrgb&dpr=2&h=650&w=940'}],
 'label': 'cat',
 'source_id': '116835'}
2026-07-14 17:33:15 [scrapy.core.engine] DEBUG: Crawled (200) <GET https://images.pexels.com/photos/32481757/pexels-photo-32481757.jpeg?auto=compress&cs=tinysrgb&dpr=2&h=650&w=940> (referer: None)
2026-07-14 17:33:15 [scrapy.pipelines.files] DEBUG: File (downloaded): Downloaded file from <GET https://images.pexels.com/photos/32481757/pexels-photo-32481757.jpeg?auto=compress&cs=tinysrgb&dpr=2&h=650&w=940> referred in <None>
2026-07-14 17:33:15 [PIL.TiffImagePlugin] DEBUG: tag: Orientation (274) - type: short (3) - value: b'\x00\x01'
2026-07-14 17:33:15 [PIL.TiffImagePlugin] DEBUG: tag: XResolution (282) - type: rational (5) Tag Location: 34 - Data Location: 74 - value: b'\x00\x00\x00H\x00\x00\x00\x01'
2026-07-14 17:33:15 [PIL.TiffImagePlugin] DEBUG: tag: YResolution (283) - type: rational (5) Tag Location: 46 - Data Location: 82 - value: b'\x00\x00\x00H\x00\x00\x00\x01'
2026-07-14 17:33:15 [PIL.TiffImagePlugin] DEBUG: tag: ResolutionUnit (296) - type: short (3) - value: b'\x00\x02'
2026-07-14 17:33:15 [PIL.TiffImagePlugin] DEBUG: tag: ExifIFD (34665) - type: long (4) - value: b'\x00\x00\x00Z'
2026-07-14 17:33:15 [scrapy.core.scraper] DEBUG: Scraped from <200 https://api.pexels.com/v1/search?query=cat&per_page=80&page=1>
{'image_urls': ['https://images.pexels.com/photos/32481757/pexels-photo-32481757.jpeg?auto=compress&cs=tinysrgb&dpr=2&h=650&w=940'],
 'images': [{'checksum': '56ff41daad3cf32ba6d29a79950e40ed',
             'path': 'cat/dacc0a509742311d4386d59e6acc68b8e2f04d5e.jpg',
             'status': 'downloaded',
             'url': 'https://images.pexels.com/photos/32481757/pexels-photo-32481757.jpeg?auto=compress&cs=tinysrgb&dpr=2&h=650&w=940'}],
 'label': 'cat',
 'source_id': '32481757'}
2026-07-14 17:33:15 [scrapy.core.engine] DEBUG: Crawled (200) <GET https://images.pexels.com/photos/14178386/pexels-photo-14178386.jpeg?auto=compress&cs=tinysrgb&dpr=2&h=650&w=940> (referer: None)
2026-07-14 17:33:15 [scrapy.pipelines.files] DEBUG: File (downloaded): Downloaded file from <GET https://images.pexels.com/photos/14178386/pexels-photo-14178386.jpeg?auto=compress&cs=tinysrgb&dpr=2&h=650&w=940> referred in <None>
2026-07-14 17:33:15 [PIL.TiffImagePlugin] DEBUG: tag: Orientation (274) - type: short (3) - value: b'\x01\x00'
2026-07-14 17:33:15 [PIL.TiffImagePlugin] DEBUG: tag: XResolution (282) - type: rational (5) Tag Location: 34 - Data Location: 74 - value: b'H\x00\x00\x00\x01\x00\x00\x00'
2026-07-14 17:33:15 [PIL.TiffImagePlugin] DEBUG: tag: YResolution (283) - type: rational (5) Tag Location: 46 - Data Location: 82 - value: b'H\x00\x00\x00\x01\x00\x00\x00'
2026-07-14 17:33:15 [PIL.TiffImagePlugin] DEBUG: tag: ResolutionUnit (296) - type: short (3) - value: b'\x02\x00'
2026-07-14 17:33:15 [PIL.TiffImagePlugin] DEBUG: tag: ExifIFD (34665) - type: long (4) - value: b'Z\x00\x00\x00'
2026-07-14 17:33:15 [scrapy.core.scraper] DEBUG: Scraped from <200 https://api.pexels.com/v1/search?query=cat&per_page=80&page=1>
{'image_urls': ['https://images.pexels.com/photos/14178386/pexels-photo-14178386.jpeg?auto=compress&cs=tinysrgb&dpr=2&h=650&w=940'],
 'images': [{'checksum': '72e189603a724a1c044bf71dcbf071d0',
             'path': 'cat/5cc119e79a5cbc7a11748469cefcdb55fa9d0442.jpg',
             'status': 'downloaded',
             'url': 'https://images.pexels.com/photos/14178386/pexels-photo-14178386.jpeg?auto=compress&cs=tinysrgb&dpr=2&h=650&w=940'}],
 'label': 'cat',
 'source_id': '14178386'}
2026-07-14 17:33:15 [scrapy.core.engine] DEBUG: Crawled (200) <GET https://images.pexels.com/photos/36377413/pexels-photo-36377413.jpeg?auto=compress&cs=tinysrgb&dpr=2&h=650&w=940> (referer: None)
2026-07-14 17:33:15 [scrapy.pipelines.files] DEBUG: File (downloaded): Downloaded file from <GET https://images.pexels.com/photos/36377413/pexels-photo-36377413.jpeg?auto=compress&cs=tinysrgb&dpr=2&h=650&w=940> referred in <None>
2026-07-14 17:33:15 [PIL.TiffImagePlugin] DEBUG: tag: Orientation (274) - type: short (3) - value: b'\x01\x00'
2026-07-14 17:33:15 [PIL.TiffImagePlugin] DEBUG: tag: XResolution (282) - type: rational (5) Tag Location: 34 - Data Location: 74 - value: b'H\x00\x00\x00\x01\x00\x00\x00'
2026-07-14 17:33:15 [PIL.TiffImagePlugin] DEBUG: tag: YResolution (283) - type: rational (5) Tag Location: 46 - Data Location: 82 - value: b'H\x00\x00\x00\x01\x00\x00\x00'
2026-07-14 17:33:15 [PIL.TiffImagePlugin] DEBUG: tag: ResolutionUnit (296) - type: short (3) - value: b'\x02\x00'
2026-07-14 17:33:15 [PIL.TiffImagePlugin] DEBUG: tag: ExifIFD (34665) - type: long (4) - value: b'Z\x00\x00\x00'
2026-07-14 17:33:16 [scrapy.core.scraper] DEBUG: Scraped from <200 https://api.pexels.com/v1/search?query=cat&per_page=80&page=1>
{'image_urls': ['https://images.pexels.com/photos/36377413/pexels-photo-36377413.jpeg?auto=compress&cs=tinysrgb&dpr=2&h=650&w=940'],
 'images': [{'checksum': 'be8bafddb19921b1b24158f7c5e06a0c',
             'path': 'cat/62cda930bc32755258f9ef97e8a458585eb45a9f.jpg',
             'status': 'downloaded',
             'url': 'https://images.pexels.com/photos/36377413/pexels-photo-36377413.jpeg?auto=compress&cs=tinysrgb&dpr=2&h=650&w=940'}],
 'label': 'cat',
 'source_id': '36377413'}
2026-07-14 17:33:16 [scrapy.core.engine] DEBUG: Crawled (200) <GET https://images.pexels.com/photos/7171995/pexels-photo-7171995.jpeg?auto=compress&cs=tinysrgb&dpr=2&h=650&w=940> (referer: None)
2026-07-14 17:33:16 [scrapy.pipelines.files] DEBUG: File (downloaded): Downloaded file from <GET https://images.pexels.com/photos/7171995/pexels-photo-7171995.jpeg?auto=compress&cs=tinysrgb&dpr=2&h=650&w=940> referred in <None>
2026-07-14 17:33:16 [PIL.TiffImagePlugin] DEBUG: tag: Orientation (274) - type: short (3) - value: b'\x01\x00'
2026-07-14 17:33:16 [PIL.TiffImagePlugin] DEBUG: tag: XResolution (282) - type: rational (5) Tag Location: 34 - Data Location: 74 - value: b'H\x00\x00\x00\x01\x00\x00\x00'
2026-07-14 17:33:16 [PIL.TiffImagePlugin] DEBUG: tag: YResolution (283) - type: rational (5) Tag Location: 46 - Data Location: 82 - value: b'H\x00\x00\x00\x01\x00\x00\x00'
2026-07-14 17:33:16 [PIL.TiffImagePlugin] DEBUG: tag: ResolutionUnit (296) - type: short (3) - value: b'\x02\x00'
2026-07-14 17:33:16 [PIL.TiffImagePlugin] DEBUG: tag: ExifIFD (34665) - type: long (4) - value: b'Z\x00\x00\x00'
2026-07-14 17:33:16 [scrapy.core.scraper] DEBUG: Scraped from <200 https://api.pexels.com/v1/search?query=cat&per_page=80&page=1>
{'image_urls': ['https://images.pexels.com/photos/7171995/pexels-photo-7171995.jpeg?auto=compress&cs=tinysrgb&dpr=2&h=650&w=940'],
 'images': [{'checksum': '640461cacddfdf48dadf2a3bbcb7f2c5',
             'path': 'cat/f21120e87c8be26a73c9dfe33bbe19715768f412.jpg',
             'status': 'downloaded',
             'url': 'https://images.pexels.com/photos/7171995/pexels-photo-7171995.jpeg?auto=compress&cs=tinysrgb&dpr=2&h=650&w=940'}],
 'label': 'cat',
 'source_id': '7171995'}
2026-07-14 17:33:16 [scrapy.core.engine] DEBUG: Crawled (200) <GET https://images.pexels.com/photos/10254198/pexels-photo-10254198.jpeg?auto=compress&cs=tinysrgb&dpr=2&h=650&w=940> (referer: None)
2026-07-14 17:33:16 [scrapy.pipelines.files] DEBUG: File (downloaded): Downloaded file from <GET https://images.pexels.com/photos/10254198/pexels-photo-10254198.jpeg?auto=compress&cs=tinysrgb&dpr=2&h=650&w=940> referred in <None>
2026-07-14 17:33:16 [PIL.TiffImagePlugin] DEBUG: tag: Orientation (274) - type: short (3) - value: b'\x01\x00'
2026-07-14 17:33:16 [PIL.TiffImagePlugin] DEBUG: tag: XResolution (282) - type: rational (5) Tag Location: 34 - Data Location: 74 - value: b'H\x00\x00\x00\x01\x00\x00\x00'
2026-07-14 17:33:16 [PIL.TiffImagePlugin] DEBUG: tag: YResolution (283) - type: rational (5) Tag Location: 46 - Data Location: 82 - value: b'H\x00\x00\x00\x01\x00\x00\x00'
2026-07-14 17:33:16 [PIL.TiffImagePlugin] DEBUG: tag: ResolutionUnit (296) - type: short (3) - value: b'\x02\x00'
2026-07-14 17:33:16 [PIL.TiffImagePlugin] DEBUG: tag: ExifIFD (34665) - type: long (4) - value: b'Z\x00\x00\x00'
2026-07-14 17:33:16 [scrapy.core.scraper] DEBUG: Scraped from <200 https://api.pexels.com/v1/search?query=cat&per_page=80&page=1>
{'image_urls': ['https://images.pexels.com/photos/10254198/pexels-photo-10254198.jpeg?auto=compress&cs=tinysrgb&dpr=2&h=650&w=940'],
 'images': [{'checksum': '4a4591b2df0a3d1738276faecb92b746',
             'path': 'cat/538edf8563edd6b749c106f3634d50a9d2511a6c.jpg',
             'status': 'downloaded',
             'url': 'https://images.pexels.com/photos/10254198/pexels-photo-10254198.jpeg?auto=compress&cs=tinysrgb&dpr=2&h=650&w=940'}],
 'label': 'cat',
 'source_id': '10254198'}
2026-07-14 17:33:16 [scrapy.core.engine] DEBUG: Crawled (200) <GET https://images.pexels.com/photos/866496/pexels-photo-866496.jpeg?auto=compress&cs=tinysrgb&dpr=2&h=650&w=940> (referer: None)
2026-07-14 17:33:16 [scrapy.pipelines.files] DEBUG: File (downloaded): Downloaded file from <GET https://images.pexels.com/photos/866496/pexels-photo-866496.jpeg?auto=compress&cs=tinysrgb&dpr=2&h=650&w=940> referred in <None>
2026-07-14 17:33:16 [PIL.TiffImagePlugin] DEBUG: tag: Orientation (274) - type: short (3) - value: b'\x01\x00'
2026-07-14 17:33:16 [PIL.TiffImagePlugin] DEBUG: tag: XResolution (282) - type: rational (5) Tag Location: 34 - Data Location: 74 - value: b'H\x00\x00\x00\x01\x00\x00\x00'
2026-07-14 17:33:16 [PIL.TiffImagePlugin] DEBUG: tag: YResolution (283) - type: rational (5) Tag Location: 46 - Data Location: 82 - value: b'H\x00\x00\x00\x01\x00\x00\x00'
2026-07-14 17:33:16 [PIL.TiffImagePlugin] DEBUG: tag: ResolutionUnit (296) - type: short (3) - value: b'\x02\x00'
2026-07-14 17:33:16 [PIL.TiffImagePlugin] DEBUG: tag: ExifIFD (34665) - type: long (4) - value: b'Z\x00\x00\x00'
2026-07-14 17:33:16 [scrapy.core.scraper] DEBUG: Scraped from <200 https://api.pexels.com/v1/search?query=cat&per_page=80&page=1>
{'image_urls': ['https://images.pexels.com/photos/866496/pexels-photo-866496.jpeg?auto=compress&cs=tinysrgb&dpr=2&h=650&w=940'],
 'images': [{'checksum': '2d5bab6f67513d34f0af43f6e6c9f247',
             'path': 'cat/c70696a6593096b3f5662707e33ce0d365ad45a4.jpg',
             'status': 'downloaded',
             'url': 'https://images.pexels.com/photos/866496/pexels-photo-866496.jpeg?auto=compress&cs=tinysrgb&dpr=2&h=650&w=940'}],
 'label': 'cat',
 'source_id': '866496'}
2026-07-14 17:33:17 [scrapy.core.engine] DEBUG: Crawled (200) <GET https://images.pexels.com/photos/35620586/pexels-photo-35620586.jpeg?auto=compress&cs=tinysrgb&dpr=2&h=650&w=940> (referer: None)
2026-07-14 17:33:17 [scrapy.pipelines.files] DEBUG: File (downloaded): Downloaded file from <GET https://images.pexels.com/photos/35620586/pexels-photo-35620586.jpeg?auto=compress&cs=tinysrgb&dpr=2&h=650&w=940> referred in <None>
2026-07-14 17:33:17 [PIL.TiffImagePlugin] DEBUG: tag: Orientation (274) - type: short (3) - value: b'\x01\x00'
2026-07-14 17:33:17 [PIL.TiffImagePlugin] DEBUG: tag: XResolution (282) - type: rational (5) Tag Location: 34 - Data Location: 102 - value: b'H\x00\x00\x00\x01\x00\x00\x00'
2026-07-14 17:33:17 [PIL.TiffImagePlugin] DEBUG: tag: YResolution (283) - type: rational (5) Tag Location: 46 - Data Location: 110 - value: b'H\x00\x00\x00\x01\x00\x00\x00'
2026-07-14 17:33:17 [PIL.TiffImagePlugin] DEBUG: tag: ResolutionUnit (296) - type: short (3) - value: b'\x02\x00'
2026-07-14 17:33:17 [PIL.TiffImagePlugin] DEBUG: tag: Copyright (33432) - type: string (2) Tag Location: 70 - Data Location: 86 - value: b'\xc2\xa9 Liisbet Luup\x00'
2026-07-14 17:33:17 [PIL.TiffImagePlugin] DEBUG: tag: ExifIFD (34665) - type: long (4) - value: b'v\x00\x00\x00'
2026-07-14 17:33:17 [scrapy.core.scraper] DEBUG: Scraped from <200 https://api.pexels.com/v1/search?query=cat&per_page=80&page=1>
{'image_urls': ['https://images.pexels.com/photos/35620586/pexels-photo-35620586.jpeg?auto=compress&cs=tinysrgb&dpr=2&h=650&w=940'],
 'images': [{'checksum': '5e88313c5735c4c0588b6df71ad16c5f',
             'path': 'cat/531de5f5a130a6391215896a66e9bf46d96d92c4.jpg',
             'status': 'downloaded',
             'url': 'https://images.pexels.com/photos/35620586/pexels-photo-35620586.jpeg?auto=compress&cs=tinysrgb&dpr=2&h=650&w=940'}],
 'label': 'cat',
 'source_id': '35620586'}
2026-07-14 17:33:17 [scrapy.core.engine] DEBUG: Crawled (200) <GET https://images.pexels.com/photos/33212065/pexels-photo-33212065.jpeg?auto=compress&cs=tinysrgb&dpr=2&h=650&w=940> (referer: None)
2026-07-14 17:33:17 [scrapy.pipelines.files] DEBUG: File (downloaded): Downloaded file from <GET https://images.pexels.com/photos/33212065/pexels-photo-33212065.jpeg?auto=compress&cs=tinysrgb&dpr=2&h=650&w=940> referred in <None>
2026-07-14 17:33:17 [PIL.TiffImagePlugin] DEBUG: tag: Orientation (274) - type: short (3) - value: b'\x01\x00'
2026-07-14 17:33:17 [PIL.TiffImagePlugin] DEBUG: tag: XResolution (282) - type: rational (5) Tag Location: 34 - Data Location: 866 - value: b'H\x00\x00\x00\x01\x00\x00\x00'
2026-07-14 17:33:17 [PIL.TiffImagePlugin] DEBUG: tag: YResolution (283) - type: rational (5) Tag Location: 46 - Data Location: 874 - value: b'H\x00\x00\x00\x01\x00\x00\x00'
2026-07-14 17:33:17 [PIL.TiffImagePlugin] DEBUG: tag: ResolutionUnit (296) - type: short (3) - value: b'\x02\x00'
2026-07-14 17:33:17 [PIL.TiffImagePlugin] DEBUG: tag: Artist (315) - type: string (2) Tag Location: 70 - Data Location: 98 - value: <table: 256 bytes>
2026-07-14 17:33:17 [PIL.TiffImagePlugin] DEBUG: tag: Copyright (33432) - type: string (2) Tag Location: 82 - Data Location: 354 - value: <table: 512 bytes>
2026-07-14 17:33:17 [PIL.TiffImagePlugin] DEBUG: tag: ExifIFD (34665) - type: long (4) - value: b'r\x03\x00\x00'
2026-07-14 17:33:17 [scrapy.core.scraper] DEBUG: Scraped from <200 https://api.pexels.com/v1/search?query=cat&per_page=80&page=1>
{'image_urls': ['https://images.pexels.com/photos/33212065/pexels-photo-33212065.jpeg?auto=compress&cs=tinysrgb&dpr=2&h=650&w=940'],
 'images': [{'checksum': '2c5edcd1e77258c61a2cf941166b6814',
             'path': 'cat/b611cb2fcbeea4f1a3eb8647ccca0058d27cfc4c.jpg',
             'status': 'downloaded',
             'url': 'https://images.pexels.com/photos/33212065/pexels-photo-33212065.jpeg?auto=compress&cs=tinysrgb&dpr=2&h=650&w=940'}],
 'label': 'cat',
 'source_id': '33212065'}
2026-07-14 17:33:17 [scrapy.crawler] INFO: Received SIGINT, shutting down gracefully. Send again to force 
2026-07-14 17:33:17 [scrapy.core.engine] INFO: Closing spider (shutdown)
2026-07-14 17:33:17 [scrapy.crawler] INFO: Received SIGINT twice, forcing unclean shutdown
2026-07-14 17:33:44 [scrapy.utils.log] INFO: Scrapy 2.17.0 started (bot: duck_or_cat_scraper)
2026-07-14 17:33:44 [scrapy.utils.log] INFO: Versions:
{'lxml': '6.1.1',
 'libxml2': '2.11.9',
 'cssselect': '1.4.0',
 'parsel': '1.11.0',
 'w3lib': '2.4.1',
 'Twisted': '26.4.0',
 'Python': '3.12.0 (tags/v3.12.0:0fb18b0, Oct  2 2023, 13:03:39) [MSC v.1935 '
           '64 bit (AMD64)]',
 'pyOpenSSL': '26.3.0 (OpenSSL 4.0.1 9 Jun 2026)',
 'cryptography': '49.0.0',
 'Platform': 'Windows-11-10.0.26200-SP0'}
2026-07-14 17:33:44 [scrapy.crawler] DEBUG: Using AsyncCrawlerProcess
2026-07-14 17:33:44 [asyncio] DEBUG: Using selector: SelectSelector
2026-07-14 17:33:44 [scrapy.addons] INFO: Enabled addons:
[]
2026-07-14 17:33:44 [scrapy.utils.log] DEBUG: Using reactor: twisted.internet.asyncioreactor.AsyncioSelectorReactor
2026-07-14 17:33:44 [scrapy.utils.log] DEBUG: Using asyncio event loop: asyncio.windows_events._WindowsSelectorEventLoop
2026-07-14 17:33:44 [scrapy.extensions.telnet] INFO: Telnet Password: bc29a5a36b4fbcb1
2026-07-14 17:33:44 [scrapy.middleware] INFO: Enabled extensions:
['scrapy.extensions.corestats.CoreStats',
 'scrapy.extensions.logcount.LogCount',
 'scrapy.extensions.telnet.TelnetConsole',
 'scrapy.extensions.logstats.LogStats']
2026-07-14 17:33:44 [scrapy.crawler] INFO: Overridden settings:
{'BOT_NAME': 'duck_or_cat_scraper',
 'CONCURRENT_REQUESTS': 8,
 'DOWNLOAD_DELAY': 0.25,
 'FEED_EXPORT_ENCODING': 'utf-8',
 'IMAGES_STORE': 'C:\\Dev\\duck-or-cat\\scraper\\duck_or_cat_scraper\\..\\..\\data\\raw',
 'LOG_FILE': 'scrapy.log',
 'LOG_LEVEL': 10,
 'NEWSPIDER_MODULE': 'duck_or_cat_scraper.spiders',
 'SPIDER_MODULES': ['duck_or_cat_scraper.spiders']}
2026-07-14 17:33:44 [scrapy.middleware] INFO: Enabled downloader middlewares:
['scrapy.downloadermiddlewares.offsite.OffsiteMiddleware',
 'scrapy.downloadermiddlewares.httpauth.HttpAuthMiddleware',
 'scrapy.downloadermiddlewares.downloadtimeout.DownloadTimeoutMiddleware',
 'scrapy.downloadermiddlewares.defaultheaders.DefaultHeadersMiddleware',
 'scrapy.downloadermiddlewares.useragent.UserAgentMiddleware',
 'scrapy.downloadermiddlewares.retry.RetryMiddleware',
 'scrapy.downloadermiddlewares.redirect.MetaRefreshMiddleware',
 'scrapy.downloadermiddlewares.httpcompression.HttpCompressionMiddleware',
 'scrapy.downloadermiddlewares.redirect.RedirectMiddleware',
 'scrapy.downloadermiddlewares.cookies.CookiesMiddleware',
 'scrapy.downloadermiddlewares.httpproxy.HttpProxyMiddleware',
 'scrapy.downloadermiddlewares.stats.DownloaderStats']
2026-07-14 17:33:44 [scrapy.middleware] INFO: Enabled spider middlewares:
['scrapy.spidermiddlewares.start.StartSpiderMiddleware',
 'scrapy.spidermiddlewares.httperror.HttpErrorMiddleware',
 'scrapy.spidermiddlewares.referer.RefererMiddleware',
 'scrapy.spidermiddlewares.urllength.UrlLengthMiddleware',
 'scrapy.spidermiddlewares.depth.DepthMiddleware']
2026-07-14 17:33:44 [scrapy.middleware] INFO: Enabled item pipelines:
['duck_or_cat_scraper.pipelines.DuckOrCatImagesPipeline']
2026-07-14 17:33:44 [scrapy.core.engine] INFO: Spider opened
2026-07-14 17:33:44 [scrapy.extensions.logstats] INFO: Crawled 0 pages (at 0 pages/min), scraped 0 items (at 0 items/min)
2026-07-14 17:33:44 [scrapy.extensions.telnet] INFO: Telnet console listening on 127.0.0.1:6023
2026-07-14 17:33:44 [scrapy.core.engine] DEBUG: Crawled (200) <GET https://api.pexels.com/v1/search?query=cat&per_page=80&page=1> (referer: None)
2026-07-14 17:33:45 [scrapy.core.engine] DEBUG: Crawled (200) <GET https://api.pexels.com/v1/search?query=duck&per_page=80&page=1> (referer: None)
2026-07-14 17:33:45 [scrapy.core.engine] DEBUG: Crawled (200) <GET https://images.pexels.com/photos/35224529/pexels-photo-35224529.jpeg?auto=compress&cs=tinysrgb&dpr=2&h=650&w=940> (referer: None)
2026-07-14 17:33:45 [scrapy.pipelines.files] DEBUG: File (downloaded): Downloaded file from <GET https://images.pexels.com/photos/35224529/pexels-photo-35224529.jpeg?auto=compress&cs=tinysrgb&dpr=2&h=650&w=940> referred in <None>
2026-07-14 17:33:45 [PIL.TiffImagePlugin] DEBUG: tag: Orientation (274) - type: short (3) - value: b'\x01\x00'
2026-07-14 17:33:45 [PIL.TiffImagePlugin] DEBUG: tag: XResolution (282) - type: rational (5) Tag Location: 34 - Data Location: 74 - value: b'H\x00\x00\x00\x01\x00\x00\x00'
2026-07-14 17:33:45 [PIL.TiffImagePlugin] DEBUG: tag: YResolution (283) - type: rational (5) Tag Location: 46 - Data Location: 82 - value: b'H\x00\x00\x00\x01\x00\x00\x00'
2026-07-14 17:33:45 [PIL.TiffImagePlugin] DEBUG: tag: ResolutionUnit (296) - type: short (3) - value: b'\x02\x00'
2026-07-14 17:33:45 [PIL.TiffImagePlugin] DEBUG: tag: ExifIFD (34665) - type: long (4) - value: b'Z\x00\x00\x00'
2026-07-14 17:33:45 [scrapy.core.scraper] DEBUG: Scraped from <200 https://api.pexels.com/v1/search?query=cat&per_page=80&page=1>
{'image_urls': ['https://images.pexels.com/photos/35224529/pexels-photo-35224529.jpeg?auto=compress&cs=tinysrgb&dpr=2&h=650&w=940'],
 'images': [{'checksum': '3057f8a9678968617383f628f38d3499',
             'path': 'cat/c0212e00c0782bae7ff2bec9ef09aa1d0c244005.jpg',
             'status': 'downloaded',
             'url': 'https://images.pexels.com/photos/35224529/pexels-photo-35224529.jpeg?auto=compress&cs=tinysrgb&dpr=2&h=650&w=940'}],
 'label': 'cat',
 'source_id': '35224529'}
2026-07-14 17:33:45 [scrapy.core.engine] DEBUG: Crawled (200) <GET https://images.pexels.com/photos/4961908/pexels-photo-4961908.jpeg?auto=compress&cs=tinysrgb&dpr=2&h=650&w=940> (referer: None)
2026-07-14 17:33:45 [scrapy.pipelines.files] DEBUG: File (downloaded): Downloaded file from <GET https://images.pexels.com/photos/4961908/pexels-photo-4961908.jpeg?auto=compress&cs=tinysrgb&dpr=2&h=650&w=940> referred in <None>
2026-07-14 17:33:45 [PIL.TiffImagePlugin] DEBUG: tag: Orientation (274) - type: short (3) - value: b'\x01\x00'
2026-07-14 17:33:45 [PIL.TiffImagePlugin] DEBUG: tag: XResolution (282) - type: rational (5) Tag Location: 34 - Data Location: 74 - value: b'H\x00\x00\x00\x01\x00\x00\x00'
2026-07-14 17:33:45 [PIL.TiffImagePlugin] DEBUG: tag: YResolution (283) - type: rational (5) Tag Location: 46 - Data Location: 82 - value: b'H\x00\x00\x00\x01\x00\x00\x00'
2026-07-14 17:33:45 [PIL.TiffImagePlugin] DEBUG: tag: ResolutionUnit (296) - type: short (3) - value: b'\x02\x00'
2026-07-14 17:33:45 [PIL.TiffImagePlugin] DEBUG: tag: ExifIFD (34665) - type: long (4) - value: b'Z\x00\x00\x00'
2026-07-14 17:33:45 [scrapy.core.scraper] DEBUG: Scraped from <200 https://api.pexels.com/v1/search?query=cat&per_page=80&page=1>
{'image_urls': ['https://images.pexels.com/photos/4961908/pexels-photo-4961908.jpeg?auto=compress&cs=tinysrgb&dpr=2&h=650&w=940'],
 'images': [{'checksum': '8c06bd9f62cae0b4062bad31aacedd38',
             'path': 'cat/81314cc084d94b19879bc135064da7697a8fc033.jpg',
             'status': 'downloaded',
             'url': 'https://images.pexels.com/photos/4961908/pexels-photo-4961908.jpeg?auto=compress&cs=tinysrgb&dpr=2&h=650&w=940'}],
 'label': 'cat',
 'source_id': '4961908'}
2026-07-14 17:33:45 [scrapy.core.engine] DEBUG: Crawled (404) <GET https://api.pexels.com/v1/v1/search?page=2&per_page=80&query=cat> (referer: https://api.pexels.com/v1/search?query=cat&per_page=80&page=1)
2026-07-14 17:33:45 [scrapy.spidermiddlewares.httperror] INFO: Ignoring response <404 https://api.pexels.com/v1/v1/search?page=2&per_page=80&query=cat>: HTTP status code is not handled or not allowed
2026-07-14 17:33:45 [scrapy.core.engine] DEBUG: Crawled (200) <GET https://images.pexels.com/photos/30374843/pexels-photo-30374843.jpeg?auto=compress&cs=tinysrgb&dpr=2&h=650&w=940> (referer: None)
2026-07-14 17:33:45 [scrapy.pipelines.files] DEBUG: File (downloaded): Downloaded file from <GET https://images.pexels.com/photos/30374843/pexels-photo-30374843.jpeg?auto=compress&cs=tinysrgb&dpr=2&h=650&w=940> referred in <None>
2026-07-14 17:33:45 [PIL.TiffImagePlugin] DEBUG: tag: Orientation (274) - type: short (3) - value: b'\x01\x00'
2026-07-14 17:33:45 [PIL.TiffImagePlugin] DEBUG: tag: XResolution (282) - type: rational (5) Tag Location: 34 - Data Location: 134 - value: b'H\x00\x00\x00\x01\x00\x00\x00'
2026-07-14 17:33:45 [PIL.TiffImagePlugin] DEBUG: tag: YResolution (283) - type: rational (5) Tag Location: 46 - Data Location: 142 - value: b'H\x00\x00\x00\x01\x00\x00\x00'
2026-07-14 17:33:45 [PIL.TiffImagePlugin] DEBUG: tag: ResolutionUnit (296) - type: short (3) - value: b'\x02\x00'
2026-07-14 17:33:45 [PIL.TiffImagePlugin] DEBUG: tag: Artist (315) - type: string (2) Tag Location: 70 - Data Location: 98 - value: b'Luis de la Cruz\x00'
2026-07-14 17:33:45 [PIL.TiffImagePlugin] DEBUG: tag: Copyright (33432) - type: string (2) Tag Location: 82 - Data Location: 114 - value: b'ALL RIGHTS RESERVED\x00'
2026-07-14 17:33:45 [PIL.TiffImagePlugin] DEBUG: tag: ExifIFD (34665) - type: long (4) - value: b'\x96\x00\x00\x00'
2026-07-14 17:33:45 [scrapy.core.scraper] DEBUG: Scraped from <200 https://api.pexels.com/v1/search?query=cat&per_page=80&page=1>
{'image_urls': ['https://images.pexels.com/photos/30374843/pexels-photo-30374843.jpeg?auto=compress&cs=tinysrgb&dpr=2&h=650&w=940'],
 'images': [{'checksum': 'dab587abde3613287539bace794f3748',
             'path': 'cat/2e4a64c82481dd7d636ec737ff5903c55e0b7b75.jpg',
             'status': 'downloaded',
             'url': 'https://images.pexels.com/photos/30374843/pexels-photo-30374843.jpeg?auto=compress&cs=tinysrgb&dpr=2&h=650&w=940'}],
 'label': 'cat',
 'source_id': '30374843'}
2026-07-14 17:33:45 [scrapy.core.engine] DEBUG: Crawled (200) <GET https://images.pexels.com/photos/19511759/pexels-photo-19511759.jpeg?auto=compress&cs=tinysrgb&dpr=2&h=650&w=940> (referer: None)
2026-07-14 17:33:45 [scrapy.pipelines.files] DEBUG: File (downloaded): Downloaded file from <GET https://images.pexels.com/photos/19511759/pexels-photo-19511759.jpeg?auto=compress&cs=tinysrgb&dpr=2&h=650&w=940> referred in <None>
2026-07-14 17:33:45 [PIL.TiffImagePlugin] DEBUG: tag: Orientation (274) - type: short (3) - value: b'\x01\x00'
2026-07-14 17:33:45 [PIL.TiffImagePlugin] DEBUG: tag: XResolution (282) - type: rational (5) Tag Location: 34 - Data Location: 74 - value: b'H\x00\x00\x00\x01\x00\x00\x00'
2026-07-14 17:33:45 [PIL.TiffImagePlugin] DEBUG: tag: YResolution (283) - type: rational (5) Tag Location: 46 - Data Location: 82 - value: b'H\x00\x00\x00\x01\x00\x00\x00'
2026-07-14 17:33:45 [PIL.TiffImagePlugin] DEBUG: tag: ResolutionUnit (296) - type: short (3) - value: b'\x02\x00'
2026-07-14 17:33:45 [PIL.TiffImagePlugin] DEBUG: tag: ExifIFD (34665) - type: long (4) - value: b'Z\x00\x00\x00'
2026-07-14 17:33:46 [scrapy.core.scraper] DEBUG: Scraped from <200 https://api.pexels.com/v1/search?query=cat&per_page=80&page=1>
{'image_urls': ['https://images.pexels.com/photos/19511759/pexels-photo-19511759.jpeg?auto=compress&cs=tinysrgb&dpr=2&h=650&w=940'],
 'images': [{'checksum': 'fc712f1d4bd8005c6cf3d32fb9f79c66',
             'path': 'cat/f151497430ba2b7b24610e9dce46bc0df5cecf5a.jpg',
             'status': 'downloaded',
             'url': 'https://images.pexels.com/photos/19511759/pexels-photo-19511759.jpeg?auto=compress&cs=tinysrgb&dpr=2&h=650&w=940'}],
 'label': 'cat',
 'source_id': '19511759'}
2026-07-14 17:33:46 [scrapy.core.engine] DEBUG: Crawled (200) <GET https://images.pexels.com/photos/32557420/pexels-photo-32557420.jpeg?auto=compress&cs=tinysrgb&dpr=2&h=650&w=940> (referer: None)
2026-07-14 17:33:46 [scrapy.pipelines.files] DEBUG: File (downloaded): Downloaded file from <GET https://images.pexels.com/photos/32557420/pexels-photo-32557420.jpeg?auto=compress&cs=tinysrgb&dpr=2&h=650&w=940> referred in <None>
2026-07-14 17:33:46 [PIL.TiffImagePlugin] DEBUG: tag: Orientation (274) - type: short (3) - value: b'\x01\x00'
2026-07-14 17:33:46 [PIL.TiffImagePlugin] DEBUG: tag: XResolution (282) - type: rational (5) Tag Location: 34 - Data Location: 86 - value: b'H\x00\x00\x00\x01\x00\x00\x00'
2026-07-14 17:33:46 [PIL.TiffImagePlugin] DEBUG: tag: YResolution (283) - type: rational (5) Tag Location: 46 - Data Location: 94 - value: b'H\x00\x00\x00\x01\x00\x00\x00'
2026-07-14 17:33:46 [PIL.TiffImagePlugin] DEBUG: tag: ResolutionUnit (296) - type: short (3) - value: b'\x02\x00'
2026-07-14 17:33:46 [PIL.TiffImagePlugin] DEBUG: tag: YCbCrPositioning (531) - type: short (3) - value: b'\x01\x00'
2026-07-14 17:33:46 [PIL.TiffImagePlugin] DEBUG: tag: ExifIFD (34665) - type: long (4) - value: b'f\x00\x00\x00'
2026-07-14 17:33:46 [scrapy.core.scraper] DEBUG: Scraped from <200 https://api.pexels.com/v1/search?query=cat&per_page=80&page=1>
{'image_urls': ['https://images.pexels.com/photos/32557420/pexels-photo-32557420.jpeg?auto=compress&cs=tinysrgb&dpr=2&h=650&w=940'],
 'images': [{'checksum': '1785556cd9f8365c81b7d8674dc1ed55',
             'path': 'cat/2a9274866a9485d0ced1b01d1c7046b4b1f87fde.jpg',
             'status': 'downloaded',
             'url': 'https://images.pexels.com/photos/32557420/pexels-photo-32557420.jpeg?auto=compress&cs=tinysrgb&dpr=2&h=650&w=940'}],
 'label': 'cat',
 'source_id': '32557420'}
2026-07-14 17:33:46 [scrapy.core.engine] DEBUG: Crawled (200) <GET https://images.pexels.com/photos/30002405/pexels-photo-30002405.jpeg?auto=compress&cs=tinysrgb&dpr=2&h=650&w=940> (referer: None)
2026-07-14 17:33:46 [scrapy.pipelines.files] DEBUG: File (downloaded): Downloaded file from <GET https://images.pexels.com/photos/30002405/pexels-photo-30002405.jpeg?auto=compress&cs=tinysrgb&dpr=2&h=650&w=940> referred in <None>
2026-07-14 17:33:46 [PIL.TiffImagePlugin] DEBUG: tag: Orientation (274) - type: short (3) - value: b'\x01\x00'
2026-07-14 17:33:46 [PIL.TiffImagePlugin] DEBUG: tag: XResolution (282) - type: rational (5) Tag Location: 34 - Data Location: 74 - value: b'H\x00\x00\x00\x01\x00\x00\x00'
2026-07-14 17:33:46 [PIL.TiffImagePlugin] DEBUG: tag: YResolution (283) - type: rational (5) Tag Location: 46 - Data Location: 82 - value: b'H\x00\x00\x00\x01\x00\x00\x00'
2026-07-14 17:33:46 [PIL.TiffImagePlugin] DEBUG: tag: ResolutionUnit (296) - type: short (3) - value: b'\x02\x00'
2026-07-14 17:33:46 [PIL.TiffImagePlugin] DEBUG: tag: ExifIFD (34665) - type: long (4) - value: b'Z\x00\x00\x00'
2026-07-14 17:33:46 [scrapy.core.scraper] DEBUG: Scraped from <200 https://api.pexels.com/v1/search?query=cat&per_page=80&page=1>
{'image_urls': ['https://images.pexels.com/photos/30002405/pexels-photo-30002405.jpeg?auto=compress&cs=tinysrgb&dpr=2&h=650&w=940'],
 'images': [{'checksum': '7c4a732f1d0ea87acad445ec046f8ed5',
             'path': 'cat/4123470268f6f2923c7666c0015d97548c0ee07a.jpg',
             'status': 'downloaded',
             'url': 'https://images.pexels.com/photos/30002405/pexels-photo-30002405.jpeg?auto=compress&cs=tinysrgb&dpr=2&h=650&w=940'}],
 'label': 'cat',
 'source_id': '30002405'}
2026-07-14 17:33:46 [scrapy.core.engine] DEBUG: Crawled (200) <GET https://images.pexels.com/photos/33585484/pexels-photo-33585484.jpeg?auto=compress&cs=tinysrgb&dpr=2&h=650&w=940> (referer: None)
2026-07-14 17:33:46 [scrapy.pipelines.files] DEBUG: File (downloaded): Downloaded file from <GET https://images.pexels.com/photos/33585484/pexels-photo-33585484.jpeg?auto=compress&cs=tinysrgb&dpr=2&h=650&w=940> referred in <None>
2026-07-14 17:33:46 [PIL.TiffImagePlugin] DEBUG: tag: Orientation (274) - type: short (3) - value: b'\x01\x00'
2026-07-14 17:33:46 [PIL.TiffImagePlugin] DEBUG: tag: XResolution (282) - type: rational (5) Tag Location: 34 - Data Location: 192 - value: b'H\x00\x00\x00\x01\x00\x00\x00'
2026-07-14 17:33:46 [PIL.TiffImagePlugin] DEBUG: tag: YResolution (283) - type: rational (5) Tag Location: 46 - Data Location: 200 - value: b'H\x00\x00\x00\x01\x00\x00\x00'
2026-07-14 17:33:46 [PIL.TiffImagePlugin] DEBUG: tag: ResolutionUnit (296) - type: short (3) - value: b'\x02\x00'
2026-07-14 17:33:46 [PIL.TiffImagePlugin] DEBUG: tag: Artist (315) - type: string (2) Tag Location: 70 - Data Location: 98 - value: <table: 37 bytes>
2026-07-14 17:33:46 [PIL.TiffImagePlugin] DEBUG: tag: Copyright (33432) - type: string (2) Tag Location: 82 - Data Location: 136 - value: <table: 55 bytes>
2026-07-14 17:33:46 [PIL.TiffImagePlugin] DEBUG: tag: ExifIFD (34665) - type: long (4) - value: b'\xd0\x00\x00\x00'
2026-07-14 17:33:47 [scrapy.core.scraper] DEBUG: Scraped from <200 https://api.pexels.com/v1/search?query=cat&per_page=80&page=1>
{'image_urls': ['https://images.pexels.com/photos/33585484/pexels-photo-33585484.jpeg?auto=compress&cs=tinysrgb&dpr=2&h=650&w=940'],
 'images': [{'checksum': '36e2d4ba7ae1d97d9126f74cfe40fd0a',
             'path': 'cat/be5010475f7ab26c5f452b87d76d9baf4e6a1a42.jpg',
             'status': 'downloaded',
             'url': 'https://images.pexels.com/photos/33585484/pexels-photo-33585484.jpeg?auto=compress&cs=tinysrgb&dpr=2&h=650&w=940'}],
 'label': 'cat',
 'source_id': '33585484'}
2026-07-14 17:33:47 [scrapy.core.engine] DEBUG: Crawled (200) <GET https://images.pexels.com/photos/32727348/pexels-photo-32727348.jpeg?auto=compress&cs=tinysrgb&dpr=2&h=650&w=940> (referer: None)
2026-07-14 17:33:47 [scrapy.pipelines.files] DEBUG: File (downloaded): Downloaded file from <GET https://images.pexels.com/photos/32727348/pexels-photo-32727348.jpeg?auto=compress&cs=tinysrgb&dpr=2&h=650&w=940> referred in <None>
2026-07-14 17:33:47 [PIL.TiffImagePlugin] DEBUG: tag: Orientation (274) - type: short (3) - value: b'\x01\x00'
2026-07-14 17:33:47 [PIL.TiffImagePlugin] DEBUG: tag: XResolution (282) - type: rational (5) Tag Location: 34 - Data Location: 74 - value: b'H\x00\x00\x00\x01\x00\x00\x00'
2026-07-14 17:33:47 [PIL.TiffImagePlugin] DEBUG: tag: YResolution (283) - type: rational (5) Tag Location: 46 - Data Location: 82 - value: b'H\x00\x00\x00\x01\x00\x00\x00'
2026-07-14 17:33:47 [PIL.TiffImagePlugin] DEBUG: tag: ResolutionUnit (296) - type: short (3) - value: b'\x02\x00'
2026-07-14 17:33:47 [PIL.TiffImagePlugin] DEBUG: tag: ExifIFD (34665) - type: long (4) - value: b'Z\x00\x00\x00'
2026-07-14 17:33:47 [scrapy.core.scraper] DEBUG: Scraped from <200 https://api.pexels.com/v1/search?query=cat&per_page=80&page=1>
{'image_urls': ['https://images.pexels.com/photos/32727348/pexels-photo-32727348.jpeg?auto=compress&cs=tinysrgb&dpr=2&h=650&w=940'],
 'images': [{'checksum': 'bb03d532673e912d1ad7a37072635084',
             'path': 'cat/9dbfe1a7451f2285752657d39f2bfc7a7892d559.jpg',
             'status': 'downloaded',
             'url': 'https://images.pexels.com/photos/32727348/pexels-photo-32727348.jpeg?auto=compress&cs=tinysrgb&dpr=2&h=650&w=940'}],
 'label': 'cat',
 'source_id': '32727348'}
2026-07-14 17:33:47 [scrapy.core.engine] DEBUG: Crawled (200) <GET https://images.pexels.com/photos/16412582/pexels-photo-16412582.jpeg?auto=compress&cs=tinysrgb&dpr=2&h=650&w=940> (referer: None)
2026-07-14 17:33:47 [scrapy.pipelines.files] DEBUG: File (downloaded): Downloaded file from <GET https://images.pexels.com/photos/16412582/pexels-photo-16412582.jpeg?auto=compress&cs=tinysrgb&dpr=2&h=650&w=940> referred in <None>
2026-07-14 17:33:47 [PIL.TiffImagePlugin] DEBUG: tag: Orientation (274) - type: short (3) - value: b'\x01\x00'
2026-07-14 17:33:47 [PIL.TiffImagePlugin] DEBUG: tag: XResolution (282) - type: rational (5) Tag Location: 34 - Data Location: 126 - value: b'H\x00\x00\x00\x01\x00\x00\x00'
2026-07-14 17:33:47 [PIL.TiffImagePlugin] DEBUG: tag: YResolution (283) - type: rational (5) Tag Location: 46 - Data Location: 134 - value: b'H\x00\x00\x00\x01\x00\x00\x00'
2026-07-14 17:33:47 [PIL.TiffImagePlugin] DEBUG: tag: ResolutionUnit (296) - type: short (3) - value: b'\x02\x00'
2026-07-14 17:33:47 [PIL.TiffImagePlugin] DEBUG: tag: Artist (315) - type: string (2) Tag Location: 70 - Data Location: 98 - value: b'Luiz Felipe da Silva\x00'
2026-07-14 17:33:47 [PIL.TiffImagePlugin] DEBUG: tag: Copyright (33432) - type: string (2) Tag Location: 82 - Data Location: 120 - value: b'Neodc\x00'
2026-07-14 17:33:47 [PIL.TiffImagePlugin] DEBUG: tag: ExifIFD (34665) - type: long (4) - value: b'\x8e\x00\x00\x00'
2026-07-14 17:33:47 [scrapy.core.scraper] DEBUG: Scraped from <200 https://api.pexels.com/v1/search?query=cat&per_page=80&page=1>
{'image_urls': ['https://images.pexels.com/photos/16412582/pexels-photo-16412582.jpeg?auto=compress&cs=tinysrgb&dpr=2&h=650&w=940'],
 'images': [{'checksum': '9982e02d8706dcd15faa2d7bd18ea608',
             'path': 'cat/978d5671874fd97d42c215a2ca485caec9c5fc12.jpg',
             'status': 'downloaded',
             'url': 'https://images.pexels.com/photos/16412582/pexels-photo-16412582.jpeg?auto=compress&cs=tinysrgb&dpr=2&h=650&w=940'}],
 'label': 'cat',
 'source_id': '16412582'}
2026-07-14 17:33:47 [scrapy.core.engine] DEBUG: Crawled (200) <GET https://images.pexels.com/photos/37003918/pexels-photo-37003918.jpeg?auto=compress&cs=tinysrgb&dpr=2&h=650&w=940> (referer: None)
2026-07-14 17:33:47 [scrapy.pipelines.files] DEBUG: File (downloaded): Downloaded file from <GET https://images.pexels.com/photos/37003918/pexels-photo-37003918.jpeg?auto=compress&cs=tinysrgb&dpr=2&h=650&w=940> referred in <None>
2026-07-14 17:33:47 [PIL.TiffImagePlugin] DEBUG: tag: Orientation (274) - type: short (3) - value: b'\x01\x00'
2026-07-14 17:33:47 [PIL.TiffImagePlugin] DEBUG: tag: XResolution (282) - type: rational (5) Tag Location: 34 - Data Location: 74 - value: b'H\x00\x00\x00\x01\x00\x00\x00'
2026-07-14 17:33:47 [PIL.TiffImagePlugin] DEBUG: tag: YResolution (283) - type: rational (5) Tag Location: 46 - Data Location: 82 - value: b'H\x00\x00\x00\x01\x00\x00\x00'
2026-07-14 17:33:47 [PIL.TiffImagePlugin] DEBUG: tag: ResolutionUnit (296) - type: short (3) - value: b'\x02\x00'
2026-07-14 17:33:47 [PIL.TiffImagePlugin] DEBUG: tag: ExifIFD (34665) - type: long (4) - value: b'Z\x00\x00\x00'
2026-07-14 17:33:47 [scrapy.core.scraper] DEBUG: Scraped from <200 https://api.pexels.com/v1/search?query=cat&per_page=80&page=1>
{'image_urls': ['https://images.pexels.com/photos/37003918/pexels-photo-37003918.jpeg?auto=compress&cs=tinysrgb&dpr=2&h=650&w=940'],
 'images': [{'checksum': 'de4ac8d5441f8c069fa122b3651f3ce0',
             'path': 'cat/4849c408e8c99c74c684c0676b247080aa5621a0.jpg',
             'status': 'downloaded',
             'url': 'https://images.pexels.com/photos/37003918/pexels-photo-37003918.jpeg?auto=compress&cs=tinysrgb&dpr=2&h=650&w=940'}],
 'label': 'cat',
 'source_id': '37003918'}
2026-07-14 17:33:48 [scrapy.core.engine] DEBUG: Crawled (200) <GET https://images.pexels.com/photos/30239303/pexels-photo-30239303.jpeg?auto=compress&cs=tinysrgb&dpr=2&h=650&w=940> (referer: None)
2026-07-14 17:33:48 [scrapy.pipelines.files] DEBUG: File (downloaded): Downloaded file from <GET https://images.pexels.com/photos/30239303/pexels-photo-30239303.jpeg?auto=compress&cs=tinysrgb&dpr=2&h=650&w=940> referred in <None>
2026-07-14 17:33:48 [PIL.TiffImagePlugin] DEBUG: tag: Orientation (274) - type: short (3) - value: b'\x00\x01'
2026-07-14 17:33:48 [PIL.TiffImagePlugin] DEBUG: tag: XResolution (282) - type: rational (5) Tag Location: 34 - Data Location: 74 - value: b'\x00\x00\x00H\x00\x00\x00\x01'
2026-07-14 17:33:48 [PIL.TiffImagePlugin] DEBUG: tag: YResolution (283) - type: rational (5) Tag Location: 46 - Data Location: 82 - value: b'\x00\x00\x00H\x00\x00\x00\x01'
2026-07-14 17:33:48 [PIL.TiffImagePlugin] DEBUG: tag: ResolutionUnit (296) - type: short (3) - value: b'\x00\x02'
2026-07-14 17:33:48 [PIL.TiffImagePlugin] DEBUG: tag: ExifIFD (34665) - type: long (4) - value: b'\x00\x00\x00Z'
2026-07-14 17:33:48 [scrapy.core.scraper] DEBUG: Scraped from <200 https://api.pexels.com/v1/search?query=cat&per_page=80&page=1>
{'image_urls': ['https://images.pexels.com/photos/30239303/pexels-photo-30239303.jpeg?auto=compress&cs=tinysrgb&dpr=2&h=650&w=940'],
 'images': [{'checksum': '44d326f0128942651d02d96ceb5389ee',
             'path': 'cat/3a97163b67c2be35130dee1abe5fa62e399cdb5e.jpg',
             'status': 'downloaded',
             'url': 'https://images.pexels.com/photos/30239303/pexels-photo-30239303.jpeg?auto=compress&cs=tinysrgb&dpr=2&h=650&w=940'}],
 'label': 'cat',
 'source_id': '30239303'}
2026-07-14 17:33:48 [scrapy.core.engine] DEBUG: Crawled (200) <GET https://images.pexels.com/photos/32727346/pexels-photo-32727346.jpeg?auto=compress&cs=tinysrgb&dpr=2&h=650&w=940> (referer: None)
2026-07-14 17:33:48 [scrapy.pipelines.files] DEBUG: File (downloaded): Downloaded file from <GET https://images.pexels.com/photos/32727346/pexels-photo-32727346.jpeg?auto=compress&cs=tinysrgb&dpr=2&h=650&w=940> referred in <None>
2026-07-14 17:33:48 [PIL.TiffImagePlugin] DEBUG: tag: Orientation (274) - type: short (3) - value: b'\x01\x00'
2026-07-14 17:33:48 [PIL.TiffImagePlugin] DEBUG: tag: XResolution (282) - type: rational (5) Tag Location: 34 - Data Location: 74 - value: b'H\x00\x00\x00\x01\x00\x00\x00'
2026-07-14 17:33:48 [PIL.TiffImagePlugin] DEBUG: tag: YResolution (283) - type: rational (5) Tag Location: 46 - Data Location: 82 - value: b'H\x00\x00\x00\x01\x00\x00\x00'
2026-07-14 17:33:48 [PIL.TiffImagePlugin] DEBUG: tag: ResolutionUnit (296) - type: short (3) - value: b'\x02\x00'
2026-07-14 17:33:48 [PIL.TiffImagePlugin] DEBUG: tag: ExifIFD (34665) - type: long (4) - value: b'Z\x00\x00\x00'
2026-07-14 17:33:48 [scrapy.core.scraper] DEBUG: Scraped from <200 https://api.pexels.com/v1/search?query=cat&per_page=80&page=1>
{'image_urls': ['https://images.pexels.com/photos/32727346/pexels-photo-32727346.jpeg?auto=compress&cs=tinysrgb&dpr=2&h=650&w=940'],
 'images': [{'checksum': '50ac7e4687946db04aed03e620d64b2b',
             'path': 'cat/6511e5693c9c712f2cd963d8f6e020778aa57f59.jpg',
             'status': 'downloaded',
             'url': 'https://images.pexels.com/photos/32727346/pexels-photo-32727346.jpeg?auto=compress&cs=tinysrgb&dpr=2&h=650&w=940'}],
 'label': 'cat',
 'source_id': '32727346'}
2026-07-14 17:33:48 [scrapy.core.engine] DEBUG: Crawled (200) <GET https://images.pexels.com/photos/9709428/pexels-photo-9709428.jpeg?auto=compress&cs=tinysrgb&dpr=2&h=650&w=940> (referer: None)
2026-07-14 17:33:48 [scrapy.pipelines.files] DEBUG: File (downloaded): Downloaded file from <GET https://images.pexels.com/photos/9709428/pexels-photo-9709428.jpeg?auto=compress&cs=tinysrgb&dpr=2&h=650&w=940> referred in <None>
2026-07-14 17:33:48 [PIL.TiffImagePlugin] DEBUG: tag: Orientation (274) - type: short (3) - value: b'\x01\x00'
2026-07-14 17:33:48 [PIL.TiffImagePlugin] DEBUG: tag: XResolution (282) - type: rational (5) Tag Location: 34 - Data Location: 132 - value: b'H\x00\x00\x00\x01\x00\x00\x00'
2026-07-14 17:33:48 [PIL.TiffImagePlugin] DEBUG: tag: YResolution (283) - type: rational (5) Tag Location: 46 - Data Location: 140 - value: b'H\x00\x00\x00\x01\x00\x00\x00'
2026-07-14 17:33:48 [PIL.TiffImagePlugin] DEBUG: tag: ResolutionUnit (296) - type: short (3) - value: b'\x02\x00'
2026-07-14 17:33:48 [PIL.TiffImagePlugin] DEBUG: tag: Artist (315) - type: string (2) Tag Location: 70 - Data Location: 98 - value: b'engin akyurt\x00'
2026-07-14 17:33:48 [PIL.TiffImagePlugin] DEBUG: tag: Copyright (33432) - type: string (2) Tag Location: 82 - Data Location: 112 - value: b'www.enginakyurt.com\x00'
2026-07-14 17:33:48 [PIL.TiffImagePlugin] DEBUG: tag: ExifIFD (34665) - type: long (4) - value: b'\x94\x00\x00\x00'
2026-07-14 17:33:48 [scrapy.core.scraper] DEBUG: Scraped from <200 https://api.pexels.com/v1/search?query=cat&per_page=80&page=1>
{'image_urls': ['https://images.pexels.com/photos/9709428/pexels-photo-9709428.jpeg?auto=compress&cs=tinysrgb&dpr=2&h=650&w=940'],
 'images': [{'checksum': '31a268def0de9e42aa32e92106a70955',
             'path': 'cat/c635ad54ca6895eee3516965ee7382c253ab2bcd.jpg',
             'status': 'downloaded',
             'url': 'https://images.pexels.com/photos/9709428/pexels-photo-9709428.jpeg?auto=compress&cs=tinysrgb&dpr=2&h=650&w=940'}],
 'label': 'cat',
 'source_id': '9709428'}
2026-07-14 17:33:49 [scrapy.core.engine] DEBUG: Crawled (200) <GET https://images.pexels.com/photos/12544638/pexels-photo-12544638.png?auto=compress&cs=tinysrgb&dpr=2&h=650&w=940> (referer: None)
2026-07-14 17:33:49 [scrapy.pipelines.files] DEBUG: File (downloaded): Downloaded file from <GET https://images.pexels.com/photos/12544638/pexels-photo-12544638.png?auto=compress&cs=tinysrgb&dpr=2&h=650&w=940> referred in <None>
2026-07-14 17:33:49 [PIL.PngImagePlugin] DEBUG: STREAM b'IHDR' 16 13
2026-07-14 17:33:49 [PIL.PngImagePlugin] DEBUG: STREAM b'eXIf' 41 180
2026-07-14 17:33:49 [PIL.PngImagePlugin] DEBUG: STREAM b'pHYs' 233 9
2026-07-14 17:33:49 [PIL.PngImagePlugin] DEBUG: STREAM b'zTXt' 254 285
2026-07-14 17:33:49 [PIL.PngImagePlugin] DEBUG: STREAM b'IDAT' 551 8192
2026-07-14 17:33:49 [PIL.TiffImagePlugin] DEBUG: tag: Orientation (274) - type: short (3) - value: b'\x01\x00'
2026-07-14 17:33:49 [PIL.TiffImagePlugin] DEBUG: tag: XResolution (282) - type: rational (5) Tag Location: 34 - Data Location: 86 - value: b'H\x00\x00\x00\x01\x00\x00\x00'
2026-07-14 17:33:49 [PIL.TiffImagePlugin] DEBUG: tag: YResolution (283) - type: rational (5) Tag Location: 46 - Data Location: 94 - value: b'H\x00\x00\x00\x01\x00\x00\x00'
2026-07-14 17:33:49 [PIL.TiffImagePlugin] DEBUG: tag: ResolutionUnit (296) - type: short (3) - value: b'\x02\x00'
2026-07-14 17:33:49 [PIL.TiffImagePlugin] DEBUG: tag: YCbCrPositioning (531) - type: short (3) - value: b'\x01\x00'
2026-07-14 17:33:49 [PIL.TiffImagePlugin] DEBUG: tag: ExifIFD (34665) - type: long (4) - value: b'f\x00\x00\x00'
2026-07-14 17:33:49 [scrapy.core.scraper] DEBUG: Scraped from <200 https://api.pexels.com/v1/search?query=cat&per_page=80&page=1>
{'image_urls': ['https://images.pexels.com/photos/12544638/pexels-photo-12544638.png?auto=compress&cs=tinysrgb&dpr=2&h=650&w=940'],
 'images': [{'checksum': '8cad55f9a765a5a9dc88d53d5cdd2146',
             'path': 'cat/853675a46dc30ce2dd0330ddefa9c7fd07e77413.jpg',
             'status': 'downloaded',
             'url': 'https://images.pexels.com/photos/12544638/pexels-photo-12544638.png?auto=compress&cs=tinysrgb&dpr=2&h=650&w=940'}],
 'label': 'cat',
 'source_id': '12544638'}
2026-07-14 17:33:49 [scrapy.core.engine] DEBUG: Crawled (200) <GET https://images.pexels.com/photos/34464846/pexels-photo-34464846.jpeg?auto=compress&cs=tinysrgb&dpr=2&h=650&w=940> (referer: None)
2026-07-14 17:33:49 [scrapy.pipelines.files] DEBUG: File (downloaded): Downloaded file from <GET https://images.pexels.com/photos/34464846/pexels-photo-34464846.jpeg?auto=compress&cs=tinysrgb&dpr=2&h=650&w=940> referred in <None>
2026-07-14 17:33:49 [PIL.TiffImagePlugin] DEBUG: tag: Orientation (274) - type: short (3) - value: b'\x01\x00'
2026-07-14 17:33:49 [PIL.TiffImagePlugin] DEBUG: tag: XResolution (282) - type: rational (5) Tag Location: 34 - Data Location: 160 - value: b'H\x00\x00\x00\x01\x00\x00\x00'
2026-07-14 17:33:49 [PIL.TiffImagePlugin] DEBUG: tag: YResolution (283) - type: rational (5) Tag Location: 46 - Data Location: 168 - value: b'H\x00\x00\x00\x01\x00\x00\x00'
2026-07-14 17:33:49 [PIL.TiffImagePlugin] DEBUG: tag: ResolutionUnit (296) - type: short (3) - value: b'\x02\x00'
2026-07-14 17:33:49 [PIL.TiffImagePlugin] DEBUG: tag: Artist (315) - type: string (2) Tag Location: 70 - Data Location: 98 - value: b'MUAMMED ALI BEKIR\x00'
2026-07-14 17:33:49 [PIL.TiffImagePlugin] DEBUG: tag: Copyright (33432) - type: string (2) Tag Location: 82 - Data Location: 116 - value: <table: 43 bytes>
2026-07-14 17:33:49 [PIL.TiffImagePlugin] DEBUG: tag: ExifIFD (34665) - type: long (4) - value: b'\xb0\x00\x00\x00'
2026-07-14 17:33:49 [scrapy.core.scraper] DEBUG: Scraped from <200 https://api.pexels.com/v1/search?query=cat&per_page=80&page=1>
{'image_urls': ['https://images.pexels.com/photos/34464846/pexels-photo-34464846.jpeg?auto=compress&cs=tinysrgb&dpr=2&h=650&w=940'],
 'images': [{'checksum': '1455c0be68d2934b384637e3f1dab699',
             'path': 'cat/65850e2702fe673f38efe65753e92933f11e8a7c.jpg',
             'status': 'downloaded',
             'url': 'https://images.pexels.com/photos/34464846/pexels-photo-34464846.jpeg?auto=compress&cs=tinysrgb&dpr=2&h=650&w=940'}],
 'label': 'cat',
 'source_id': '34464846'}
2026-07-14 17:33:49 [scrapy.core.engine] DEBUG: Crawled (200) <GET https://images.pexels.com/photos/29020872/pexels-photo-29020872.jpeg?auto=compress&cs=tinysrgb&dpr=2&h=650&w=940> (referer: None)
2026-07-14 17:33:49 [scrapy.pipelines.files] DEBUG: File (downloaded): Downloaded file from <GET https://images.pexels.com/photos/29020872/pexels-photo-29020872.jpeg?auto=compress&cs=tinysrgb&dpr=2&h=650&w=940> referred in <None>
2026-07-14 17:33:49 [PIL.TiffImagePlugin] DEBUG: tag: Orientation (274) - type: short (3) - value: b'\x01\x00'
2026-07-14 17:33:49 [PIL.TiffImagePlugin] DEBUG: tag: XResolution (282) - type: rational (5) Tag Location: 34 - Data Location: 74 - value: b'H\x00\x00\x00\x01\x00\x00\x00'
2026-07-14 17:33:49 [PIL.TiffImagePlugin] DEBUG: tag: YResolution (283) - type: rational (5) Tag Location: 46 - Data Location: 82 - value: b'H\x00\x00\x00\x01\x00\x00\x00'
2026-07-14 17:33:49 [PIL.TiffImagePlugin] DEBUG: tag: ResolutionUnit (296) - type: short (3) - value: b'\x02\x00'
2026-07-14 17:33:49 [PIL.TiffImagePlugin] DEBUG: tag: ExifIFD (34665) - type: long (4) - value: b'Z\x00\x00\x00'
2026-07-14 17:33:49 [scrapy.core.scraper] DEBUG: Scraped from <200 https://api.pexels.com/v1/search?query=cat&per_page=80&page=1>
{'image_urls': ['https://images.pexels.com/photos/29020872/pexels-photo-29020872.jpeg?auto=compress&cs=tinysrgb&dpr=2&h=650&w=940'],
 'images': [{'checksum': '8739b7b204bb3800cb6abf95bef30e61',
             'path': 'cat/b4c9d918541f110f42b645ff2e091e961af0a932.jpg',
             'status': 'downloaded',
             'url': 'https://images.pexels.com/photos/29020872/pexels-photo-29020872.jpeg?auto=compress&cs=tinysrgb&dpr=2&h=650&w=940'}],
 'label': 'cat',
 'source_id': '29020872'}
2026-07-14 17:33:50 [scrapy.core.engine] DEBUG: Crawled (200) <GET https://images.pexels.com/photos/16622819/pexels-photo-16622819.jpeg?auto=compress&cs=tinysrgb&dpr=2&h=650&w=940> (referer: None)
2026-07-14 17:33:50 [scrapy.pipelines.files] DEBUG: File (downloaded): Downloaded file from <GET https://images.pexels.com/photos/16622819/pexels-photo-16622819.jpeg?auto=compress&cs=tinysrgb&dpr=2&h=650&w=940> referred in <None>
2026-07-14 17:33:50 [PIL.TiffImagePlugin] DEBUG: tag: Orientation (274) - type: short (3) - value: b'\x01\x00'
2026-07-14 17:33:50 [PIL.TiffImagePlugin] DEBUG: tag: XResolution (282) - type: rational (5) Tag Location: 34 - Data Location: 74 - value: b'H\x00\x00\x00\x01\x00\x00\x00'
2026-07-14 17:33:50 [PIL.TiffImagePlugin] DEBUG: tag: YResolution (283) - type: rational (5) Tag Location: 46 - Data Location: 82 - value: b'H\x00\x00\x00\x01\x00\x00\x00'
2026-07-14 17:33:50 [PIL.TiffImagePlugin] DEBUG: tag: ResolutionUnit (296) - type: short (3) - value: b'\x02\x00'
2026-07-14 17:33:50 [PIL.TiffImagePlugin] DEBUG: tag: ExifIFD (34665) - type: long (4) - value: b'Z\x00\x00\x00'
2026-07-14 17:33:50 [scrapy.core.scraper] DEBUG: Scraped from <200 https://api.pexels.com/v1/search?query=cat&per_page=80&page=1>
{'image_urls': ['https://images.pexels.com/photos/16622819/pexels-photo-16622819.jpeg?auto=compress&cs=tinysrgb&dpr=2&h=650&w=940'],
 'images': [{'checksum': '2e491512682d69e56e2a03b3cec0c470',
             'path': 'cat/fc4e44a3bb414de75bfad33035f7aa3f11e55777.jpg',
             'status': 'downloaded',
             'url': 'https://images.pexels.com/photos/16622819/pexels-photo-16622819.jpeg?auto=compress&cs=tinysrgb&dpr=2&h=650&w=940'}],
 'label': 'cat',
 'source_id': '16622819'}
2026-07-14 17:33:50 [scrapy.core.engine] DEBUG: Crawled (200) <GET https://images.pexels.com/photos/32481757/pexels-photo-32481757.jpeg?auto=compress&cs=tinysrgb&dpr=2&h=650&w=940> (referer: None)
2026-07-14 17:33:50 [scrapy.pipelines.files] DEBUG: File (downloaded): Downloaded file from <GET https://images.pexels.com/photos/32481757/pexels-photo-32481757.jpeg?auto=compress&cs=tinysrgb&dpr=2&h=650&w=940> referred in <None>
2026-07-14 17:33:50 [PIL.TiffImagePlugin] DEBUG: tag: Orientation (274) - type: short (3) - value: b'\x00\x01'
2026-07-14 17:33:50 [PIL.TiffImagePlugin] DEBUG: tag: XResolution (282) - type: rational (5) Tag Location: 34 - Data Location: 74 - value: b'\x00\x00\x00H\x00\x00\x00\x01'
2026-07-14 17:33:50 [PIL.TiffImagePlugin] DEBUG: tag: YResolution (283) - type: rational (5) Tag Location: 46 - Data Location: 82 - value: b'\x00\x00\x00H\x00\x00\x00\x01'
2026-07-14 17:33:50 [PIL.TiffImagePlugin] DEBUG: tag: ResolutionUnit (296) - type: short (3) - value: b'\x00\x02'
2026-07-14 17:33:50 [PIL.TiffImagePlugin] DEBUG: tag: ExifIFD (34665) - type: long (4) - value: b'\x00\x00\x00Z'
2026-07-14 17:33:50 [scrapy.core.scraper] DEBUG: Scraped from <200 https://api.pexels.com/v1/search?query=cat&per_page=80&page=1>
{'image_urls': ['https://images.pexels.com/photos/32481757/pexels-photo-32481757.jpeg?auto=compress&cs=tinysrgb&dpr=2&h=650&w=940'],
 'images': [{'checksum': '56ff41daad3cf32ba6d29a79950e40ed',
             'path': 'cat/dacc0a509742311d4386d59e6acc68b8e2f04d5e.jpg',
             'status': 'downloaded',
             'url': 'https://images.pexels.com/photos/32481757/pexels-photo-32481757.jpeg?auto=compress&cs=tinysrgb&dpr=2&h=650&w=940'}],
 'label': 'cat',
 'source_id': '32481757'}
2026-07-14 17:33:50 [scrapy.core.engine] DEBUG: Crawled (200) <GET https://images.pexels.com/photos/6897077/pexels-photo-6897077.jpeg?auto=compress&cs=tinysrgb&dpr=2&h=650&w=940> (referer: None)
2026-07-14 17:33:50 [scrapy.pipelines.files] DEBUG: File (downloaded): Downloaded file from <GET https://images.pexels.com/photos/6897077/pexels-photo-6897077.jpeg?auto=compress&cs=tinysrgb&dpr=2&h=650&w=940> referred in <None>
2026-07-14 17:33:50 [PIL.TiffImagePlugin] DEBUG: tag: Orientation (274) - type: short (3) - value: b'\x00\x01'
2026-07-14 17:33:50 [PIL.TiffImagePlugin] DEBUG: tag: XResolution (282) - type: rational (5) Tag Location: 34 - Data Location: 74 - value: b'\x00\x00\x00H\x00\x00\x00\x01'
2026-07-14 17:33:50 [PIL.TiffImagePlugin] DEBUG: tag: YResolution (283) - type: rational (5) Tag Location: 46 - Data Location: 82 - value: b'\x00\x00\x00H\x00\x00\x00\x01'
2026-07-14 17:33:50 [PIL.TiffImagePlugin] DEBUG: tag: ResolutionUnit (296) - type: short (3) - value: b'\x00\x02'
2026-07-14 17:33:50 [PIL.TiffImagePlugin] DEBUG: tag: ExifIFD (34665) - type: long (4) - value: b'\x00\x00\x00Z'
2026-07-14 17:33:50 [scrapy.core.scraper] DEBUG: Scraped from <200 https://api.pexels.com/v1/search?query=cat&per_page=80&page=1>
{'image_urls': ['https://images.pexels.com/photos/6897077/pexels-photo-6897077.jpeg?auto=compress&cs=tinysrgb&dpr=2&h=650&w=940'],
 'images': [{'checksum': 'd6ea56f988f30b5be094687f3bc6a967',
             'path': 'cat/c02c14974c08a6468cc9d58748591f790669861a.jpg',
             'status': 'downloaded',
             'url': 'https://images.pexels.com/photos/6897077/pexels-photo-6897077.jpeg?auto=compress&cs=tinysrgb&dpr=2&h=650&w=940'}],
 'label': 'cat',
 'source_id': '6897077'}
2026-07-14 17:33:51 [scrapy.core.engine] DEBUG: Crawled (200) <GET https://images.pexels.com/photos/16222025/pexels-photo-16222025.jpeg?auto=compress&cs=tinysrgb&dpr=2&h=650&w=940> (referer: None)
2026-07-14 17:33:51 [scrapy.pipelines.files] DEBUG: File (downloaded): Downloaded file from <GET https://images.pexels.com/photos/16222025/pexels-photo-16222025.jpeg?auto=compress&cs=tinysrgb&dpr=2&h=650&w=940> referred in <None>
2026-07-14 17:33:51 [PIL.TiffImagePlugin] DEBUG: tag: Orientation (274) - type: short (3) - value: b'\x01\x00'
2026-07-14 17:33:51 [PIL.TiffImagePlugin] DEBUG: tag: XResolution (282) - type: rational (5) Tag Location: 34 - Data Location: 130 - value: b'H\x00\x00\x00\x01\x00\x00\x00'
2026-07-14 17:33:51 [PIL.TiffImagePlugin] DEBUG: tag: YResolution (283) - type: rational (5) Tag Location: 46 - Data Location: 138 - value: b'H\x00\x00\x00\x01\x00\x00\x00'
2026-07-14 17:33:51 [PIL.TiffImagePlugin] DEBUG: tag: ResolutionUnit (296) - type: short (3) - value: b'\x02\x00'
2026-07-14 17:33:51 [PIL.TiffImagePlugin] DEBUG: tag: Artist (315) - type: string (2) Tag Location: 70 - Data Location: 98 - value: b'LE QUANG NHAT\x00'
2026-07-14 17:33:51 [PIL.TiffImagePlugin] DEBUG: tag: Copyright (33432) - type: string (2) Tag Location: 82 - Data Location: 112 - value: b'(c)Le Quang Nhat\x00'
2026-07-14 17:33:51 [PIL.TiffImagePlugin] DEBUG: tag: ExifIFD (34665) - type: long (4) - value: b'\x92\x00\x00\x00'
2026-07-14 17:33:51 [scrapy.core.scraper] DEBUG: Scraped from <200 https://api.pexels.com/v1/search?query=cat&per_page=80&page=1>
{'image_urls': ['https://images.pexels.com/photos/16222025/pexels-photo-16222025.jpeg?auto=compress&cs=tinysrgb&dpr=2&h=650&w=940'],
 'images': [{'checksum': '9a8b09a334ef97c066da84eb24dbed49',
             'path': 'cat/e2c5ae6e4ae1a98be0b272cfc234d556be341015.jpg',
             'status': 'downloaded',
             'url': 'https://images.pexels.com/photos/16222025/pexels-photo-16222025.jpeg?auto=compress&cs=tinysrgb&dpr=2&h=650&w=940'}],
 'label': 'cat',
 'source_id': '16222025'}
2026-07-14 17:33:51 [scrapy.core.engine] DEBUG: Crawled (200) <GET https://images.pexels.com/photos/27153320/pexels-photo-27153320.jpeg?auto=compress&cs=tinysrgb&dpr=2&h=650&w=940> (referer: None)
2026-07-14 17:33:51 [scrapy.pipelines.files] DEBUG: File (downloaded): Downloaded file from <GET https://images.pexels.com/photos/27153320/pexels-photo-27153320.jpeg?auto=compress&cs=tinysrgb&dpr=2&h=650&w=940> referred in <None>
2026-07-14 17:33:51 [PIL.TiffImagePlugin] DEBUG: tag: Orientation (274) - type: short (3) - value: b'\x01\x00'
2026-07-14 17:33:51 [PIL.TiffImagePlugin] DEBUG: tag: XResolution (282) - type: rational (5) Tag Location: 34 - Data Location: 94 - value: b'H\x00\x00\x00\x01\x00\x00\x00'
2026-07-14 17:33:51 [PIL.TiffImagePlugin] DEBUG: tag: YResolution (283) - type: rational (5) Tag Location: 46 - Data Location: 102 - value: b'H\x00\x00\x00\x01\x00\x00\x00'
2026-07-14 17:33:51 [PIL.TiffImagePlugin] DEBUG: tag: ResolutionUnit (296) - type: short (3) - value: b'\x02\x00'
2026-07-14 17:33:51 [PIL.TiffImagePlugin] DEBUG: tag: Artist (315) - type: string (2) Tag Location: 70 - Data Location: 86 - value: b'WARRSU\x00'
2026-07-14 17:33:51 [PIL.TiffImagePlugin] DEBUG: tag: ExifIFD (34665) - type: long (4) - value: b'n\x00\x00\x00'
2026-07-14 17:33:51 [scrapy.core.scraper] DEBUG: Scraped from <200 https://api.pexels.com/v1/search?query=cat&per_page=80&page=1>
{'image_urls': ['https://images.pexels.com/photos/27153320/pexels-photo-27153320.jpeg?auto=compress&cs=tinysrgb&dpr=2&h=650&w=940'],
 'images': [{'checksum': '3e8613db75cd6048f8a66f2b42c82fff',
             'path': 'cat/f90b733518ab24e90f7344770f84135187b77adf.jpg',
             'status': 'downloaded',
             'url': 'https://images.pexels.com/photos/27153320/pexels-photo-27153320.jpeg?auto=compress&cs=tinysrgb&dpr=2&h=650&w=940'}],
 'label': 'cat',
 'source_id': '27153320'}
2026-07-14 17:33:51 [scrapy.core.engine] DEBUG: Crawled (200) <GET https://images.pexels.com/photos/866496/pexels-photo-866496.jpeg?auto=compress&cs=tinysrgb&dpr=2&h=650&w=940> (referer: None)
2026-07-14 17:33:51 [scrapy.pipelines.files] DEBUG: File (downloaded): Downloaded file from <GET https://images.pexels.com/photos/866496/pexels-photo-866496.jpeg?auto=compress&cs=tinysrgb&dpr=2&h=650&w=940> referred in <None>
2026-07-14 17:33:51 [PIL.TiffImagePlugin] DEBUG: tag: Orientation (274) - type: short (3) - value: b'\x01\x00'
2026-07-14 17:33:51 [PIL.TiffImagePlugin] DEBUG: tag: XResolution (282) - type: rational (5) Tag Location: 34 - Data Location: 74 - value: b'H\x00\x00\x00\x01\x00\x00\x00'
2026-07-14 17:33:51 [PIL.TiffImagePlugin] DEBUG: tag: YResolution (283) - type: rational (5) Tag Location: 46 - Data Location: 82 - value: b'H\x00\x00\x00\x01\x00\x00\x00'
2026-07-14 17:33:51 [PIL.TiffImagePlugin] DEBUG: tag: ResolutionUnit (296) - type: short (3) - value: b'\x02\x00'
2026-07-14 17:33:51 [PIL.TiffImagePlugin] DEBUG: tag: ExifIFD (34665) - type: long (4) - value: b'Z\x00\x00\x00'
2026-07-14 17:33:51 [scrapy.core.scraper] DEBUG: Scraped from <200 https://api.pexels.com/v1/search?query=cat&per_page=80&page=1>
{'image_urls': ['https://images.pexels.com/photos/866496/pexels-photo-866496.jpeg?auto=compress&cs=tinysrgb&dpr=2&h=650&w=940'],
 'images': [{'checksum': '2d5bab6f67513d34f0af43f6e6c9f247',
             'path': 'cat/c70696a6593096b3f5662707e33ce0d365ad45a4.jpg',
             'status': 'downloaded',
             'url': 'https://images.pexels.com/photos/866496/pexels-photo-866496.jpeg?auto=compress&cs=tinysrgb&dpr=2&h=650&w=940'}],
 'label': 'cat',
 'source_id': '866496'}
2026-07-14 17:33:51 [scrapy.core.engine] DEBUG: Crawled (200) <GET https://images.pexels.com/photos/11445088/pexels-photo-11445088.jpeg?auto=compress&cs=tinysrgb&dpr=2&h=650&w=940> (referer: None)
2026-07-14 17:33:51 [scrapy.pipelines.files] DEBUG: File (downloaded): Downloaded file from <GET https://images.pexels.com/photos/11445088/pexels-photo-11445088.jpeg?auto=compress&cs=tinysrgb&dpr=2&h=650&w=940> referred in <None>
2026-07-14 17:33:51 [PIL.TiffImagePlugin] DEBUG: tag: Orientation (274) - type: short (3) - value: b'\x01\x00'
2026-07-14 17:33:51 [PIL.TiffImagePlugin] DEBUG: tag: XResolution (282) - type: rational (5) Tag Location: 34 - Data Location: 74 - value: b'H\x00\x00\x00\x01\x00\x00\x00'
2026-07-14 17:33:51 [PIL.TiffImagePlugin] DEBUG: tag: YResolution (283) - type: rational (5) Tag Location: 46 - Data Location: 82 - value: b'H\x00\x00\x00\x01\x00\x00\x00'
2026-07-14 17:33:51 [PIL.TiffImagePlugin] DEBUG: tag: ResolutionUnit (296) - type: short (3) - value: b'\x02\x00'
2026-07-14 17:33:51 [PIL.TiffImagePlugin] DEBUG: tag: ExifIFD (34665) - type: long (4) - value: b'Z\x00\x00\x00'
2026-07-14 17:33:51 [scrapy.core.scraper] DEBUG: Scraped from <200 https://api.pexels.com/v1/search?query=cat&per_page=80&page=1>
{'image_urls': ['https://images.pexels.com/photos/11445088/pexels-photo-11445088.jpeg?auto=compress&cs=tinysrgb&dpr=2&h=650&w=940'],
 'images': [{'checksum': '1162811083aa8b1d5c08019c30791f6c',
             'path': 'cat/d56ba55a0ecc2202bb39c0af23d149a631f4aef8.jpg',
             'status': 'downloaded',
             'url': 'https://images.pexels.com/photos/11445088/pexels-photo-11445088.jpeg?auto=compress&cs=tinysrgb&dpr=2&h=650&w=940'}],
 'label': 'cat',
 'source_id': '11445088'}
2026-07-14 17:33:52 [scrapy.core.engine] DEBUG: Crawled (200) <GET https://images.pexels.com/photos/28321203/pexels-photo-28321203.jpeg?auto=compress&cs=tinysrgb&dpr=2&h=650&w=940> (referer: None)
2026-07-14 17:33:52 [scrapy.pipelines.files] DEBUG: File (downloaded): Downloaded file from <GET https://images.pexels.com/photos/28321203/pexels-photo-28321203.jpeg?auto=compress&cs=tinysrgb&dpr=2&h=650&w=940> referred in <None>
2026-07-14 17:33:52 [PIL.TiffImagePlugin] DEBUG: tag: Orientation (274) - type: short (3) - value: b'\x01\x00'
2026-07-14 17:33:52 [PIL.TiffImagePlugin] DEBUG: tag: XResolution (282) - type: rational (5) Tag Location: 34 - Data Location: 74 - value: b'H\x00\x00\x00\x01\x00\x00\x00'
2026-07-14 17:33:52 [PIL.TiffImagePlugin] DEBUG: tag: YResolution (283) - type: rational (5) Tag Location: 46 - Data Location: 82 - value: b'H\x00\x00\x00\x01\x00\x00\x00'
2026-07-14 17:33:52 [PIL.TiffImagePlugin] DEBUG: tag: ResolutionUnit (296) - type: short (3) - value: b'\x02\x00'
2026-07-14 17:33:52 [PIL.TiffImagePlugin] DEBUG: tag: ExifIFD (34665) - type: long (4) - value: b'Z\x00\x00\x00'
2026-07-14 17:33:52 [scrapy.core.scraper] DEBUG: Scraped from <200 https://api.pexels.com/v1/search?query=cat&per_page=80&page=1>
{'image_urls': ['https://images.pexels.com/photos/28321203/pexels-photo-28321203.jpeg?auto=compress&cs=tinysrgb&dpr=2&h=650&w=940'],
 'images': [{'checksum': '12bb149526de7b3c0060748bf330b07d',
             'path': 'cat/f9664de64d5f7284102c4a4c99fc01c8e41858f6.jpg',
             'status': 'downloaded',
             'url': 'https://images.pexels.com/photos/28321203/pexels-photo-28321203.jpeg?auto=compress&cs=tinysrgb&dpr=2&h=650&w=940'}],
 'label': 'cat',
 'source_id': '28321203'}
2026-07-14 17:33:52 [scrapy.core.engine] DEBUG: Crawled (200) <GET https://images.pexels.com/photos/1754986/pexels-photo-1754986.jpeg?auto=compress&cs=tinysrgb&dpr=2&h=650&w=940> (referer: None)
2026-07-14 17:33:52 [scrapy.pipelines.files] DEBUG: File (downloaded): Downloaded file from <GET https://images.pexels.com/photos/1754986/pexels-photo-1754986.jpeg?auto=compress&cs=tinysrgb&dpr=2&h=650&w=940> referred in <None>
2026-07-14 17:33:52 [PIL.TiffImagePlugin] DEBUG: tag: Orientation (274) - type: short (3) - value: b'\x01\x00'
2026-07-14 17:33:52 [PIL.TiffImagePlugin] DEBUG: tag: XResolution (282) - type: rational (5) Tag Location: 34 - Data Location: 74 - value: b'H\x00\x00\x00\x01\x00\x00\x00'
2026-07-14 17:33:52 [PIL.TiffImagePlugin] DEBUG: tag: YResolution (283) - type: rational (5) Tag Location: 46 - Data Location: 82 - value: b'H\x00\x00\x00\x01\x00\x00\x00'
2026-07-14 17:33:52 [PIL.TiffImagePlugin] DEBUG: tag: ResolutionUnit (296) - type: short (3) - value: b'\x02\x00'
2026-07-14 17:33:52 [PIL.TiffImagePlugin] DEBUG: tag: ExifIFD (34665) - type: long (4) - value: b'Z\x00\x00\x00'
2026-07-14 17:33:52 [scrapy.core.scraper] DEBUG: Scraped from <200 https://api.pexels.com/v1/search?query=cat&per_page=80&page=1>
{'image_urls': ['https://images.pexels.com/photos/1754986/pexels-photo-1754986.jpeg?auto=compress&cs=tinysrgb&dpr=2&h=650&w=940'],
 'images': [{'checksum': '9977f63645aac1bbd3640216b0babe28',
             'path': 'cat/b3ec84b311e44b87c047c93d98e9953f34b48931.jpg',
             'status': 'downloaded',
             'url': 'https://images.pexels.com/photos/1754986/pexels-photo-1754986.jpeg?auto=compress&cs=tinysrgb&dpr=2&h=650&w=940'}],
 'label': 'cat',
 'source_id': '1754986'}
2026-07-14 17:33:52 [scrapy.core.engine] DEBUG: Crawled (200) <GET https://images.pexels.com/photos/29196411/pexels-photo-29196411.jpeg?auto=compress&cs=tinysrgb&dpr=2&h=650&w=940> (referer: None)
2026-07-14 17:33:52 [scrapy.pipelines.files] DEBUG: File (downloaded): Downloaded file from <GET https://images.pexels.com/photos/29196411/pexels-photo-29196411.jpeg?auto=compress&cs=tinysrgb&dpr=2&h=650&w=940> referred in <None>
2026-07-14 17:33:52 [PIL.TiffImagePlugin] DEBUG: tag: Orientation (274) - type: short (3) - value: b'\x00\x01'
2026-07-14 17:33:52 [PIL.TiffImagePlugin] DEBUG: tag: XResolution (282) - type: rational (5) Tag Location: 34 - Data Location: 74 - value: b'\x00\x00\x00H\x00\x00\x00\x01'
2026-07-14 17:33:52 [PIL.TiffImagePlugin] DEBUG: tag: YResolution (283) - type: rational (5) Tag Location: 46 - Data Location: 82 - value: b'\x00\x00\x00H\x00\x00\x00\x01'
2026-07-14 17:33:52 [PIL.TiffImagePlugin] DEBUG: tag: ResolutionUnit (296) - type: short (3) - value: b'\x00\x02'
2026-07-14 17:33:52 [PIL.TiffImagePlugin] DEBUG: tag: ExifIFD (34665) - type: long (4) - value: b'\x00\x00\x00Z'
2026-07-14 17:33:53 [scrapy.core.scraper] DEBUG: Scraped from <200 https://api.pexels.com/v1/search?query=cat&per_page=80&page=1>
{'image_urls': ['https://images.pexels.com/photos/29196411/pexels-photo-29196411.jpeg?auto=compress&cs=tinysrgb&dpr=2&h=650&w=940'],
 'images': [{'checksum': 'c5ed44f8620fa3e6e4bebdc0e3752af5',
             'path': 'cat/042e12c02f27176b1f635c7af9246cf24bdbdee8.jpg',
             'status': 'downloaded',
             'url': 'https://images.pexels.com/photos/29196411/pexels-photo-29196411.jpeg?auto=compress&cs=tinysrgb&dpr=2&h=650&w=940'}],
 'label': 'cat',
 'source_id': '29196411'}
2026-07-14 17:33:53 [scrapy.core.engine] DEBUG: Crawled (200) <GET https://images.pexels.com/photos/14178389/pexels-photo-14178389.jpeg?auto=compress&cs=tinysrgb&dpr=2&h=650&w=940> (referer: None)
2026-07-14 17:33:53 [scrapy.pipelines.files] DEBUG: File (downloaded): Downloaded file from <GET https://images.pexels.com/photos/14178389/pexels-photo-14178389.jpeg?auto=compress&cs=tinysrgb&dpr=2&h=650&w=940> referred in <None>
2026-07-14 17:33:53 [PIL.TiffImagePlugin] DEBUG: tag: Orientation (274) - type: short (3) - value: b'\x01\x00'
2026-07-14 17:33:53 [PIL.TiffImagePlugin] DEBUG: tag: XResolution (282) - type: rational (5) Tag Location: 34 - Data Location: 74 - value: b'H\x00\x00\x00\x01\x00\x00\x00'
2026-07-14 17:33:53 [PIL.TiffImagePlugin] DEBUG: tag: YResolution (283) - type: rational (5) Tag Location: 46 - Data Location: 82 - value: b'H\x00\x00\x00\x01\x00\x00\x00'
2026-07-14 17:33:53 [PIL.TiffImagePlugin] DEBUG: tag: ResolutionUnit (296) - type: short (3) - value: b'\x02\x00'
2026-07-14 17:33:53 [PIL.TiffImagePlugin] DEBUG: tag: ExifIFD (34665) - type: long (4) - value: b'Z\x00\x00\x00'
2026-07-14 17:33:53 [scrapy.core.scraper] DEBUG: Scraped from <200 https://api.pexels.com/v1/search?query=cat&per_page=80&page=1>
{'image_urls': ['https://images.pexels.com/photos/14178389/pexels-photo-14178389.jpeg?auto=compress&cs=tinysrgb&dpr=2&h=650&w=940'],
 'images': [{'checksum': 'ed4fd91ffd5393ad2e8e76f0a734205d',
             'path': 'cat/732640297abca1a1c03c83cfe05f30e7a3d0d260.jpg',
             'status': 'downloaded',
             'url': 'https://images.pexels.com/photos/14178389/pexels-photo-14178389.jpeg?auto=compress&cs=tinysrgb&dpr=2&h=650&w=940'}],
 'label': 'cat',
 'source_id': '14178389'}
2026-07-14 17:33:53 [scrapy.core.engine] DEBUG: Crawled (200) <GET https://images.pexels.com/photos/37973521/pexels-photo-37973521.jpeg?auto=compress&cs=tinysrgb&dpr=2&h=650&w=940> (referer: None)
2026-07-14 17:33:53 [scrapy.pipelines.files] DEBUG: File (downloaded): Downloaded file from <GET https://images.pexels.com/photos/37973521/pexels-photo-37973521.jpeg?auto=compress&cs=tinysrgb&dpr=2&h=650&w=940> referred in <None>
2026-07-14 17:33:53 [PIL.TiffImagePlugin] DEBUG: tag: Orientation (274) - type: short (3) - value: b'\x01\x00'
2026-07-14 17:33:53 [PIL.TiffImagePlugin] DEBUG: tag: XResolution (282) - type: rational (5) Tag Location: 34 - Data Location: 74 - value: b'H\x00\x00\x00\x01\x00\x00\x00'
2026-07-14 17:33:53 [PIL.TiffImagePlugin] DEBUG: tag: YResolution (283) - type: rational (5) Tag Location: 46 - Data Location: 82 - value: b'H\x00\x00\x00\x01\x00\x00\x00'
2026-07-14 17:33:53 [PIL.TiffImagePlugin] DEBUG: tag: ResolutionUnit (296) - type: short (3) - value: b'\x02\x00'
2026-07-14 17:33:53 [PIL.TiffImagePlugin] DEBUG: tag: ExifIFD (34665) - type: long (4) - value: b'Z\x00\x00\x00'
2026-07-14 17:33:53 [scrapy.core.scraper] DEBUG: Scraped from <200 https://api.pexels.com/v1/search?query=cat&per_page=80&page=1>
{'image_urls': ['https://images.pexels.com/photos/37973521/pexels-photo-37973521.jpeg?auto=compress&cs=tinysrgb&dpr=2&h=650&w=940'],
 'images': [{'checksum': '576547295acafc8c48c8f5c824d4a127',
             'path': 'cat/67f17fa2c4ad363dba5782329c1eb1d8f33185f8.jpg',
             'status': 'downloaded',
             'url': 'https://images.pexels.com/photos/37973521/pexels-photo-37973521.jpeg?auto=compress&cs=tinysrgb&dpr=2&h=650&w=940'}],
 'label': 'cat',
 'source_id': '37973521'}
2026-07-14 17:33:53 [scrapy.core.engine] DEBUG: Crawled (200) <GET https://images.pexels.com/photos/32119894/pexels-photo-32119894.jpeg?auto=compress&cs=tinysrgb&dpr=2&h=650&w=940> (referer: None)
2026-07-14 17:33:53 [scrapy.pipelines.files] DEBUG: File (downloaded): Downloaded file from <GET https://images.pexels.com/photos/32119894/pexels-photo-32119894.jpeg?auto=compress&cs=tinysrgb&dpr=2&h=650&w=940> referred in <None>
2026-07-14 17:33:53 [PIL.TiffImagePlugin] DEBUG: tag: Orientation (274) - type: short (3) - value: b'\x01\x00'
2026-07-14 17:33:53 [PIL.TiffImagePlugin] DEBUG: tag: XResolution (282) - type: rational (5) Tag Location: 34 - Data Location: 74 - value: b'H\x00\x00\x00\x01\x00\x00\x00'
2026-07-14 17:33:53 [PIL.TiffImagePlugin] DEBUG: tag: YResolution (283) - type: rational (5) Tag Location: 46 - Data Location: 82 - value: b'H\x00\x00\x00\x01\x00\x00\x00'
2026-07-14 17:33:53 [PIL.TiffImagePlugin] DEBUG: tag: ResolutionUnit (296) - type: short (3) - value: b'\x02\x00'
2026-07-14 17:33:53 [PIL.TiffImagePlugin] DEBUG: tag: ExifIFD (34665) - type: long (4) - value: b'Z\x00\x00\x00'
2026-07-14 17:33:53 [scrapy.core.scraper] DEBUG: Scraped from <200 https://api.pexels.com/v1/search?query=cat&per_page=80&page=1>
{'image_urls': ['https://images.pexels.com/photos/32119894/pexels-photo-32119894.jpeg?auto=compress&cs=tinysrgb&dpr=2&h=650&w=940'],
 'images': [{'checksum': 'f5d5968d4cd427e61d96fcb1052da350',
             'path': 'cat/3468adaee14b482561e2ec861f82705c564b5196.jpg',
             'status': 'downloaded',
             'url': 'https://images.pexels.com/photos/32119894/pexels-photo-32119894.jpeg?auto=compress&cs=tinysrgb&dpr=2&h=650&w=940'}],
 'label': 'cat',
 'source_id': '32119894'}
2026-07-14 17:33:54 [scrapy.core.engine] DEBUG: Crawled (200) <GET https://images.pexels.com/photos/7211205/pexels-photo-7211205.jpeg?auto=compress&cs=tinysrgb&dpr=2&h=650&w=940> (referer: None)
2026-07-14 17:33:54 [scrapy.pipelines.files] DEBUG: File (downloaded): Downloaded file from <GET https://images.pexels.com/photos/7211205/pexels-photo-7211205.jpeg?auto=compress&cs=tinysrgb&dpr=2&h=650&w=940> referred in <None>
2026-07-14 17:33:54 [PIL.TiffImagePlugin] DEBUG: tag: Orientation (274) - type: short (3) - value: b'\x01\x00'
2026-07-14 17:33:54 [PIL.TiffImagePlugin] DEBUG: tag: XResolution (282) - type: rational (5) Tag Location: 34 - Data Location: 74 - value: b'H\x00\x00\x00\x01\x00\x00\x00'
2026-07-14 17:33:54 [PIL.TiffImagePlugin] DEBUG: tag: YResolution (283) - type: rational (5) Tag Location: 46 - Data Location: 82 - value: b'H\x00\x00\x00\x01\x00\x00\x00'
2026-07-14 17:33:54 [PIL.TiffImagePlugin] DEBUG: tag: ResolutionUnit (296) - type: short (3) - value: b'\x02\x00'
2026-07-14 17:33:54 [PIL.TiffImagePlugin] DEBUG: tag: ExifIFD (34665) - type: long (4) - value: b'Z\x00\x00\x00'
2026-07-14 17:33:54 [scrapy.core.scraper] DEBUG: Scraped from <200 https://api.pexels.com/v1/search?query=cat&per_page=80&page=1>
{'image_urls': ['https://images.pexels.com/photos/7211205/pexels-photo-7211205.jpeg?auto=compress&cs=tinysrgb&dpr=2&h=650&w=940'],
 'images': [{'checksum': '6dd464e630265b6f09a2336d196e9008',
             'path': 'cat/0ef8a36fd6a49eafd33b55af28cb18b885d932ff.jpg',
             'status': 'downloaded',
             'url': 'https://images.pexels.com/photos/7211205/pexels-photo-7211205.jpeg?auto=compress&cs=tinysrgb&dpr=2&h=650&w=940'}],
 'label': 'cat',
 'source_id': '7211205'}
2026-07-14 17:33:54 [scrapy.core.engine] DEBUG: Crawled (200) <GET https://images.pexels.com/photos/13081375/pexels-photo-13081375.jpeg?auto=compress&cs=tinysrgb&dpr=2&h=650&w=940> (referer: None)
2026-07-14 17:33:54 [scrapy.pipelines.files] DEBUG: File (downloaded): Downloaded file from <GET https://images.pexels.com/photos/13081375/pexels-photo-13081375.jpeg?auto=compress&cs=tinysrgb&dpr=2&h=650&w=940> referred in <None>
2026-07-14 17:33:54 [PIL.TiffImagePlugin] DEBUG: tag: Orientation (274) - type: short (3) - value: b'\x01\x00'
2026-07-14 17:33:54 [PIL.TiffImagePlugin] DEBUG: tag: XResolution (282) - type: rational (5) Tag Location: 34 - Data Location: 74 - value: b'H\x00\x00\x00\x01\x00\x00\x00'
2026-07-14 17:33:54 [PIL.TiffImagePlugin] DEBUG: tag: YResolution (283) - type: rational (5) Tag Location: 46 - Data Location: 82 - value: b'H\x00\x00\x00\x01\x00\x00\x00'
2026-07-14 17:33:54 [PIL.TiffImagePlugin] DEBUG: tag: ResolutionUnit (296) - type: short (3) - value: b'\x02\x00'
2026-07-14 17:33:54 [PIL.TiffImagePlugin] DEBUG: tag: ExifIFD (34665) - type: long (4) - value: b'Z\x00\x00\x00'
2026-07-14 17:33:54 [scrapy.core.scraper] DEBUG: Scraped from <200 https://api.pexels.com/v1/search?query=cat&per_page=80&page=1>
{'image_urls': ['https://images.pexels.com/photos/13081375/pexels-photo-13081375.jpeg?auto=compress&cs=tinysrgb&dpr=2&h=650&w=940'],
 'images': [{'checksum': '545b0650cbde8ced5472966b146ddb96',
             'path': 'cat/dbc8d29e87623b2c136ed837d1265690c36f3ba2.jpg',
             'status': 'downloaded',
             'url': 'https://images.pexels.com/photos/13081375/pexels-photo-13081375.jpeg?auto=compress&cs=tinysrgb&dpr=2&h=650&w=940'}],
 'label': 'cat',
 'source_id': '13081375'}
2026-07-14 17:33:54 [scrapy.core.engine] DEBUG: Crawled (200) <GET https://images.pexels.com/photos/37667519/pexels-photo-37667519.jpeg?auto=compress&cs=tinysrgb&dpr=2&h=650&w=940> (referer: None)
2026-07-14 17:33:54 [scrapy.pipelines.files] DEBUG: File (downloaded): Downloaded file from <GET https://images.pexels.com/photos/37667519/pexels-photo-37667519.jpeg?auto=compress&cs=tinysrgb&dpr=2&h=650&w=940> referred in <None>
2026-07-14 17:33:54 [PIL.TiffImagePlugin] DEBUG: tag: Orientation (274) - type: short (3) - value: b'\x01\x00'
2026-07-14 17:33:54 [PIL.TiffImagePlugin] DEBUG: tag: XResolution (282) - type: rational (5) Tag Location: 34 - Data Location: 74 - value: b'H\x00\x00\x00\x01\x00\x00\x00'
2026-07-14 17:33:54 [PIL.TiffImagePlugin] DEBUG: tag: YResolution (283) - type: rational (5) Tag Location: 46 - Data Location: 82 - value: b'H\x00\x00\x00\x01\x00\x00\x00'
2026-07-14 17:33:54 [PIL.TiffImagePlugin] DEBUG: tag: ResolutionUnit (296) - type: short (3) - value: b'\x02\x00'
2026-07-14 17:33:54 [PIL.TiffImagePlugin] DEBUG: tag: ExifIFD (34665) - type: long (4) - value: b'Z\x00\x00\x00'
2026-07-14 17:33:54 [scrapy.core.scraper] DEBUG: Scraped from <200 https://api.pexels.com/v1/search?query=cat&per_page=80&page=1>
{'image_urls': ['https://images.pexels.com/photos/37667519/pexels-photo-37667519.jpeg?auto=compress&cs=tinysrgb&dpr=2&h=650&w=940'],
 'images': [{'checksum': '6b0d56a8a9cd5bc19786916535df70d3',
             'path': 'cat/560736392fca1a748886afe32482b3b2e71c2ace.jpg',
             'status': 'downloaded',
             'url': 'https://images.pexels.com/photos/37667519/pexels-photo-37667519.jpeg?auto=compress&cs=tinysrgb&dpr=2&h=650&w=940'}],
 'label': 'cat',
 'source_id': '37667519'}
2026-07-14 17:33:55 [scrapy.core.engine] DEBUG: Crawled (200) <GET https://images.pexels.com/photos/30002393/pexels-photo-30002393.jpeg?auto=compress&cs=tinysrgb&dpr=2&h=650&w=940> (referer: None)
2026-07-14 17:33:55 [scrapy.pipelines.files] DEBUG: File (downloaded): Downloaded file from <GET https://images.pexels.com/photos/30002393/pexels-photo-30002393.jpeg?auto=compress&cs=tinysrgb&dpr=2&h=650&w=940> referred in <None>
2026-07-14 17:33:55 [PIL.TiffImagePlugin] DEBUG: tag: Orientation (274) - type: short (3) - value: b'\x01\x00'
2026-07-14 17:33:55 [PIL.TiffImagePlugin] DEBUG: tag: XResolution (282) - type: rational (5) Tag Location: 34 - Data Location: 74 - value: b'H\x00\x00\x00\x01\x00\x00\x00'
2026-07-14 17:33:55 [PIL.TiffImagePlugin] DEBUG: tag: YResolution (283) - type: rational (5) Tag Location: 46 - Data Location: 82 - value: b'H\x00\x00\x00\x01\x00\x00\x00'
2026-07-14 17:33:55 [PIL.TiffImagePlugin] DEBUG: tag: ResolutionUnit (296) - type: short (3) - value: b'\x02\x00'
2026-07-14 17:33:55 [PIL.TiffImagePlugin] DEBUG: tag: ExifIFD (34665) - type: long (4) - value: b'Z\x00\x00\x00'
2026-07-14 17:33:55 [scrapy.core.scraper] DEBUG: Scraped from <200 https://api.pexels.com/v1/search?query=cat&per_page=80&page=1>
{'image_urls': ['https://images.pexels.com/photos/30002393/pexels-photo-30002393.jpeg?auto=compress&cs=tinysrgb&dpr=2&h=650&w=940'],
 'images': [{'checksum': 'ea1848cb449d021118ca2ac113fe106f',
             'path': 'cat/0bfa620e9d7ae9d42138a8ff7f6ff32d16b1e3e2.jpg',
             'status': 'downloaded',
             'url': 'https://images.pexels.com/photos/30002393/pexels-photo-30002393.jpeg?auto=compress&cs=tinysrgb&dpr=2&h=650&w=940'}],
 'label': 'cat',
 'source_id': '30002393'}
2026-07-14 17:33:55 [scrapy.core.engine] DEBUG: Crawled (200) <GET https://images.pexels.com/photos/38151502/pexels-photo-38151502.jpeg?auto=compress&cs=tinysrgb&dpr=2&h=650&w=940> (referer: None)
2026-07-14 17:33:55 [scrapy.pipelines.files] DEBUG: File (downloaded): Downloaded file from <GET https://images.pexels.com/photos/38151502/pexels-photo-38151502.jpeg?auto=compress&cs=tinysrgb&dpr=2&h=650&w=940> referred in <None>
2026-07-14 17:33:55 [PIL.TiffImagePlugin] DEBUG: tag: Orientation (274) - type: short (3) - value: b'\x01\x00'
2026-07-14 17:33:55 [PIL.TiffImagePlugin] DEBUG: tag: XResolution (282) - type: rational (5) Tag Location: 34 - Data Location: 74 - value: b'H\x00\x00\x00\x01\x00\x00\x00'
2026-07-14 17:33:55 [PIL.TiffImagePlugin] DEBUG: tag: YResolution (283) - type: rational (5) Tag Location: 46 - Data Location: 82 - value: b'H\x00\x00\x00\x01\x00\x00\x00'
2026-07-14 17:33:55 [PIL.TiffImagePlugin] DEBUG: tag: ResolutionUnit (296) - type: short (3) - value: b'\x02\x00'
2026-07-14 17:33:55 [PIL.TiffImagePlugin] DEBUG: tag: ExifIFD (34665) - type: long (4) - value: b'Z\x00\x00\x00'
2026-07-14 17:33:55 [scrapy.core.scraper] DEBUG: Scraped from <200 https://api.pexels.com/v1/search?query=cat&per_page=80&page=1>
{'image_urls': ['https://images.pexels.com/photos/38151502/pexels-photo-38151502.jpeg?auto=compress&cs=tinysrgb&dpr=2&h=650&w=940'],
 'images': [{'checksum': '7da022866110b206dd41dda944bf10f8',
             'path': 'cat/a93966cedd3d67c152edcb00a3e19a834efae452.jpg',
             'status': 'downloaded',
             'url': 'https://images.pexels.com/photos/38151502/pexels-photo-38151502.jpeg?auto=compress&cs=tinysrgb&dpr=2&h=650&w=940'}],
 'label': 'cat',
 'source_id': '38151502'}
2026-07-14 17:33:55 [scrapy.core.engine] DEBUG: Crawled (200) <GET https://images.pexels.com/photos/30002394/pexels-photo-30002394.jpeg?auto=compress&cs=tinysrgb&dpr=2&h=650&w=940> (referer: None)
2026-07-14 17:33:55 [scrapy.pipelines.files] DEBUG: File (downloaded): Downloaded file from <GET https://images.pexels.com/photos/30002394/pexels-photo-30002394.jpeg?auto=compress&cs=tinysrgb&dpr=2&h=650&w=940> referred in <None>
2026-07-14 17:33:55 [PIL.TiffImagePlugin] DEBUG: tag: Orientation (274) - type: short (3) - value: b'\x01\x00'
2026-07-14 17:33:55 [PIL.TiffImagePlugin] DEBUG: tag: XResolution (282) - type: rational (5) Tag Location: 34 - Data Location: 74 - value: b'H\x00\x00\x00\x01\x00\x00\x00'
2026-07-14 17:33:55 [PIL.TiffImagePlugin] DEBUG: tag: YResolution (283) - type: rational (5) Tag Location: 46 - Data Location: 82 - value: b'H\x00\x00\x00\x01\x00\x00\x00'
2026-07-14 17:33:55 [PIL.TiffImagePlugin] DEBUG: tag: ResolutionUnit (296) - type: short (3) - value: b'\x02\x00'
2026-07-14 17:33:55 [PIL.TiffImagePlugin] DEBUG: tag: ExifIFD (34665) - type: long (4) - value: b'Z\x00\x00\x00'
2026-07-14 17:33:55 [scrapy.core.scraper] DEBUG: Scraped from <200 https://api.pexels.com/v1/search?query=cat&per_page=80&page=1>
{'image_urls': ['https://images.pexels.com/photos/30002394/pexels-photo-30002394.jpeg?auto=compress&cs=tinysrgb&dpr=2&h=650&w=940'],
 'images': [{'checksum': '7075adfef289d3beaa2ac8dd4432fe02',
             'path': 'cat/3db5b53535b7ded4a348eb0ef9418a9799ab5b8d.jpg',
             'status': 'downloaded',
             'url': 'https://images.pexels.com/photos/30002394/pexels-photo-30002394.jpeg?auto=compress&cs=tinysrgb&dpr=2&h=650&w=940'}],
 'label': 'cat',
 'source_id': '30002394'}
2026-07-14 17:33:55 [scrapy.core.engine] DEBUG: Crawled (200) <GET https://images.pexels.com/photos/35409277/pexels-photo-35409277.jpeg?auto=compress&cs=tinysrgb&dpr=2&h=650&w=940> (referer: None)
2026-07-14 17:33:55 [scrapy.pipelines.files] DEBUG: File (downloaded): Downloaded file from <GET https://images.pexels.com/photos/35409277/pexels-photo-35409277.jpeg?auto=compress&cs=tinysrgb&dpr=2&h=650&w=940> referred in <None>
2026-07-14 17:33:55 [PIL.TiffImagePlugin] DEBUG: tag: Orientation (274) - type: short (3) - value: b'\x01\x00'
2026-07-14 17:33:55 [PIL.TiffImagePlugin] DEBUG: tag: XResolution (282) - type: rational (5) Tag Location: 34 - Data Location: 74 - value: b'H\x00\x00\x00\x01\x00\x00\x00'
2026-07-14 17:33:55 [PIL.TiffImagePlugin] DEBUG: tag: YResolution (283) - type: rational (5) Tag Location: 46 - Data Location: 82 - value: b'H\x00\x00\x00\x01\x00\x00\x00'
2026-07-14 17:33:55 [PIL.TiffImagePlugin] DEBUG: tag: ResolutionUnit (296) - type: short (3) - value: b'\x02\x00'
2026-07-14 17:33:55 [PIL.TiffImagePlugin] DEBUG: tag: ExifIFD (34665) - type: long (4) - value: b'Z\x00\x00\x00'
2026-07-14 17:33:55 [scrapy.core.scraper] DEBUG: Scraped from <200 https://api.pexels.com/v1/search?query=cat&per_page=80&page=1>
{'image_urls': ['https://images.pexels.com/photos/35409277/pexels-photo-35409277.jpeg?auto=compress&cs=tinysrgb&dpr=2&h=650&w=940'],
 'images': [{'checksum': '4dff7d6ae8fbfb6cddd4ca344d9f84f1',
             'path': 'cat/4e3b6fe61644c19481351739a52742cd6508f729.jpg',
             'status': 'downloaded',
             'url': 'https://images.pexels.com/photos/35409277/pexels-photo-35409277.jpeg?auto=compress&cs=tinysrgb&dpr=2&h=650&w=940'}],
 'label': 'cat',
 'source_id': '35409277'}
2026-07-14 17:33:55 [scrapy.core.engine] DEBUG: Crawled (200) <GET https://images.pexels.com/photos/116835/pexels-photo-116835.jpeg?auto=compress&cs=tinysrgb&dpr=2&h=650&w=940> (referer: None)
2026-07-14 17:33:55 [scrapy.pipelines.files] DEBUG: File (downloaded): Downloaded file from <GET https://images.pexels.com/photos/116835/pexels-photo-116835.jpeg?auto=compress&cs=tinysrgb&dpr=2&h=650&w=940> referred in <None>
2026-07-14 17:33:55 [PIL.TiffImagePlugin] DEBUG: tag: Orientation (274) - type: short (3) - value: b'\x01\x00'
2026-07-14 17:33:55 [PIL.TiffImagePlugin] DEBUG: tag: XResolution (282) - type: rational (5) Tag Location: 34 - Data Location: 74 - value: b'H\x00\x00\x00\x01\x00\x00\x00'
2026-07-14 17:33:55 [PIL.TiffImagePlugin] DEBUG: tag: YResolution (283) - type: rational (5) Tag Location: 46 - Data Location: 82 - value: b'H\x00\x00\x00\x01\x00\x00\x00'
2026-07-14 17:33:55 [PIL.TiffImagePlugin] DEBUG: tag: ResolutionUnit (296) - type: short (3) - value: b'\x02\x00'
2026-07-14 17:33:55 [PIL.TiffImagePlugin] DEBUG: tag: ExifIFD (34665) - type: long (4) - value: b'Z\x00\x00\x00'
2026-07-14 17:33:56 [scrapy.core.scraper] DEBUG: Scraped from <200 https://api.pexels.com/v1/search?query=cat&per_page=80&page=1>
{'image_urls': ['https://images.pexels.com/photos/116835/pexels-photo-116835.jpeg?auto=compress&cs=tinysrgb&dpr=2&h=650&w=940'],
 'images': [{'checksum': '70626ecab813fa26a1d4a5af1e86a715',
             'path': 'cat/d2482db4ebf347f66e460acff6c42241f2d5f3e6.jpg',
             'status': 'downloaded',
             'url': 'https://images.pexels.com/photos/116835/pexels-photo-116835.jpeg?auto=compress&cs=tinysrgb&dpr=2&h=650&w=940'}],
 'label': 'cat',
 'source_id': '116835'}
2026-07-14 17:33:56 [scrapy.core.engine] DEBUG: Crawled (200) <GET https://images.pexels.com/photos/6001401/pexels-photo-6001401.jpeg?auto=compress&cs=tinysrgb&dpr=2&h=650&w=940> (referer: None)
2026-07-14 17:33:56 [scrapy.pipelines.files] DEBUG: File (downloaded): Downloaded file from <GET https://images.pexels.com/photos/6001401/pexels-photo-6001401.jpeg?auto=compress&cs=tinysrgb&dpr=2&h=650&w=940> referred in <None>
2026-07-14 17:33:56 [PIL.TiffImagePlugin] DEBUG: tag: Orientation (274) - type: short (3) - value: b'\x01\x00'
2026-07-14 17:33:56 [PIL.TiffImagePlugin] DEBUG: tag: XResolution (282) - type: rational (5) Tag Location: 34 - Data Location: 74 - value: b'H\x00\x00\x00\x01\x00\x00\x00'
2026-07-14 17:33:56 [PIL.TiffImagePlugin] DEBUG: tag: YResolution (283) - type: rational (5) Tag Location: 46 - Data Location: 82 - value: b'H\x00\x00\x00\x01\x00\x00\x00'
2026-07-14 17:33:56 [PIL.TiffImagePlugin] DEBUG: tag: ResolutionUnit (296) - type: short (3) - value: b'\x02\x00'
2026-07-14 17:33:56 [PIL.TiffImagePlugin] DEBUG: tag: ExifIFD (34665) - type: long (4) - value: b'Z\x00\x00\x00'
2026-07-14 17:33:56 [scrapy.core.scraper] DEBUG: Scraped from <200 https://api.pexels.com/v1/search?query=cat&per_page=80&page=1>
{'image_urls': ['https://images.pexels.com/photos/6001401/pexels-photo-6001401.jpeg?auto=compress&cs=tinysrgb&dpr=2&h=650&w=940'],
 'images': [{'checksum': 'b64a48a4ef4903f3298903f3d0220230',
             'path': 'cat/b4ff9a94d6f8938a051a3fc2387e5179eb1b408a.jpg',
             'status': 'downloaded',
             'url': 'https://images.pexels.com/photos/6001401/pexels-photo-6001401.jpeg?auto=compress&cs=tinysrgb&dpr=2&h=650&w=940'}],
 'label': 'cat',
 'source_id': '6001401'}
2026-07-14 17:33:56 [scrapy.core.engine] DEBUG: Crawled (200) <GET https://images.pexels.com/photos/20338832/pexels-photo-20338832.jpeg?auto=compress&cs=tinysrgb&dpr=2&h=650&w=940> (referer: None)
2026-07-14 17:33:56 [scrapy.pipelines.files] DEBUG: File (downloaded): Downloaded file from <GET https://images.pexels.com/photos/20338832/pexels-photo-20338832.jpeg?auto=compress&cs=tinysrgb&dpr=2&h=650&w=940> referred in <None>
2026-07-14 17:33:56 [PIL.TiffImagePlugin] DEBUG: tag: Orientation (274) - type: short (3) - value: b'\x00\x01'
2026-07-14 17:33:56 [PIL.TiffImagePlugin] DEBUG: tag: XResolution (282) - type: rational (5) Tag Location: 34 - Data Location: 74 - value: b'\x00\x00\x00H\x00\x00\x00\x01'
2026-07-14 17:33:56 [PIL.TiffImagePlugin] DEBUG: tag: YResolution (283) - type: rational (5) Tag Location: 46 - Data Location: 82 - value: b'\x00\x00\x00H\x00\x00\x00\x01'
2026-07-14 17:33:56 [PIL.TiffImagePlugin] DEBUG: tag: ResolutionUnit (296) - type: short (3) - value: b'\x00\x02'
2026-07-14 17:33:56 [PIL.TiffImagePlugin] DEBUG: tag: ExifIFD (34665) - type: long (4) - value: b'\x00\x00\x00Z'
2026-07-14 17:33:56 [scrapy.core.scraper] DEBUG: Scraped from <200 https://api.pexels.com/v1/search?query=cat&per_page=80&page=1>
{'image_urls': ['https://images.pexels.com/photos/20338832/pexels-photo-20338832.jpeg?auto=compress&cs=tinysrgb&dpr=2&h=650&w=940'],
 'images': [{'checksum': '43d23d8c898d6ffbc80c7c0c0a2531ef',
             'path': 'cat/6fcd7c842b6f4c31de8edd79fd1ea60b6a60e4c2.jpg',
             'status': 'downloaded',
             'url': 'https://images.pexels.com/photos/20338832/pexels-photo-20338832.jpeg?auto=compress&cs=tinysrgb&dpr=2&h=650&w=940'}],
 'label': 'cat',
 'source_id': '20338832'}
2026-07-14 17:33:56 [scrapy.core.engine] DEBUG: Crawled (200) <GET https://images.pexels.com/photos/33585487/pexels-photo-33585487.jpeg?auto=compress&cs=tinysrgb&dpr=2&h=650&w=940> (referer: None)
2026-07-14 17:33:56 [scrapy.pipelines.files] DEBUG: File (downloaded): Downloaded file from <GET https://images.pexels.com/photos/33585487/pexels-photo-33585487.jpeg?auto=compress&cs=tinysrgb&dpr=2&h=650&w=940> referred in <None>
2026-07-14 17:33:56 [PIL.TiffImagePlugin] DEBUG: tag: Orientation (274) - type: short (3) - value: b'\x01\x00'
2026-07-14 17:33:56 [PIL.TiffImagePlugin] DEBUG: tag: XResolution (282) - type: rational (5) Tag Location: 34 - Data Location: 192 - value: b'H\x00\x00\x00\x01\x00\x00\x00'
2026-07-14 17:33:56 [PIL.TiffImagePlugin] DEBUG: tag: YResolution (283) - type: rational (5) Tag Location: 46 - Data Location: 200 - value: b'H\x00\x00\x00\x01\x00\x00\x00'
2026-07-14 17:33:56 [PIL.TiffImagePlugin] DEBUG: tag: ResolutionUnit (296) - type: short (3) - value: b'\x02\x00'
2026-07-14 17:33:56 [PIL.TiffImagePlugin] DEBUG: tag: Artist (315) - type: string (2) Tag Location: 70 - Data Location: 98 - value: <table: 37 bytes>
2026-07-14 17:33:56 [PIL.TiffImagePlugin] DEBUG: tag: Copyright (33432) - type: string (2) Tag Location: 82 - Data Location: 136 - value: <table: 55 bytes>
2026-07-14 17:33:56 [PIL.TiffImagePlugin] DEBUG: tag: ExifIFD (34665) - type: long (4) - value: b'\xd0\x00\x00\x00'
2026-07-14 17:33:56 [scrapy.core.scraper] DEBUG: Scraped from <200 https://api.pexels.com/v1/search?query=cat&per_page=80&page=1>
{'image_urls': ['https://images.pexels.com/photos/33585487/pexels-photo-33585487.jpeg?auto=compress&cs=tinysrgb&dpr=2&h=650&w=940'],
 'images': [{'checksum': 'd3038da2ece238e5eeb26797e76546e8',
             'path': 'cat/f1e4d361dbdee6d5dc8877b19e1b630c8b6df00f.jpg',
             'status': 'downloaded',
             'url': 'https://images.pexels.com/photos/33585487/pexels-photo-33585487.jpeg?auto=compress&cs=tinysrgb&dpr=2&h=650&w=940'}],
 'label': 'cat',
 'source_id': '33585487'}
2026-07-14 17:33:57 [scrapy.core.engine] DEBUG: Crawled (200) <GET https://images.pexels.com/photos/16476075/pexels-photo-16476075.jpeg?auto=compress&cs=tinysrgb&dpr=2&h=650&w=940> (referer: None)
2026-07-14 17:33:57 [scrapy.pipelines.files] DEBUG: File (downloaded): Downloaded file from <GET https://images.pexels.com/photos/16476075/pexels-photo-16476075.jpeg?auto=compress&cs=tinysrgb&dpr=2&h=650&w=940> referred in <None>
2026-07-14 17:33:57 [PIL.TiffImagePlugin] DEBUG: tag: Orientation (274) - type: short (3) - value: b'\x01\x00'
2026-07-14 17:33:57 [PIL.TiffImagePlugin] DEBUG: tag: XResolution (282) - type: rational (5) Tag Location: 34 - Data Location: 74 - value: b'H\x00\x00\x00\x01\x00\x00\x00'
2026-07-14 17:33:57 [PIL.TiffImagePlugin] DEBUG: tag: YResolution (283) - type: rational (5) Tag Location: 46 - Data Location: 82 - value: b'H\x00\x00\x00\x01\x00\x00\x00'
2026-07-14 17:33:57 [PIL.TiffImagePlugin] DEBUG: tag: ResolutionUnit (296) - type: short (3) - value: b'\x02\x00'
2026-07-14 17:33:57 [PIL.TiffImagePlugin] DEBUG: tag: ExifIFD (34665) - type: long (4) - value: b'Z\x00\x00\x00'
2026-07-14 17:33:57 [scrapy.core.scraper] DEBUG: Scraped from <200 https://api.pexels.com/v1/search?query=cat&per_page=80&page=1>
{'image_urls': ['https://images.pexels.com/photos/16476075/pexels-photo-16476075.jpeg?auto=compress&cs=tinysrgb&dpr=2&h=650&w=940'],
 'images': [{'checksum': '149be6b1c9f38622b30a99dbcc0d6e60',
             'path': 'cat/b4096520cfc6dff2df59fcc1b62f05bc91c006f7.jpg',
             'status': 'downloaded',
             'url': 'https://images.pexels.com/photos/16476075/pexels-photo-16476075.jpeg?auto=compress&cs=tinysrgb&dpr=2&h=650&w=940'}],
 'label': 'cat',
 'source_id': '16476075'}
2026-07-14 17:33:57 [scrapy.core.engine] DEBUG: Crawled (200) <GET https://images.pexels.com/photos/30002390/pexels-photo-30002390.jpeg?auto=compress&cs=tinysrgb&dpr=2&h=650&w=940> (referer: None)
2026-07-14 17:33:57 [scrapy.pipelines.files] DEBUG: File (downloaded): Downloaded file from <GET https://images.pexels.com/photos/30002390/pexels-photo-30002390.jpeg?auto=compress&cs=tinysrgb&dpr=2&h=650&w=940> referred in <None>
2026-07-14 17:33:57 [PIL.TiffImagePlugin] DEBUG: tag: Orientation (274) - type: short (3) - value: b'\x01\x00'
2026-07-14 17:33:57 [PIL.TiffImagePlugin] DEBUG: tag: XResolution (282) - type: rational (5) Tag Location: 34 - Data Location: 74 - value: b'H\x00\x00\x00\x01\x00\x00\x00'
2026-07-14 17:33:57 [PIL.TiffImagePlugin] DEBUG: tag: YResolution (283) - type: rational (5) Tag Location: 46 - Data Location: 82 - value: b'H\x00\x00\x00\x01\x00\x00\x00'
2026-07-14 17:33:57 [PIL.TiffImagePlugin] DEBUG: tag: ResolutionUnit (296) - type: short (3) - value: b'\x02\x00'
2026-07-14 17:33:57 [PIL.TiffImagePlugin] DEBUG: tag: ExifIFD (34665) - type: long (4) - value: b'Z\x00\x00\x00'
2026-07-14 17:33:57 [scrapy.core.scraper] DEBUG: Scraped from <200 https://api.pexels.com/v1/search?query=cat&per_page=80&page=1>
{'image_urls': ['https://images.pexels.com/photos/30002390/pexels-photo-30002390.jpeg?auto=compress&cs=tinysrgb&dpr=2&h=650&w=940'],
 'images': [{'checksum': 'c4d200a5d8e2db21b51a2e8b66f8e46b',
             'path': 'cat/2f13bcf1db2c81b0b449c3044869bbcb88363967.jpg',
             'status': 'downloaded',
             'url': 'https://images.pexels.com/photos/30002390/pexels-photo-30002390.jpeg?auto=compress&cs=tinysrgb&dpr=2&h=650&w=940'}],
 'label': 'cat',
 'source_id': '30002390'}
2026-07-14 17:33:57 [scrapy.core.engine] DEBUG: Crawled (200) <GET https://images.pexels.com/photos/4734723/pexels-photo-4734723.jpeg?auto=compress&cs=tinysrgb&dpr=2&h=650&w=940> (referer: None)
2026-07-14 17:33:57 [scrapy.pipelines.files] DEBUG: File (downloaded): Downloaded file from <GET https://images.pexels.com/photos/4734723/pexels-photo-4734723.jpeg?auto=compress&cs=tinysrgb&dpr=2&h=650&w=940> referred in <None>
2026-07-14 17:33:57 [PIL.TiffImagePlugin] DEBUG: tag: Orientation (274) - type: short (3) - value: b'\x01\x00'
2026-07-14 17:33:57 [PIL.TiffImagePlugin] DEBUG: tag: XResolution (282) - type: rational (5) Tag Location: 34 - Data Location: 74 - value: b'H\x00\x00\x00\x01\x00\x00\x00'
2026-07-14 17:33:57 [PIL.TiffImagePlugin] DEBUG: tag: YResolution (283) - type: rational (5) Tag Location: 46 - Data Location: 82 - value: b'H\x00\x00\x00\x01\x00\x00\x00'
2026-07-14 17:33:57 [PIL.TiffImagePlugin] DEBUG: tag: ResolutionUnit (296) - type: short (3) - value: b'\x02\x00'
2026-07-14 17:33:57 [PIL.TiffImagePlugin] DEBUG: tag: ExifIFD (34665) - type: long (4) - value: b'Z\x00\x00\x00'
2026-07-14 17:33:57 [scrapy.core.scraper] DEBUG: Scraped from <200 https://api.pexels.com/v1/search?query=cat&per_page=80&page=1>
{'image_urls': ['https://images.pexels.com/photos/4734723/pexels-photo-4734723.jpeg?auto=compress&cs=tinysrgb&dpr=2&h=650&w=940'],
 'images': [{'checksum': '5f6326639d59983944ed6830d396b670',
             'path': 'cat/4e7c58c3c29e3974e13f3b34829cc3899756c120.jpg',
             'status': 'downloaded',
             'url': 'https://images.pexels.com/photos/4734723/pexels-photo-4734723.jpeg?auto=compress&cs=tinysrgb&dpr=2&h=650&w=940'}],
 'label': 'cat',
 'source_id': '4734723'}
2026-07-14 17:33:57 [scrapy.core.engine] DEBUG: Crawled (200) <GET https://images.pexels.com/photos/680994/pexels-photo-680994.jpeg?auto=compress&cs=tinysrgb&dpr=2&h=650&w=940> (referer: None)
2026-07-14 17:33:57 [scrapy.pipelines.files] DEBUG: File (downloaded): Downloaded file from <GET https://images.pexels.com/photos/680994/pexels-photo-680994.jpeg?auto=compress&cs=tinysrgb&dpr=2&h=650&w=940> referred in <None>
2026-07-14 17:33:57 [PIL.TiffImagePlugin] DEBUG: tag: Orientation (274) - type: short (3) - value: b'\x01\x00'
2026-07-14 17:33:57 [PIL.TiffImagePlugin] DEBUG: tag: XResolution (282) - type: rational (5) Tag Location: 34 - Data Location: 74 - value: b'H\x00\x00\x00\x01\x00\x00\x00'
2026-07-14 17:33:57 [PIL.TiffImagePlugin] DEBUG: tag: YResolution (283) - type: rational (5) Tag Location: 46 - Data Location: 82 - value: b'H\x00\x00\x00\x01\x00\x00\x00'
2026-07-14 17:33:57 [PIL.TiffImagePlugin] DEBUG: tag: ResolutionUnit (296) - type: short (3) - value: b'\x02\x00'
2026-07-14 17:33:57 [PIL.TiffImagePlugin] DEBUG: tag: ExifIFD (34665) - type: long (4) - value: b'Z\x00\x00\x00'
2026-07-14 17:33:58 [scrapy.core.scraper] DEBUG: Scraped from <200 https://api.pexels.com/v1/search?query=cat&per_page=80&page=1>
{'image_urls': ['https://images.pexels.com/photos/680994/pexels-photo-680994.jpeg?auto=compress&cs=tinysrgb&dpr=2&h=650&w=940'],
 'images': [{'checksum': 'd1c88ec9fd69683dcfcf910a1292d935',
             'path': 'cat/9d50a07dc2be3901bdd242c1e6d457e58d9a548e.jpg',
             'status': 'downloaded',
             'url': 'https://images.pexels.com/photos/680994/pexels-photo-680994.jpeg?auto=compress&cs=tinysrgb&dpr=2&h=650&w=940'}],
 'label': 'cat',
 'source_id': '680994'}
2026-07-14 17:33:58 [scrapy.core.engine] DEBUG: Crawled (200) <GET https://images.pexels.com/photos/11577770/pexels-photo-11577770.jpeg?auto=compress&cs=tinysrgb&dpr=2&h=650&w=940> (referer: None)
2026-07-14 17:33:58 [scrapy.pipelines.files] DEBUG: File (downloaded): Downloaded file from <GET https://images.pexels.com/photos/11577770/pexels-photo-11577770.jpeg?auto=compress&cs=tinysrgb&dpr=2&h=650&w=940> referred in <None>
2026-07-14 17:33:58 [PIL.TiffImagePlugin] DEBUG: tag: Orientation (274) - type: short (3) - value: b'\x01\x00'
2026-07-14 17:33:58 [PIL.TiffImagePlugin] DEBUG: tag: XResolution (282) - type: rational (5) Tag Location: 34 - Data Location: 74 - value: b'H\x00\x00\x00\x01\x00\x00\x00'
2026-07-14 17:33:58 [PIL.TiffImagePlugin] DEBUG: tag: YResolution (283) - type: rational (5) Tag Location: 46 - Data Location: 82 - value: b'H\x00\x00\x00\x01\x00\x00\x00'
2026-07-14 17:33:58 [PIL.TiffImagePlugin] DEBUG: tag: ResolutionUnit (296) - type: short (3) - value: b'\x02\x00'
2026-07-14 17:33:58 [PIL.TiffImagePlugin] DEBUG: tag: ExifIFD (34665) - type: long (4) - value: b'Z\x00\x00\x00'
2026-07-14 17:33:58 [scrapy.core.scraper] DEBUG: Scraped from <200 https://api.pexels.com/v1/search?query=cat&per_page=80&page=1>
{'image_urls': ['https://images.pexels.com/photos/11577770/pexels-photo-11577770.jpeg?auto=compress&cs=tinysrgb&dpr=2&h=650&w=940'],
 'images': [{'checksum': '48da34ff51d41631282382e35593b894',
             'path': 'cat/44a040a1b286dab38bab034050c23da0ea23d2d6.jpg',
             'status': 'downloaded',
             'url': 'https://images.pexels.com/photos/11577770/pexels-photo-11577770.jpeg?auto=compress&cs=tinysrgb&dpr=2&h=650&w=940'}],
 'label': 'cat',
 'source_id': '11577770'}
2026-07-14 17:33:58 [scrapy.core.engine] DEBUG: Crawled (200) <GET https://images.pexels.com/photos/33585491/pexels-photo-33585491.jpeg?auto=compress&cs=tinysrgb&dpr=2&h=650&w=940> (referer: None)
2026-07-14 17:33:58 [scrapy.pipelines.files] DEBUG: File (downloaded): Downloaded file from <GET https://images.pexels.com/photos/33585491/pexels-photo-33585491.jpeg?auto=compress&cs=tinysrgb&dpr=2&h=650&w=940> referred in <None>
2026-07-14 17:33:58 [PIL.TiffImagePlugin] DEBUG: tag: Orientation (274) - type: short (3) - value: b'\x01\x00'
2026-07-14 17:33:58 [PIL.TiffImagePlugin] DEBUG: tag: XResolution (282) - type: rational (5) Tag Location: 34 - Data Location: 192 - value: b'H\x00\x00\x00\x01\x00\x00\x00'
2026-07-14 17:33:58 [PIL.TiffImagePlugin] DEBUG: tag: YResolution (283) - type: rational (5) Tag Location: 46 - Data Location: 200 - value: b'H\x00\x00\x00\x01\x00\x00\x00'
2026-07-14 17:33:58 [PIL.TiffImagePlugin] DEBUG: tag: ResolutionUnit (296) - type: short (3) - value: b'\x02\x00'
2026-07-14 17:33:58 [PIL.TiffImagePlugin] DEBUG: tag: Artist (315) - type: string (2) Tag Location: 70 - Data Location: 98 - value: <table: 37 bytes>
2026-07-14 17:33:58 [PIL.TiffImagePlugin] DEBUG: tag: Copyright (33432) - type: string (2) Tag Location: 82 - Data Location: 136 - value: <table: 55 bytes>
2026-07-14 17:33:58 [PIL.TiffImagePlugin] DEBUG: tag: ExifIFD (34665) - type: long (4) - value: b'\xd0\x00\x00\x00'
2026-07-14 17:33:58 [scrapy.core.scraper] DEBUG: Scraped from <200 https://api.pexels.com/v1/search?query=cat&per_page=80&page=1>
{'image_urls': ['https://images.pexels.com/photos/33585491/pexels-photo-33585491.jpeg?auto=compress&cs=tinysrgb&dpr=2&h=650&w=940'],
 'images': [{'checksum': '354f20ea66ffaf5a32edda70f0a3f1e5',
             'path': 'cat/0cd027f81da9f15ae7d033731e2f209a6dbc52da.jpg',
             'status': 'downloaded',
             'url': 'https://images.pexels.com/photos/33585491/pexels-photo-33585491.jpeg?auto=compress&cs=tinysrgb&dpr=2&h=650&w=940'}],
 'label': 'cat',
 'source_id': '33585491'}
2026-07-14 17:33:58 [scrapy.core.engine] DEBUG: Crawled (200) <GET https://images.pexels.com/photos/31467115/pexels-photo-31467115.jpeg?auto=compress&cs=tinysrgb&dpr=2&h=650&w=940> (referer: None)
2026-07-14 17:33:58 [scrapy.pipelines.files] DEBUG: File (downloaded): Downloaded file from <GET https://images.pexels.com/photos/31467115/pexels-photo-31467115.jpeg?auto=compress&cs=tinysrgb&dpr=2&h=650&w=940> referred in <None>
2026-07-14 17:33:58 [PIL.TiffImagePlugin] DEBUG: tag: Orientation (274) - type: short (3) - value: b'\x01\x00'
2026-07-14 17:33:58 [PIL.TiffImagePlugin] DEBUG: tag: XResolution (282) - type: rational (5) Tag Location: 34 - Data Location: 86 - value: b'H\x00\x00\x00\x01\x00\x00\x00'
2026-07-14 17:33:58 [PIL.TiffImagePlugin] DEBUG: tag: YResolution (283) - type: rational (5) Tag Location: 46 - Data Location: 94 - value: b'H\x00\x00\x00\x01\x00\x00\x00'
2026-07-14 17:33:58 [PIL.TiffImagePlugin] DEBUG: tag: ResolutionUnit (296) - type: short (3) - value: b'\x02\x00'
2026-07-14 17:33:58 [PIL.TiffImagePlugin] DEBUG: tag: YCbCrPositioning (531) - type: short (3) - value: b'\x01\x00'
2026-07-14 17:33:58 [PIL.TiffImagePlugin] DEBUG: tag: ExifIFD (34665) - type: long (4) - value: b'f\x00\x00\x00'
2026-07-14 17:33:58 [scrapy.core.scraper] DEBUG: Scraped from <200 https://api.pexels.com/v1/search?query=cat&per_page=80&page=1>
{'image_urls': ['https://images.pexels.com/photos/31467115/pexels-photo-31467115.jpeg?auto=compress&cs=tinysrgb&dpr=2&h=650&w=940'],
 'images': [{'checksum': '8bb0612a8094a9fc7f043071e0c5a6d3',
             'path': 'cat/0c7c4195c453dc2d99bf90964766bc11f7664e84.jpg',
             'status': 'downloaded',
             'url': 'https://images.pexels.com/photos/31467115/pexels-photo-31467115.jpeg?auto=compress&cs=tinysrgb&dpr=2&h=650&w=940'}],
 'label': 'cat',
 'source_id': '31467115'}
2026-07-14 17:33:58 [scrapy.core.engine] DEBUG: Crawled (200) <GET https://images.pexels.com/photos/36937387/pexels-photo-36937387.jpeg?auto=compress&cs=tinysrgb&dpr=2&h=650&w=940> (referer: None)
2026-07-14 17:33:58 [scrapy.pipelines.files] DEBUG: File (downloaded): Downloaded file from <GET https://images.pexels.com/photos/36937387/pexels-photo-36937387.jpeg?auto=compress&cs=tinysrgb&dpr=2&h=650&w=940> referred in <None>
2026-07-14 17:33:58 [PIL.TiffImagePlugin] DEBUG: tag: Orientation (274) - type: short (3) - value: b'\x01\x00'
2026-07-14 17:33:58 [PIL.TiffImagePlugin] DEBUG: tag: XResolution (282) - type: rational (5) Tag Location: 34 - Data Location: 866 - value: b'H\x00\x00\x00\x01\x00\x00\x00'
2026-07-14 17:33:58 [PIL.TiffImagePlugin] DEBUG: tag: YResolution (283) - type: rational (5) Tag Location: 46 - Data Location: 874 - value: b'H\x00\x00\x00\x01\x00\x00\x00'
2026-07-14 17:33:58 [PIL.TiffImagePlugin] DEBUG: tag: ResolutionUnit (296) - type: short (3) - value: b'\x02\x00'
2026-07-14 17:33:58 [PIL.TiffImagePlugin] DEBUG: tag: Artist (315) - type: string (2) Tag Location: 70 - Data Location: 98 - value: <table: 256 bytes>
2026-07-14 17:33:58 [PIL.TiffImagePlugin] DEBUG: tag: Copyright (33432) - type: string (2) Tag Location: 82 - Data Location: 354 - value: <table: 512 bytes>
2026-07-14 17:33:58 [PIL.TiffImagePlugin] DEBUG: tag: ExifIFD (34665) - type: long (4) - value: b'r\x03\x00\x00'
2026-07-14 17:33:59 [scrapy.core.scraper] DEBUG: Scraped from <200 https://api.pexels.com/v1/search?query=cat&per_page=80&page=1>
{'image_urls': ['https://images.pexels.com/photos/36937387/pexels-photo-36937387.jpeg?auto=compress&cs=tinysrgb&dpr=2&h=650&w=940'],
 'images': [{'checksum': '4ec02948fbc98274516991cee044de49',
             'path': 'cat/2327a122570c1c7613afd16f0878a6a02cea4ab6.jpg',
             'status': 'downloaded',
             'url': 'https://images.pexels.com/photos/36937387/pexels-photo-36937387.jpeg?auto=compress&cs=tinysrgb&dpr=2&h=650&w=940'}],
 'label': 'cat',
 'source_id': '36937387'}
2026-07-14 17:33:59 [scrapy.core.engine] DEBUG: Crawled (200) <GET https://images.pexels.com/photos/8942609/pexels-photo-8942609.jpeg?auto=compress&cs=tinysrgb&dpr=2&h=650&w=940> (referer: None)
2026-07-14 17:33:59 [scrapy.pipelines.files] DEBUG: File (downloaded): Downloaded file from <GET https://images.pexels.com/photos/8942609/pexels-photo-8942609.jpeg?auto=compress&cs=tinysrgb&dpr=2&h=650&w=940> referred in <None>
2026-07-14 17:33:59 [PIL.TiffImagePlugin] DEBUG: tag: Orientation (274) - type: short (3) - value: b'\x01\x00'
2026-07-14 17:33:59 [PIL.TiffImagePlugin] DEBUG: tag: XResolution (282) - type: rational (5) Tag Location: 34 - Data Location: 94 - value: b'H\x00\x00\x00\x01\x00\x00\x00'
2026-07-14 17:33:59 [PIL.TiffImagePlugin] DEBUG: tag: YResolution (283) - type: rational (5) Tag Location: 46 - Data Location: 102 - value: b'H\x00\x00\x00\x01\x00\x00\x00'
2026-07-14 17:33:59 [PIL.TiffImagePlugin] DEBUG: tag: ResolutionUnit (296) - type: short (3) - value: b'\x02\x00'
2026-07-14 17:33:59 [PIL.TiffImagePlugin] DEBUG: tag: Artist (315) - type: string (2) Tag Location: 70 - Data Location: 86 - value: b'Maligon\x00'
2026-07-14 17:33:59 [PIL.TiffImagePlugin] DEBUG: tag: ExifIFD (34665) - type: long (4) - value: b'n\x00\x00\x00'
2026-07-14 17:33:59 [scrapy.core.scraper] DEBUG: Scraped from <200 https://api.pexels.com/v1/search?query=cat&per_page=80&page=1>
{'image_urls': ['https://images.pexels.com/photos/8942609/pexels-photo-8942609.jpeg?auto=compress&cs=tinysrgb&dpr=2&h=650&w=940'],
 'images': [{'checksum': '38de76903ba09a452e7b60e741e6d95b',
             'path': 'cat/abfd9bf99d393fbf204343de1c651672f2f8cdf6.jpg',
             'status': 'downloaded',
             'url': 'https://images.pexels.com/photos/8942609/pexels-photo-8942609.jpeg?auto=compress&cs=tinysrgb&dpr=2&h=650&w=940'}],
 'label': 'cat',
 'source_id': '8942609'}
2026-07-14 17:33:59 [scrapy.core.engine] DEBUG: Crawled (200) <GET https://images.pexels.com/photos/36377413/pexels-photo-36377413.jpeg?auto=compress&cs=tinysrgb&dpr=2&h=650&w=940> (referer: None)
2026-07-14 17:33:59 [scrapy.pipelines.files] DEBUG: File (downloaded): Downloaded file from <GET https://images.pexels.com/photos/36377413/pexels-photo-36377413.jpeg?auto=compress&cs=tinysrgb&dpr=2&h=650&w=940> referred in <None>
2026-07-14 17:33:59 [PIL.TiffImagePlugin] DEBUG: tag: Orientation (274) - type: short (3) - value: b'\x01\x00'
2026-07-14 17:33:59 [PIL.TiffImagePlugin] DEBUG: tag: XResolution (282) - type: rational (5) Tag Location: 34 - Data Location: 74 - value: b'H\x00\x00\x00\x01\x00\x00\x00'
2026-07-14 17:33:59 [PIL.TiffImagePlugin] DEBUG: tag: YResolution (283) - type: rational (5) Tag Location: 46 - Data Location: 82 - value: b'H\x00\x00\x00\x01\x00\x00\x00'
2026-07-14 17:33:59 [PIL.TiffImagePlugin] DEBUG: tag: ResolutionUnit (296) - type: short (3) - value: b'\x02\x00'
2026-07-14 17:33:59 [PIL.TiffImagePlugin] DEBUG: tag: ExifIFD (34665) - type: long (4) - value: b'Z\x00\x00\x00'
2026-07-14 17:33:59 [scrapy.core.scraper] DEBUG: Scraped from <200 https://api.pexels.com/v1/search?query=cat&per_page=80&page=1>
{'image_urls': ['https://images.pexels.com/photos/36377413/pexels-photo-36377413.jpeg?auto=compress&cs=tinysrgb&dpr=2&h=650&w=940'],
 'images': [{'checksum': 'be8bafddb19921b1b24158f7c5e06a0c',
             'path': 'cat/62cda930bc32755258f9ef97e8a458585eb45a9f.jpg',
             'status': 'downloaded',
             'url': 'https://images.pexels.com/photos/36377413/pexels-photo-36377413.jpeg?auto=compress&cs=tinysrgb&dpr=2&h=650&w=940'}],
 'label': 'cat',
 'source_id': '36377413'}
2026-07-14 17:33:59 [scrapy.core.engine] DEBUG: Crawled (200) <GET https://images.pexels.com/photos/32727347/pexels-photo-32727347.jpeg?auto=compress&cs=tinysrgb&dpr=2&h=650&w=940> (referer: None)
2026-07-14 17:33:59 [scrapy.pipelines.files] DEBUG: File (downloaded): Downloaded file from <GET https://images.pexels.com/photos/32727347/pexels-photo-32727347.jpeg?auto=compress&cs=tinysrgb&dpr=2&h=650&w=940> referred in <None>
2026-07-14 17:33:59 [PIL.TiffImagePlugin] DEBUG: tag: Orientation (274) - type: short (3) - value: b'\x01\x00'
2026-07-14 17:33:59 [PIL.TiffImagePlugin] DEBUG: tag: XResolution (282) - type: rational (5) Tag Location: 34 - Data Location: 74 - value: b'H\x00\x00\x00\x01\x00\x00\x00'
2026-07-14 17:33:59 [PIL.TiffImagePlugin] DEBUG: tag: YResolution (283) - type: rational (5) Tag Location: 46 - Data Location: 82 - value: b'H\x00\x00\x00\x01\x00\x00\x00'
2026-07-14 17:33:59 [PIL.TiffImagePlugin] DEBUG: tag: ResolutionUnit (296) - type: short (3) - value: b'\x02\x00'
2026-07-14 17:33:59 [PIL.TiffImagePlugin] DEBUG: tag: ExifIFD (34665) - type: long (4) - value: b'Z\x00\x00\x00'
2026-07-14 17:34:00 [scrapy.core.scraper] DEBUG: Scraped from <200 https://api.pexels.com/v1/search?query=cat&per_page=80&page=1>
{'image_urls': ['https://images.pexels.com/photos/32727347/pexels-photo-32727347.jpeg?auto=compress&cs=tinysrgb&dpr=2&h=650&w=940'],
 'images': [{'checksum': '38766fb97aeac9b8f00c77a5c1d08601',
             'path': 'cat/eea822b671438f54f0cff988d957e1ccfc001f94.jpg',
             'status': 'downloaded',
             'url': 'https://images.pexels.com/photos/32727347/pexels-photo-32727347.jpeg?auto=compress&cs=tinysrgb&dpr=2&h=650&w=940'}],
 'label': 'cat',
 'source_id': '32727347'}
2026-07-14 17:34:00 [scrapy.core.engine] DEBUG: Crawled (200) <GET https://images.pexels.com/photos/1327888/pexels-photo-1327888.jpeg?auto=compress&cs=tinysrgb&dpr=2&h=650&w=940> (referer: None)
2026-07-14 17:34:00 [scrapy.pipelines.files] DEBUG: File (downloaded): Downloaded file from <GET https://images.pexels.com/photos/1327888/pexels-photo-1327888.jpeg?auto=compress&cs=tinysrgb&dpr=2&h=650&w=940> referred in <None>
2026-07-14 17:34:00 [PIL.TiffImagePlugin] DEBUG: tag: Orientation (274) - type: short (3) - value: b'\x01\x00'
2026-07-14 17:34:00 [PIL.TiffImagePlugin] DEBUG: tag: XResolution (282) - type: rational (5) Tag Location: 34 - Data Location: 192 - value: b'H\x00\x00\x00\x01\x00\x00\x00'
2026-07-14 17:34:00 [PIL.TiffImagePlugin] DEBUG: tag: YResolution (283) - type: rational (5) Tag Location: 46 - Data Location: 200 - value: b'H\x00\x00\x00\x01\x00\x00\x00'
2026-07-14 17:34:00 [PIL.TiffImagePlugin] DEBUG: tag: ResolutionUnit (296) - type: short (3) - value: b'\x02\x00'
2026-07-14 17:34:00 [PIL.TiffImagePlugin] DEBUG: tag: Artist (315) - type: string (2) Tag Location: 70 - Data Location: 98 - value: <table: 37 bytes>
2026-07-14 17:34:00 [PIL.TiffImagePlugin] DEBUG: tag: Copyright (33432) - type: string (2) Tag Location: 82 - Data Location: 136 - value: <table: 55 bytes>
2026-07-14 17:34:00 [PIL.TiffImagePlugin] DEBUG: tag: ExifIFD (34665) - type: long (4) - value: b'\xd0\x00\x00\x00'
2026-07-14 17:34:00 [scrapy.core.scraper] DEBUG: Scraped from <200 https://api.pexels.com/v1/search?query=cat&per_page=80&page=1>
{'image_urls': ['https://images.pexels.com/photos/1327888/pexels-photo-1327888.jpeg?auto=compress&cs=tinysrgb&dpr=2&h=650&w=940'],
 'images': [{'checksum': '107c10b2fd4ebdac6b50907468861958',
             'path': 'cat/04e24bc9b362111b09789f1872a683f5de6174f7.jpg',
             'status': 'downloaded',
             'url': 'https://images.pexels.com/photos/1327888/pexels-photo-1327888.jpeg?auto=compress&cs=tinysrgb&dpr=2&h=650&w=940'}],
 'label': 'cat',
 'source_id': '1327888'}
2026-07-14 17:34:00 [scrapy.core.engine] DEBUG: Crawled (200) <GET https://images.pexels.com/photos/7516115/pexels-photo-7516115.jpeg?auto=compress&cs=tinysrgb&dpr=2&h=650&w=940> (referer: None)
2026-07-14 17:34:00 [scrapy.pipelines.files] DEBUG: File (downloaded): Downloaded file from <GET https://images.pexels.com/photos/7516115/pexels-photo-7516115.jpeg?auto=compress&cs=tinysrgb&dpr=2&h=650&w=940> referred in <None>
2026-07-14 17:34:00 [PIL.TiffImagePlugin] DEBUG: tag: Orientation (274) - type: short (3) - value: b'\x01\x00'
2026-07-14 17:34:00 [PIL.TiffImagePlugin] DEBUG: tag: XResolution (282) - type: rational (5) Tag Location: 34 - Data Location: 74 - value: b'H\x00\x00\x00\x01\x00\x00\x00'
2026-07-14 17:34:00 [PIL.TiffImagePlugin] DEBUG: tag: YResolution (283) - type: rational (5) Tag Location: 46 - Data Location: 82 - value: b'H\x00\x00\x00\x01\x00\x00\x00'
2026-07-14 17:34:00 [PIL.TiffImagePlugin] DEBUG: tag: ResolutionUnit (296) - type: short (3) - value: b'\x02\x00'
2026-07-14 17:34:00 [PIL.TiffImagePlugin] DEBUG: tag: ExifIFD (34665) - type: long (4) - value: b'Z\x00\x00\x00'
2026-07-14 17:34:00 [scrapy.core.scraper] DEBUG: Scraped from <200 https://api.pexels.com/v1/search?query=cat&per_page=80&page=1>
{'image_urls': ['https://images.pexels.com/photos/7516115/pexels-photo-7516115.jpeg?auto=compress&cs=tinysrgb&dpr=2&h=650&w=940'],
 'images': [{'checksum': '301c69a97e05989bc29df3be52b244d2',
             'path': 'cat/718495d73ed3cd6a0dcaf6228564ca5516225f0b.jpg',
             'status': 'downloaded',
             'url': 'https://images.pexels.com/photos/7516115/pexels-photo-7516115.jpeg?auto=compress&cs=tinysrgb&dpr=2&h=650&w=940'}],
 'label': 'cat',
 'source_id': '7516115'}
2026-07-14 17:34:00 [scrapy.core.engine] DEBUG: Crawled (200) <GET https://images.pexels.com/photos/33212065/pexels-photo-33212065.jpeg?auto=compress&cs=tinysrgb&dpr=2&h=650&w=940> (referer: None)
2026-07-14 17:34:00 [scrapy.pipelines.files] DEBUG: File (downloaded): Downloaded file from <GET https://images.pexels.com/photos/33212065/pexels-photo-33212065.jpeg?auto=compress&cs=tinysrgb&dpr=2&h=650&w=940> referred in <None>
2026-07-14 17:34:00 [PIL.TiffImagePlugin] DEBUG: tag: Orientation (274) - type: short (3) - value: b'\x01\x00'
2026-07-14 17:34:00 [PIL.TiffImagePlugin] DEBUG: tag: XResolution (282) - type: rational (5) Tag Location: 34 - Data Location: 866 - value: b'H\x00\x00\x00\x01\x00\x00\x00'
2026-07-14 17:34:00 [PIL.TiffImagePlugin] DEBUG: tag: YResolution (283) - type: rational (5) Tag Location: 46 - Data Location: 874 - value: b'H\x00\x00\x00\x01\x00\x00\x00'
2026-07-14 17:34:00 [PIL.TiffImagePlugin] DEBUG: tag: ResolutionUnit (296) - type: short (3) - value: b'\x02\x00'
2026-07-14 17:34:00 [PIL.TiffImagePlugin] DEBUG: tag: Artist (315) - type: string (2) Tag Location: 70 - Data Location: 98 - value: <table: 256 bytes>
2026-07-14 17:34:00 [PIL.TiffImagePlugin] DEBUG: tag: Copyright (33432) - type: string (2) Tag Location: 82 - Data Location: 354 - value: <table: 512 bytes>
2026-07-14 17:34:00 [PIL.TiffImagePlugin] DEBUG: tag: ExifIFD (34665) - type: long (4) - value: b'r\x03\x00\x00'
2026-07-14 17:34:00 [scrapy.core.scraper] DEBUG: Scraped from <200 https://api.pexels.com/v1/search?query=cat&per_page=80&page=1>
{'image_urls': ['https://images.pexels.com/photos/33212065/pexels-photo-33212065.jpeg?auto=compress&cs=tinysrgb&dpr=2&h=650&w=940'],
 'images': [{'checksum': '2c5edcd1e77258c61a2cf941166b6814',
             'path': 'cat/b611cb2fcbeea4f1a3eb8647ccca0058d27cfc4c.jpg',
             'status': 'downloaded',
             'url': 'https://images.pexels.com/photos/33212065/pexels-photo-33212065.jpeg?auto=compress&cs=tinysrgb&dpr=2&h=650&w=940'}],
 'label': 'cat',
 'source_id': '33212065'}
2026-07-14 17:34:01 [scrapy.core.engine] DEBUG: Crawled (200) <GET https://images.pexels.com/photos/11187356/pexels-photo-11187356.jpeg?auto=compress&cs=tinysrgb&dpr=2&h=650&w=940> (referer: None)
2026-07-14 17:34:01 [scrapy.pipelines.files] DEBUG: File (downloaded): Downloaded file from <GET https://images.pexels.com/photos/11187356/pexels-photo-11187356.jpeg?auto=compress&cs=tinysrgb&dpr=2&h=650&w=940> referred in <None>
2026-07-14 17:34:01 [PIL.TiffImagePlugin] DEBUG: tag: Orientation (274) - type: short (3) - value: b'\x01\x00'
2026-07-14 17:34:01 [PIL.TiffImagePlugin] DEBUG: tag: XResolution (282) - type: rational (5) Tag Location: 34 - Data Location: 74 - value: b'H\x00\x00\x00\x01\x00\x00\x00'
2026-07-14 17:34:01 [PIL.TiffImagePlugin] DEBUG: tag: YResolution (283) - type: rational (5) Tag Location: 46 - Data Location: 82 - value: b'H\x00\x00\x00\x01\x00\x00\x00'
2026-07-14 17:34:01 [PIL.TiffImagePlugin] DEBUG: tag: ResolutionUnit (296) - type: short (3) - value: b'\x02\x00'
2026-07-14 17:34:01 [PIL.TiffImagePlugin] DEBUG: tag: ExifIFD (34665) - type: long (4) - value: b'Z\x00\x00\x00'
2026-07-14 17:34:01 [scrapy.core.scraper] DEBUG: Scraped from <200 https://api.pexels.com/v1/search?query=cat&per_page=80&page=1>
{'image_urls': ['https://images.pexels.com/photos/11187356/pexels-photo-11187356.jpeg?auto=compress&cs=tinysrgb&dpr=2&h=650&w=940'],
 'images': [{'checksum': '5ac84340aa955575aed6106efb79926f',
             'path': 'cat/93c1aa8a5f1e3540cad14377d6ec2e3fa624dada.jpg',
             'status': 'downloaded',
             'url': 'https://images.pexels.com/photos/11187356/pexels-photo-11187356.jpeg?auto=compress&cs=tinysrgb&dpr=2&h=650&w=940'}],
 'label': 'cat',
 'source_id': '11187356'}
2026-07-14 17:34:01 [scrapy.core.engine] DEBUG: Crawled (200) <GET https://images.pexels.com/photos/27638232/pexels-photo-27638232.jpeg?auto=compress&cs=tinysrgb&dpr=2&h=650&w=940> (referer: None)
2026-07-14 17:34:01 [scrapy.pipelines.files] DEBUG: File (downloaded): Downloaded file from <GET https://images.pexels.com/photos/27638232/pexels-photo-27638232.jpeg?auto=compress&cs=tinysrgb&dpr=2&h=650&w=940> referred in <None>
2026-07-14 17:34:01 [PIL.TiffImagePlugin] DEBUG: tag: Orientation (274) - type: short (3) - value: b'\x00\x01'
2026-07-14 17:34:01 [PIL.TiffImagePlugin] DEBUG: tag: XResolution (282) - type: rational (5) Tag Location: 34 - Data Location: 74 - value: b'\x00\x00\x00H\x00\x00\x00\x01'
2026-07-14 17:34:01 [PIL.TiffImagePlugin] DEBUG: tag: YResolution (283) - type: rational (5) Tag Location: 46 - Data Location: 82 - value: b'\x00\x00\x00H\x00\x00\x00\x01'
2026-07-14 17:34:01 [PIL.TiffImagePlugin] DEBUG: tag: ResolutionUnit (296) - type: short (3) - value: b'\x00\x02'
2026-07-14 17:34:01 [PIL.TiffImagePlugin] DEBUG: tag: ExifIFD (34665) - type: long (4) - value: b'\x00\x00\x00Z'
2026-07-14 17:34:01 [scrapy.core.scraper] DEBUG: Scraped from <200 https://api.pexels.com/v1/search?query=cat&per_page=80&page=1>
{'image_urls': ['https://images.pexels.com/photos/27638232/pexels-photo-27638232.jpeg?auto=compress&cs=tinysrgb&dpr=2&h=650&w=940'],
 'images': [{'checksum': '32f1d444a43fd448faf8bf35cebdb22b',
             'path': 'cat/050afea0fe086ea411143d8e803365fc32462c75.jpg',
             'status': 'downloaded',
             'url': 'https://images.pexels.com/photos/27638232/pexels-photo-27638232.jpeg?auto=compress&cs=tinysrgb&dpr=2&h=650&w=940'}],
 'label': 'cat',
 'source_id': '27638232'}
2026-07-14 17:34:01 [scrapy.core.engine] DEBUG: Crawled (200) <GET https://images.pexels.com/photos/15265098/pexels-photo-15265098.jpeg?auto=compress&cs=tinysrgb&dpr=2&h=650&w=940> (referer: None)
2026-07-14 17:34:01 [scrapy.pipelines.files] DEBUG: File (downloaded): Downloaded file from <GET https://images.pexels.com/photos/15265098/pexels-photo-15265098.jpeg?auto=compress&cs=tinysrgb&dpr=2&h=650&w=940> referred in <None>
2026-07-14 17:34:01 [PIL.TiffImagePlugin] DEBUG: tag: Orientation (274) - type: short (3) - value: b'\x01\x00'
2026-07-14 17:34:01 [PIL.TiffImagePlugin] DEBUG: tag: XResolution (282) - type: rational (5) Tag Location: 34 - Data Location: 74 - value: b'H\x00\x00\x00\x01\x00\x00\x00'
2026-07-14 17:34:01 [PIL.TiffImagePlugin] DEBUG: tag: YResolution (283) - type: rational (5) Tag Location: 46 - Data Location: 82 - value: b'H\x00\x00\x00\x01\x00\x00\x00'
2026-07-14 17:34:01 [PIL.TiffImagePlugin] DEBUG: tag: ResolutionUnit (296) - type: short (3) - value: b'\x02\x00'
2026-07-14 17:34:01 [PIL.TiffImagePlugin] DEBUG: tag: ExifIFD (34665) - type: long (4) - value: b'Z\x00\x00\x00'
2026-07-14 17:34:01 [scrapy.core.scraper] DEBUG: Scraped from <200 https://api.pexels.com/v1/search?query=cat&per_page=80&page=1>
{'image_urls': ['https://images.pexels.com/photos/15265098/pexels-photo-15265098.jpeg?auto=compress&cs=tinysrgb&dpr=2&h=650&w=940'],
 'images': [{'checksum': '0cc5b1f8e79a9f684525efa03f2065cf',
             'path': 'cat/ee9c15815f2db05b6f2615fc6c7d49c5bb6c45fa.jpg',
             'status': 'downloaded',
             'url': 'https://images.pexels.com/photos/15265098/pexels-photo-15265098.jpeg?auto=compress&cs=tinysrgb&dpr=2&h=650&w=940'}],
 'label': 'cat',
 'source_id': '15265098'}
2026-07-14 17:34:01 [scrapy.core.engine] DEBUG: Crawled (200) <GET https://images.pexels.com/photos/30818957/pexels-photo-30818957.jpeg?auto=compress&cs=tinysrgb&dpr=2&h=650&w=940> (referer: None)
2026-07-14 17:34:01 [scrapy.pipelines.files] DEBUG: File (downloaded): Downloaded file from <GET https://images.pexels.com/photos/30818957/pexels-photo-30818957.jpeg?auto=compress&cs=tinysrgb&dpr=2&h=650&w=940> referred in <None>
2026-07-14 17:34:01 [PIL.TiffImagePlugin] DEBUG: tag: Orientation (274) - type: short (3) - value: b'\x01\x00'
2026-07-14 17:34:01 [PIL.TiffImagePlugin] DEBUG: tag: XResolution (282) - type: rational (5) Tag Location: 34 - Data Location: 74 - value: b'H\x00\x00\x00\x01\x00\x00\x00'
2026-07-14 17:34:01 [PIL.TiffImagePlugin] DEBUG: tag: YResolution (283) - type: rational (5) Tag Location: 46 - Data Location: 82 - value: b'H\x00\x00\x00\x01\x00\x00\x00'
2026-07-14 17:34:01 [PIL.TiffImagePlugin] DEBUG: tag: ResolutionUnit (296) - type: short (3) - value: b'\x02\x00'
2026-07-14 17:34:01 [PIL.TiffImagePlugin] DEBUG: tag: ExifIFD (34665) - type: long (4) - value: b'Z\x00\x00\x00'
2026-07-14 17:34:02 [scrapy.core.scraper] DEBUG: Scraped from <200 https://api.pexels.com/v1/search?query=cat&per_page=80&page=1>
{'image_urls': ['https://images.pexels.com/photos/30818957/pexels-photo-30818957.jpeg?auto=compress&cs=tinysrgb&dpr=2&h=650&w=940'],
 'images': [{'checksum': '5bd7ca142c003999ab8232a781269715',
             'path': 'cat/2c32b63a7c4b3cc1dbe5c13c7053bb2d7152bc42.jpg',
             'status': 'downloaded',
             'url': 'https://images.pexels.com/photos/30818957/pexels-photo-30818957.jpeg?auto=compress&cs=tinysrgb&dpr=2&h=650&w=940'}],
 'label': 'cat',
 'source_id': '30818957'}
2026-07-14 17:34:02 [scrapy.core.engine] DEBUG: Crawled (200) <GET https://images.pexels.com/photos/10254185/pexels-photo-10254185.jpeg?auto=compress&cs=tinysrgb&dpr=2&h=650&w=940> (referer: None)
2026-07-14 17:34:02 [scrapy.pipelines.files] DEBUG: File (downloaded): Downloaded file from <GET https://images.pexels.com/photos/10254185/pexels-photo-10254185.jpeg?auto=compress&cs=tinysrgb&dpr=2&h=650&w=940> referred in <None>
2026-07-14 17:34:02 [PIL.TiffImagePlugin] DEBUG: tag: Orientation (274) - type: short (3) - value: b'\x01\x00'
2026-07-14 17:34:02 [PIL.TiffImagePlugin] DEBUG: tag: XResolution (282) - type: rational (5) Tag Location: 34 - Data Location: 74 - value: b'H\x00\x00\x00\x01\x00\x00\x00'
2026-07-14 17:34:02 [PIL.TiffImagePlugin] DEBUG: tag: YResolution (283) - type: rational (5) Tag Location: 46 - Data Location: 82 - value: b'H\x00\x00\x00\x01\x00\x00\x00'
2026-07-14 17:34:02 [PIL.TiffImagePlugin] DEBUG: tag: ResolutionUnit (296) - type: short (3) - value: b'\x02\x00'
2026-07-14 17:34:02 [PIL.TiffImagePlugin] DEBUG: tag: ExifIFD (34665) - type: long (4) - value: b'Z\x00\x00\x00'
2026-07-14 17:34:02 [scrapy.core.scraper] DEBUG: Scraped from <200 https://api.pexels.com/v1/search?query=cat&per_page=80&page=1>
{'image_urls': ['https://images.pexels.com/photos/10254185/pexels-photo-10254185.jpeg?auto=compress&cs=tinysrgb&dpr=2&h=650&w=940'],
 'images': [{'checksum': '8fec9e1b23e999f0d4a865e03b1a12cb',
             'path': 'cat/dd9729ef17f7010c76bbf066cc47f72742f207bb.jpg',
             'status': 'downloaded',
             'url': 'https://images.pexels.com/photos/10254185/pexels-photo-10254185.jpeg?auto=compress&cs=tinysrgb&dpr=2&h=650&w=940'}],
 'label': 'cat',
 'source_id': '10254185'}
2026-07-14 17:34:02 [scrapy.core.engine] DEBUG: Crawled (200) <GET https://images.pexels.com/photos/762986/pexels-photo-762986.jpeg?auto=compress&cs=tinysrgb&dpr=2&h=650&w=940> (referer: None)
2026-07-14 17:34:02 [scrapy.pipelines.files] DEBUG: File (downloaded): Downloaded file from <GET https://images.pexels.com/photos/762986/pexels-photo-762986.jpeg?auto=compress&cs=tinysrgb&dpr=2&h=650&w=940> referred in <None>
2026-07-14 17:34:02 [PIL.TiffImagePlugin] DEBUG: tag: Orientation (274) - type: short (3) - value: b'\x01\x00'
2026-07-14 17:34:02 [PIL.TiffImagePlugin] DEBUG: tag: XResolution (282) - type: rational (5) Tag Location: 34 - Data Location: 74 - value: b'H\x00\x00\x00\x01\x00\x00\x00'
2026-07-14 17:34:02 [PIL.TiffImagePlugin] DEBUG: tag: YResolution (283) - type: rational (5) Tag Location: 46 - Data Location: 82 - value: b'H\x00\x00\x00\x01\x00\x00\x00'
2026-07-14 17:34:02 [PIL.TiffImagePlugin] DEBUG: tag: ResolutionUnit (296) - type: short (3) - value: b'\x02\x00'
2026-07-14 17:34:02 [PIL.TiffImagePlugin] DEBUG: tag: ExifIFD (34665) - type: long (4) - value: b'Z\x00\x00\x00'
2026-07-14 17:34:02 [scrapy.core.scraper] DEBUG: Scraped from <200 https://api.pexels.com/v1/search?query=cat&per_page=80&page=1>
{'image_urls': ['https://images.pexels.com/photos/762986/pexels-photo-762986.jpeg?auto=compress&cs=tinysrgb&dpr=2&h=650&w=940'],
 'images': [{'checksum': '0124c9e47229de63b1f9d41353af244d',
             'path': 'cat/19a8c88831b53abff20742c51c06162af24d79da.jpg',
             'status': 'downloaded',
             'url': 'https://images.pexels.com/photos/762986/pexels-photo-762986.jpeg?auto=compress&cs=tinysrgb&dpr=2&h=650&w=940'}],
 'label': 'cat',
 'source_id': '762986'}
2026-07-14 17:34:02 [scrapy.core.engine] DEBUG: Crawled (200) <GET https://images.pexels.com/photos/29679393/pexels-photo-29679393.jpeg?auto=compress&cs=tinysrgb&dpr=2&h=650&w=940> (referer: None)
2026-07-14 17:34:02 [scrapy.pipelines.files] DEBUG: File (downloaded): Downloaded file from <GET https://images.pexels.com/photos/29679393/pexels-photo-29679393.jpeg?auto=compress&cs=tinysrgb&dpr=2&h=650&w=940> referred in <None>
2026-07-14 17:34:02 [PIL.TiffImagePlugin] DEBUG: tag: Orientation (274) - type: short (3) - value: b'\x00\x01'
2026-07-14 17:34:02 [PIL.TiffImagePlugin] DEBUG: tag: XResolution (282) - type: rational (5) Tag Location: 34 - Data Location: 74 - value: b'\x00\x00\x00H\x00\x00\x00\x01'
2026-07-14 17:34:02 [PIL.TiffImagePlugin] DEBUG: tag: YResolution (283) - type: rational (5) Tag Location: 46 - Data Location: 82 - value: b'\x00\x00\x00H\x00\x00\x00\x01'
2026-07-14 17:34:02 [PIL.TiffImagePlugin] DEBUG: tag: ResolutionUnit (296) - type: short (3) - value: b'\x00\x02'
2026-07-14 17:34:02 [PIL.TiffImagePlugin] DEBUG: tag: ExifIFD (34665) - type: long (4) - value: b'\x00\x00\x00Z'
2026-07-14 17:34:02 [scrapy.core.scraper] DEBUG: Scraped from <200 https://api.pexels.com/v1/search?query=cat&per_page=80&page=1>
{'image_urls': ['https://images.pexels.com/photos/29679393/pexels-photo-29679393.jpeg?auto=compress&cs=tinysrgb&dpr=2&h=650&w=940'],
 'images': [{'checksum': '75c69ee51843fe1d985599b6c14436c9',
             'path': 'cat/7cb7445523ce5040581449172ff3488afc824453.jpg',
             'status': 'downloaded',
             'url': 'https://images.pexels.com/photos/29679393/pexels-photo-29679393.jpeg?auto=compress&cs=tinysrgb&dpr=2&h=650&w=940'}],
 'label': 'cat',
 'source_id': '29679393'}
2026-07-14 17:34:03 [scrapy.core.engine] DEBUG: Crawled (200) <GET https://images.pexels.com/photos/11238585/pexels-photo-11238585.jpeg?auto=compress&cs=tinysrgb&dpr=2&h=650&w=940> (referer: None)
2026-07-14 17:34:03 [scrapy.pipelines.files] DEBUG: File (downloaded): Downloaded file from <GET https://images.pexels.com/photos/11238585/pexels-photo-11238585.jpeg?auto=compress&cs=tinysrgb&dpr=2&h=650&w=940> referred in <None>
2026-07-14 17:34:03 [PIL.TiffImagePlugin] DEBUG: tag: Orientation (274) - type: short (3) - value: b'\x00\x01'
2026-07-14 17:34:03 [PIL.TiffImagePlugin] DEBUG: tag: XResolution (282) - type: rational (5) Tag Location: 34 - Data Location: 74 - value: b'\x00\x00\x00H\x00\x00\x00\x01'
2026-07-14 17:34:03 [PIL.TiffImagePlugin] DEBUG: tag: YResolution (283) - type: rational (5) Tag Location: 46 - Data Location: 82 - value: b'\x00\x00\x00H\x00\x00\x00\x01'
2026-07-14 17:34:03 [PIL.TiffImagePlugin] DEBUG: tag: ResolutionUnit (296) - type: short (3) - value: b'\x00\x02'
2026-07-14 17:34:03 [PIL.TiffImagePlugin] DEBUG: tag: ExifIFD (34665) - type: long (4) - value: b'\x00\x00\x00Z'
2026-07-14 17:34:03 [scrapy.core.engine] DEBUG: Crawled (200) <GET https://images.pexels.com/photos/32837319/pexels-photo-32837319.jpeg?auto=compress&cs=tinysrgb&dpr=2&h=650&w=940> (referer: None)
2026-07-14 17:34:03 [scrapy.pipelines.files] DEBUG: File (downloaded): Downloaded file from <GET https://images.pexels.com/photos/32837319/pexels-photo-32837319.jpeg?auto=compress&cs=tinysrgb&dpr=2&h=650&w=940> referred in <None>
2026-07-14 17:34:03 [PIL.TiffImagePlugin] DEBUG: tag: Orientation (274) - type: short (3) - value: b'\x00\x01'
2026-07-14 17:34:03 [PIL.TiffImagePlugin] DEBUG: tag: XResolution (282) - type: rational (5) Tag Location: 34 - Data Location: 74 - value: b'\x00\x00\x00H\x00\x00\x00\x01'
2026-07-14 17:34:03 [PIL.TiffImagePlugin] DEBUG: tag: YResolution (283) - type: rational (5) Tag Location: 46 - Data Location: 82 - value: b'\x00\x00\x00H\x00\x00\x00\x01'
2026-07-14 17:34:03 [PIL.TiffImagePlugin] DEBUG: tag: ResolutionUnit (296) - type: short (3) - value: b'\x00\x02'
2026-07-14 17:34:03 [PIL.TiffImagePlugin] DEBUG: tag: ExifIFD (34665) - type: long (4) - value: b'\x00\x00\x00Z'
2026-07-14 17:34:03 [scrapy.core.scraper] DEBUG: Scraped from <200 https://api.pexels.com/v1/search?query=cat&per_page=80&page=1>
{'image_urls': ['https://images.pexels.com/photos/11238585/pexels-photo-11238585.jpeg?auto=compress&cs=tinysrgb&dpr=2&h=650&w=940'],
 'images': [{'checksum': '6f7d1a91e28401205c96808779a4ace2',
             'path': 'cat/bbe00a7dc3b7af2d1bb5ba75db95bce334525cc0.jpg',
             'status': 'downloaded',
             'url': 'https://images.pexels.com/photos/11238585/pexels-photo-11238585.jpeg?auto=compress&cs=tinysrgb&dpr=2&h=650&w=940'}],
 'label': 'cat',
 'source_id': '11238585'}
2026-07-14 17:34:03 [scrapy.core.scraper] DEBUG: Scraped from <200 https://api.pexels.com/v1/search?query=cat&per_page=80&page=1>
{'image_urls': ['https://images.pexels.com/photos/32837319/pexels-photo-32837319.jpeg?auto=compress&cs=tinysrgb&dpr=2&h=650&w=940'],
 'images': [{'checksum': '3034d9b869673d42b05d93ebaa62540c',
             'path': 'cat/ea1dec70e15bc41289a20129c0e9e6f715f3ae51.jpg',
             'status': 'downloaded',
             'url': 'https://images.pexels.com/photos/32837319/pexels-photo-32837319.jpeg?auto=compress&cs=tinysrgb&dpr=2&h=650&w=940'}],
 'label': 'cat',
 'source_id': '32837319'}
2026-07-14 17:34:03 [scrapy.core.engine] DEBUG: Crawled (200) <GET https://images.pexels.com/photos/14572715/pexels-photo-14572715.jpeg?auto=compress&cs=tinysrgb&dpr=2&h=650&w=940> (referer: None)
2026-07-14 17:34:03 [scrapy.pipelines.files] DEBUG: File (downloaded): Downloaded file from <GET https://images.pexels.com/photos/14572715/pexels-photo-14572715.jpeg?auto=compress&cs=tinysrgb&dpr=2&h=650&w=940> referred in <None>
2026-07-14 17:34:03 [PIL.TiffImagePlugin] DEBUG: tag: Orientation (274) - type: short (3) - value: b'\x00\x01'
2026-07-14 17:34:03 [PIL.TiffImagePlugin] DEBUG: tag: XResolution (282) - type: rational (5) Tag Location: 34 - Data Location: 74 - value: b'\x00\x00\x00H\x00\x00\x00\x01'
2026-07-14 17:34:03 [PIL.TiffImagePlugin] DEBUG: tag: YResolution (283) - type: rational (5) Tag Location: 46 - Data Location: 82 - value: b'\x00\x00\x00H\x00\x00\x00\x01'
2026-07-14 17:34:03 [PIL.TiffImagePlugin] DEBUG: tag: ResolutionUnit (296) - type: short (3) - value: b'\x00\x02'
2026-07-14 17:34:03 [PIL.TiffImagePlugin] DEBUG: tag: ExifIFD (34665) - type: long (4) - value: b'\x00\x00\x00Z'
2026-07-14 17:34:03 [scrapy.core.scraper] DEBUG: Scraped from <200 https://api.pexels.com/v1/search?query=cat&per_page=80&page=1>
{'image_urls': ['https://images.pexels.com/photos/14572715/pexels-photo-14572715.jpeg?auto=compress&cs=tinysrgb&dpr=2&h=650&w=940'],
 'images': [{'checksum': '4c03ba99b8fb3a365277edf8b0c0606a',
             'path': 'cat/04e66d4cdd2011829b78c6c5e9e12008facc7316.jpg',
             'status': 'downloaded',
             'url': 'https://images.pexels.com/photos/14572715/pexels-photo-14572715.jpeg?auto=compress&cs=tinysrgb&dpr=2&h=650&w=940'}],
 'label': 'cat',
 'source_id': '14572715'}
2026-07-14 17:34:03 [scrapy.core.engine] DEBUG: Crawled (200) <GET https://images.pexels.com/photos/35569231/pexels-photo-35569231.jpeg?auto=compress&cs=tinysrgb&dpr=2&h=650&w=940> (referer: None)
2026-07-14 17:34:03 [scrapy.pipelines.files] DEBUG: File (downloaded): Downloaded file from <GET https://images.pexels.com/photos/35569231/pexels-photo-35569231.jpeg?auto=compress&cs=tinysrgb&dpr=2&h=650&w=940> referred in <None>
2026-07-14 17:34:03 [PIL.TiffImagePlugin] DEBUG: tag: Orientation (274) - type: short (3) - value: b'\x00\x01'
2026-07-14 17:34:03 [PIL.TiffImagePlugin] DEBUG: tag: XResolution (282) - type: rational (5) Tag Location: 34 - Data Location: 74 - value: b'\x00\x00\x00H\x00\x00\x00\x01'
2026-07-14 17:34:03 [PIL.TiffImagePlugin] DEBUG: tag: YResolution (283) - type: rational (5) Tag Location: 46 - Data Location: 82 - value: b'\x00\x00\x00H\x00\x00\x00\x01'
2026-07-14 17:34:03 [PIL.TiffImagePlugin] DEBUG: tag: ResolutionUnit (296) - type: short (3) - value: b'\x00\x02'
2026-07-14 17:34:03 [PIL.TiffImagePlugin] DEBUG: tag: ExifIFD (34665) - type: long (4) - value: b'\x00\x00\x00Z'
2026-07-14 17:34:04 [scrapy.core.scraper] DEBUG: Scraped from <200 https://api.pexels.com/v1/search?query=cat&per_page=80&page=1>
{'image_urls': ['https://images.pexels.com/photos/35569231/pexels-photo-35569231.jpeg?auto=compress&cs=tinysrgb&dpr=2&h=650&w=940'],
 'images': [{'checksum': 'ae356f19e72a1448c39326ff688bfd4f',
             'path': 'cat/e4cfb3f934a9693e4aa6a9383cac1fede969c669.jpg',
             'status': 'downloaded',
             'url': 'https://images.pexels.com/photos/35569231/pexels-photo-35569231.jpeg?auto=compress&cs=tinysrgb&dpr=2&h=650&w=940'}],
 'label': 'cat',
 'source_id': '35569231'}
2026-07-14 17:34:04 [scrapy.core.engine] DEBUG: Crawled (200) <GET https://images.pexels.com/photos/755834/pexels-photo-755834.jpeg?auto=compress&cs=tinysrgb&dpr=2&h=650&w=940> (referer: None)
2026-07-14 17:34:04 [scrapy.pipelines.files] DEBUG: File (downloaded): Downloaded file from <GET https://images.pexels.com/photos/755834/pexels-photo-755834.jpeg?auto=compress&cs=tinysrgb&dpr=2&h=650&w=940> referred in <None>
2026-07-14 17:34:04 [PIL.TiffImagePlugin] DEBUG: tag: Orientation (274) - type: short (3) - value: b'\x01\x00'
2026-07-14 17:34:04 [PIL.TiffImagePlugin] DEBUG: tag: XResolution (282) - type: rational (5) Tag Location: 34 - Data Location: 74 - value: b'H\x00\x00\x00\x01\x00\x00\x00'
2026-07-14 17:34:04 [PIL.TiffImagePlugin] DEBUG: tag: YResolution (283) - type: rational (5) Tag Location: 46 - Data Location: 82 - value: b'H\x00\x00\x00\x01\x00\x00\x00'
2026-07-14 17:34:04 [PIL.TiffImagePlugin] DEBUG: tag: ResolutionUnit (296) - type: short (3) - value: b'\x02\x00'
2026-07-14 17:34:04 [PIL.TiffImagePlugin] DEBUG: tag: ExifIFD (34665) - type: long (4) - value: b'Z\x00\x00\x00'
2026-07-14 17:34:04 [scrapy.core.scraper] DEBUG: Scraped from <200 https://api.pexels.com/v1/search?query=cat&per_page=80&page=1>
{'image_urls': ['https://images.pexels.com/photos/755834/pexels-photo-755834.jpeg?auto=compress&cs=tinysrgb&dpr=2&h=650&w=940'],
 'images': [{'checksum': 'f820b9373d0b427a1c58783494595be5',
             'path': 'cat/39ecc6b5622a082269fe9107453aa3d8eae2a6fe.jpg',
             'status': 'downloaded',
             'url': 'https://images.pexels.com/photos/755834/pexels-photo-755834.jpeg?auto=compress&cs=tinysrgb&dpr=2&h=650&w=940'}],
 'label': 'cat',
 'source_id': '755834'}
2026-07-14 17:34:04 [scrapy.core.engine] DEBUG: Crawled (200) <GET https://images.pexels.com/photos/20419763/pexels-photo-20419763.jpeg?auto=compress&cs=tinysrgb&dpr=2&h=650&w=940> (referer: None)
2026-07-14 17:34:04 [scrapy.pipelines.files] DEBUG: File (downloaded): Downloaded file from <GET https://images.pexels.com/photos/20419763/pexels-photo-20419763.jpeg?auto=compress&cs=tinysrgb&dpr=2&h=650&w=940> referred in <None>
2026-07-14 17:34:04 [PIL.TiffImagePlugin] DEBUG: tag: Orientation (274) - type: short (3) - value: b'\x01\x00'
2026-07-14 17:34:04 [PIL.TiffImagePlugin] DEBUG: tag: XResolution (282) - type: rational (5) Tag Location: 34 - Data Location: 74 - value: b'H\x00\x00\x00\x01\x00\x00\x00'
2026-07-14 17:34:04 [PIL.TiffImagePlugin] DEBUG: tag: YResolution (283) - type: rational (5) Tag Location: 46 - Data Location: 82 - value: b'H\x00\x00\x00\x01\x00\x00\x00'
2026-07-14 17:34:04 [PIL.TiffImagePlugin] DEBUG: tag: ResolutionUnit (296) - type: short (3) - value: b'\x02\x00'
2026-07-14 17:34:04 [PIL.TiffImagePlugin] DEBUG: tag: ExifIFD (34665) - type: long (4) - value: b'Z\x00\x00\x00'
2026-07-14 17:34:04 [scrapy.core.scraper] DEBUG: Scraped from <200 https://api.pexels.com/v1/search?query=cat&per_page=80&page=1>
{'image_urls': ['https://images.pexels.com/photos/20419763/pexels-photo-20419763.jpeg?auto=compress&cs=tinysrgb&dpr=2&h=650&w=940'],
 'images': [{'checksum': 'f963159e888ce8e41e31c183bceae854',
             'path': 'cat/8cbc742983df799188f7109817f75fe49efe2869.jpg',
             'status': 'downloaded',
             'url': 'https://images.pexels.com/photos/20419763/pexels-photo-20419763.jpeg?auto=compress&cs=tinysrgb&dpr=2&h=650&w=940'}],
 'label': 'cat',
 'source_id': '20419763'}
2026-07-14 17:34:04 [scrapy.core.engine] DEBUG: Crawled (200) <GET https://images.pexels.com/photos/7171995/pexels-photo-7171995.jpeg?auto=compress&cs=tinysrgb&dpr=2&h=650&w=940> (referer: None)
2026-07-14 17:34:04 [scrapy.pipelines.files] DEBUG: File (downloaded): Downloaded file from <GET https://images.pexels.com/photos/7171995/pexels-photo-7171995.jpeg?auto=compress&cs=tinysrgb&dpr=2&h=650&w=940> referred in <None>
2026-07-14 17:34:04 [PIL.TiffImagePlugin] DEBUG: tag: Orientation (274) - type: short (3) - value: b'\x01\x00'
2026-07-14 17:34:04 [PIL.TiffImagePlugin] DEBUG: tag: XResolution (282) - type: rational (5) Tag Location: 34 - Data Location: 74 - value: b'H\x00\x00\x00\x01\x00\x00\x00'
2026-07-14 17:34:04 [PIL.TiffImagePlugin] DEBUG: tag: YResolution (283) - type: rational (5) Tag Location: 46 - Data Location: 82 - value: b'H\x00\x00\x00\x01\x00\x00\x00'
2026-07-14 17:34:04 [PIL.TiffImagePlugin] DEBUG: tag: ResolutionUnit (296) - type: short (3) - value: b'\x02\x00'
2026-07-14 17:34:04 [PIL.TiffImagePlugin] DEBUG: tag: ExifIFD (34665) - type: long (4) - value: b'Z\x00\x00\x00'
2026-07-14 17:34:04 [scrapy.core.scraper] DEBUG: Scraped from <200 https://api.pexels.com/v1/search?query=cat&per_page=80&page=1>
{'image_urls': ['https://images.pexels.com/photos/7171995/pexels-photo-7171995.jpeg?auto=compress&cs=tinysrgb&dpr=2&h=650&w=940'],
 'images': [{'checksum': '640461cacddfdf48dadf2a3bbcb7f2c5',
             'path': 'cat/f21120e87c8be26a73c9dfe33bbe19715768f412.jpg',
             'status': 'downloaded',
             'url': 'https://images.pexels.com/photos/7171995/pexels-photo-7171995.jpeg?auto=compress&cs=tinysrgb&dpr=2&h=650&w=940'}],
 'label': 'cat',
 'source_id': '7171995'}
2026-07-14 17:34:05 [scrapy.core.engine] DEBUG: Crawled (200) <GET https://images.pexels.com/photos/33585483/pexels-photo-33585483.jpeg?auto=compress&cs=tinysrgb&dpr=2&h=650&w=940> (referer: None)
2026-07-14 17:34:05 [scrapy.pipelines.files] DEBUG: File (downloaded): Downloaded file from <GET https://images.pexels.com/photos/33585483/pexels-photo-33585483.jpeg?auto=compress&cs=tinysrgb&dpr=2&h=650&w=940> referred in <None>
2026-07-14 17:34:05 [PIL.TiffImagePlugin] DEBUG: tag: Orientation (274) - type: short (3) - value: b'\x01\x00'
2026-07-14 17:34:05 [PIL.TiffImagePlugin] DEBUG: tag: XResolution (282) - type: rational (5) Tag Location: 34 - Data Location: 192 - value: b'H\x00\x00\x00\x01\x00\x00\x00'
2026-07-14 17:34:05 [PIL.TiffImagePlugin] DEBUG: tag: YResolution (283) - type: rational (5) Tag Location: 46 - Data Location: 200 - value: b'H\x00\x00\x00\x01\x00\x00\x00'
2026-07-14 17:34:05 [PIL.TiffImagePlugin] DEBUG: tag: ResolutionUnit (296) - type: short (3) - value: b'\x02\x00'
2026-07-14 17:34:05 [PIL.TiffImagePlugin] DEBUG: tag: Artist (315) - type: string (2) Tag Location: 70 - Data Location: 98 - value: <table: 37 bytes>
2026-07-14 17:34:05 [PIL.TiffImagePlugin] DEBUG: tag: Copyright (33432) - type: string (2) Tag Location: 82 - Data Location: 136 - value: <table: 55 bytes>
2026-07-14 17:34:05 [PIL.TiffImagePlugin] DEBUG: tag: ExifIFD (34665) - type: long (4) - value: b'\xd0\x00\x00\x00'
2026-07-14 17:34:05 [scrapy.core.scraper] DEBUG: Scraped from <200 https://api.pexels.com/v1/search?query=cat&per_page=80&page=1>
{'image_urls': ['https://images.pexels.com/photos/33585483/pexels-photo-33585483.jpeg?auto=compress&cs=tinysrgb&dpr=2&h=650&w=940'],
 'images': [{'checksum': '0fd504f13b2acdb1baa36c4b0862c8d0',
             'path': 'cat/667b9490b8b8d7663d70730873835c2811df6bcb.jpg',
             'status': 'downloaded',
             'url': 'https://images.pexels.com/photos/33585483/pexels-photo-33585483.jpeg?auto=compress&cs=tinysrgb&dpr=2&h=650&w=940'}],
 'label': 'cat',
 'source_id': '33585483'}
2026-07-14 17:34:05 [scrapy.core.engine] DEBUG: Crawled (200) <GET https://images.pexels.com/photos/28824163/pexels-photo-28824163.jpeg?auto=compress&cs=tinysrgb&dpr=2&h=650&w=940> (referer: None)
2026-07-14 17:34:05 [scrapy.pipelines.files] DEBUG: File (downloaded): Downloaded file from <GET https://images.pexels.com/photos/28824163/pexels-photo-28824163.jpeg?auto=compress&cs=tinysrgb&dpr=2&h=650&w=940> referred in <None>
2026-07-14 17:34:05 [PIL.TiffImagePlugin] DEBUG: tag: Orientation (274) - type: short (3) - value: b'\x01\x00'
2026-07-14 17:34:05 [PIL.TiffImagePlugin] DEBUG: tag: XResolution (282) - type: rational (5) Tag Location: 34 - Data Location: 74 - value: b'H\x00\x00\x00\x01\x00\x00\x00'
2026-07-14 17:34:05 [PIL.TiffImagePlugin] DEBUG: tag: YResolution (283) - type: rational (5) Tag Location: 46 - Data Location: 82 - value: b'H\x00\x00\x00\x01\x00\x00\x00'
2026-07-14 17:34:05 [PIL.TiffImagePlugin] DEBUG: tag: ResolutionUnit (296) - type: short (3) - value: b'\x02\x00'
2026-07-14 17:34:05 [PIL.TiffImagePlugin] DEBUG: tag: ExifIFD (34665) - type: long (4) - value: b'Z\x00\x00\x00'
2026-07-14 17:34:05 [scrapy.core.scraper] DEBUG: Scraped from <200 https://api.pexels.com/v1/search?query=cat&per_page=80&page=1>
{'image_urls': ['https://images.pexels.com/photos/28824163/pexels-photo-28824163.jpeg?auto=compress&cs=tinysrgb&dpr=2&h=650&w=940'],
 'images': [{'checksum': 'ed4e56336d02d90a086625902b39811e',
             'path': 'cat/0fc7cd1852cd6976b2d56f304e312d423a6be46f.jpg',
             'status': 'downloaded',
             'url': 'https://images.pexels.com/photos/28824163/pexels-photo-28824163.jpeg?auto=compress&cs=tinysrgb&dpr=2&h=650&w=940'}],
 'label': 'cat',
 'source_id': '28824163'}
2026-07-14 17:34:05 [scrapy.core.engine] DEBUG: Crawled (200) <GET https://images.pexels.com/photos/14178386/pexels-photo-14178386.jpeg?auto=compress&cs=tinysrgb&dpr=2&h=650&w=940> (referer: None)
2026-07-14 17:34:05 [scrapy.pipelines.files] DEBUG: File (downloaded): Downloaded file from <GET https://images.pexels.com/photos/14178386/pexels-photo-14178386.jpeg?auto=compress&cs=tinysrgb&dpr=2&h=650&w=940> referred in <None>
2026-07-14 17:34:05 [PIL.TiffImagePlugin] DEBUG: tag: Orientation (274) - type: short (3) - value: b'\x01\x00'
2026-07-14 17:34:05 [PIL.TiffImagePlugin] DEBUG: tag: XResolution (282) - type: rational (5) Tag Location: 34 - Data Location: 74 - value: b'H\x00\x00\x00\x01\x00\x00\x00'
2026-07-14 17:34:05 [PIL.TiffImagePlugin] DEBUG: tag: YResolution (283) - type: rational (5) Tag Location: 46 - Data Location: 82 - value: b'H\x00\x00\x00\x01\x00\x00\x00'
2026-07-14 17:34:05 [PIL.TiffImagePlugin] DEBUG: tag: ResolutionUnit (296) - type: short (3) - value: b'\x02\x00'
2026-07-14 17:34:05 [PIL.TiffImagePlugin] DEBUG: tag: ExifIFD (34665) - type: long (4) - value: b'Z\x00\x00\x00'
2026-07-14 17:34:05 [scrapy.core.scraper] DEBUG: Scraped from <200 https://api.pexels.com/v1/search?query=cat&per_page=80&page=1>
{'image_urls': ['https://images.pexels.com/photos/14178386/pexels-photo-14178386.jpeg?auto=compress&cs=tinysrgb&dpr=2&h=650&w=940'],
 'images': [{'checksum': '72e189603a724a1c044bf71dcbf071d0',
             'path': 'cat/5cc119e79a5cbc7a11748469cefcdb55fa9d0442.jpg',
             'status': 'downloaded',
             'url': 'https://images.pexels.com/photos/14178386/pexels-photo-14178386.jpeg?auto=compress&cs=tinysrgb&dpr=2&h=650&w=940'}],
 'label': 'cat',
 'source_id': '14178386'}
2026-07-14 17:34:06 [scrapy.core.engine] DEBUG: Crawled (200) <GET https://images.pexels.com/photos/6964449/pexels-photo-6964449.jpeg?auto=compress&cs=tinysrgb&dpr=2&h=650&w=940> (referer: None)
2026-07-14 17:34:06 [scrapy.pipelines.files] DEBUG: File (downloaded): Downloaded file from <GET https://images.pexels.com/photos/6964449/pexels-photo-6964449.jpeg?auto=compress&cs=tinysrgb&dpr=2&h=650&w=940> referred in <None>
2026-07-14 17:34:06 [PIL.TiffImagePlugin] DEBUG: tag: Orientation (274) - type: short (3) - value: b'\x01\x00'
2026-07-14 17:34:06 [PIL.TiffImagePlugin] DEBUG: tag: XResolution (282) - type: rational (5) Tag Location: 34 - Data Location: 74 - value: b'H\x00\x00\x00\x01\x00\x00\x00'
2026-07-14 17:34:06 [PIL.TiffImagePlugin] DEBUG: tag: YResolution (283) - type: rational (5) Tag Location: 46 - Data Location: 82 - value: b'H\x00\x00\x00\x01\x00\x00\x00'
2026-07-14 17:34:06 [PIL.TiffImagePlugin] DEBUG: tag: ResolutionUnit (296) - type: short (3) - value: b'\x02\x00'
2026-07-14 17:34:06 [PIL.TiffImagePlugin] DEBUG: tag: ExifIFD (34665) - type: long (4) - value: b'Z\x00\x00\x00'
2026-07-14 17:34:06 [scrapy.core.engine] DEBUG: Crawled (200) <GET https://images.pexels.com/photos/10254198/pexels-photo-10254198.jpeg?auto=compress&cs=tinysrgb&dpr=2&h=650&w=940> (referer: None)
2026-07-14 17:34:06 [scrapy.pipelines.files] DEBUG: File (downloaded): Downloaded file from <GET https://images.pexels.com/photos/10254198/pexels-photo-10254198.jpeg?auto=compress&cs=tinysrgb&dpr=2&h=650&w=940> referred in <None>
2026-07-14 17:34:06 [PIL.TiffImagePlugin] DEBUG: tag: Orientation (274) - type: short (3) - value: b'\x01\x00'
2026-07-14 17:34:06 [PIL.TiffImagePlugin] DEBUG: tag: XResolution (282) - type: rational (5) Tag Location: 34 - Data Location: 74 - value: b'H\x00\x00\x00\x01\x00\x00\x00'
2026-07-14 17:34:06 [PIL.TiffImagePlugin] DEBUG: tag: YResolution (283) - type: rational (5) Tag Location: 46 - Data Location: 82 - value: b'H\x00\x00\x00\x01\x00\x00\x00'
2026-07-14 17:34:06 [PIL.TiffImagePlugin] DEBUG: tag: ResolutionUnit (296) - type: short (3) - value: b'\x02\x00'
2026-07-14 17:34:06 [PIL.TiffImagePlugin] DEBUG: tag: ExifIFD (34665) - type: long (4) - value: b'Z\x00\x00\x00'
2026-07-14 17:34:06 [scrapy.core.scraper] DEBUG: Scraped from <200 https://api.pexels.com/v1/search?query=cat&per_page=80&page=1>
{'image_urls': ['https://images.pexels.com/photos/6964449/pexels-photo-6964449.jpeg?auto=compress&cs=tinysrgb&dpr=2&h=650&w=940'],
 'images': [{'checksum': '216c7448312bdaf9b3c178cbfe5ec076',
             'path': 'cat/a663673355d8003b4a9479e5e664b4f41f5363a2.jpg',
             'status': 'downloaded',
             'url': 'https://images.pexels.com/photos/6964449/pexels-photo-6964449.jpeg?auto=compress&cs=tinysrgb&dpr=2&h=650&w=940'}],
 'label': 'cat',
 'source_id': '6964449'}
2026-07-14 17:34:06 [scrapy.core.scraper] DEBUG: Scraped from <200 https://api.pexels.com/v1/search?query=cat&per_page=80&page=1>
{'image_urls': ['https://images.pexels.com/photos/10254198/pexels-photo-10254198.jpeg?auto=compress&cs=tinysrgb&dpr=2&h=650&w=940'],
 'images': [{'checksum': '4a4591b2df0a3d1738276faecb92b746',
             'path': 'cat/538edf8563edd6b749c106f3634d50a9d2511a6c.jpg',
             'status': 'downloaded',
             'url': 'https://images.pexels.com/photos/10254198/pexels-photo-10254198.jpeg?auto=compress&cs=tinysrgb&dpr=2&h=650&w=940'}],
 'label': 'cat',
 'source_id': '10254198'}
2026-07-14 17:34:06 [scrapy.core.engine] DEBUG: Crawled (200) <GET https://images.pexels.com/photos/10366049/pexels-photo-10366049.jpeg?auto=compress&cs=tinysrgb&dpr=2&h=650&w=940> (referer: None)
2026-07-14 17:34:06 [scrapy.pipelines.files] DEBUG: File (downloaded): Downloaded file from <GET https://images.pexels.com/photos/10366049/pexels-photo-10366049.jpeg?auto=compress&cs=tinysrgb&dpr=2&h=650&w=940> referred in <None>
2026-07-14 17:34:06 [PIL.TiffImagePlugin] DEBUG: tag: Orientation (274) - type: short (3) - value: b'\x01\x00'
2026-07-14 17:34:06 [PIL.TiffImagePlugin] DEBUG: tag: XResolution (282) - type: rational (5) Tag Location: 34 - Data Location: 74 - value: b'H\x00\x00\x00\x01\x00\x00\x00'
2026-07-14 17:34:06 [PIL.TiffImagePlugin] DEBUG: tag: YResolution (283) - type: rational (5) Tag Location: 46 - Data Location: 82 - value: b'H\x00\x00\x00\x01\x00\x00\x00'
2026-07-14 17:34:06 [PIL.TiffImagePlugin] DEBUG: tag: ResolutionUnit (296) - type: short (3) - value: b'\x02\x00'
2026-07-14 17:34:06 [PIL.TiffImagePlugin] DEBUG: tag: ExifIFD (34665) - type: long (4) - value: b'Z\x00\x00\x00'
2026-07-14 17:34:06 [scrapy.core.scraper] DEBUG: Scraped from <200 https://api.pexels.com/v1/search?query=cat&per_page=80&page=1>
{'image_urls': ['https://images.pexels.com/photos/10366049/pexels-photo-10366049.jpeg?auto=compress&cs=tinysrgb&dpr=2&h=650&w=940'],
 'images': [{'checksum': '5d795ef11cbb401dc23f28d5df9563bf',
             'path': 'cat/73ebc6a6fbbee622a3f7e7be6db8b5169fd39e2c.jpg',
             'status': 'downloaded',
             'url': 'https://images.pexels.com/photos/10366049/pexels-photo-10366049.jpeg?auto=compress&cs=tinysrgb&dpr=2&h=650&w=940'}],
 'label': 'cat',
 'source_id': '10366049'}
2026-07-14 17:34:07 [scrapy.core.engine] DEBUG: Crawled (200) <GET https://images.pexels.com/photos/7790029/pexels-photo-7790029.jpeg?auto=compress&cs=tinysrgb&dpr=2&h=650&w=940> (referer: None)
2026-07-14 17:34:07 [scrapy.pipelines.files] DEBUG: File (downloaded): Downloaded file from <GET https://images.pexels.com/photos/7790029/pexels-photo-7790029.jpeg?auto=compress&cs=tinysrgb&dpr=2&h=650&w=940> referred in <None>
2026-07-14 17:34:07 [PIL.TiffImagePlugin] DEBUG: tag: Orientation (274) - type: short (3) - value: b'\x01\x00'
2026-07-14 17:34:07 [PIL.TiffImagePlugin] DEBUG: tag: XResolution (282) - type: rational (5) Tag Location: 34 - Data Location: 74 - value: b'H\x00\x00\x00\x01\x00\x00\x00'
2026-07-14 17:34:07 [PIL.TiffImagePlugin] DEBUG: tag: YResolution (283) - type: rational (5) Tag Location: 46 - Data Location: 82 - value: b'H\x00\x00\x00\x01\x00\x00\x00'
2026-07-14 17:34:07 [PIL.TiffImagePlugin] DEBUG: tag: ResolutionUnit (296) - type: short (3) - value: b'\x02\x00'
2026-07-14 17:34:07 [PIL.TiffImagePlugin] DEBUG: tag: ExifIFD (34665) - type: long (4) - value: b'Z\x00\x00\x00'
2026-07-14 17:34:07 [scrapy.core.scraper] DEBUG: Scraped from <200 https://api.pexels.com/v1/search?query=cat&per_page=80&page=1>
{'image_urls': ['https://images.pexels.com/photos/7790029/pexels-photo-7790029.jpeg?auto=compress&cs=tinysrgb&dpr=2&h=650&w=940'],
 'images': [{'checksum': '07d1feb662463212fbf81abad61cbbd2',
             'path': 'cat/5ad9994c4870b64bfedb4d10db9525d12a19be12.jpg',
             'status': 'downloaded',
             'url': 'https://images.pexels.com/photos/7790029/pexels-photo-7790029.jpeg?auto=compress&cs=tinysrgb&dpr=2&h=650&w=940'}],
 'label': 'cat',
 'source_id': '7790029'}
2026-07-14 17:34:07 [scrapy.core.engine] DEBUG: Crawled (200) <GET https://images.pexels.com/photos/34345889/pexels-photo-34345889.jpeg?auto=compress&cs=tinysrgb&dpr=2&h=650&w=940> (referer: None)
2026-07-14 17:34:07 [scrapy.pipelines.files] DEBUG: File (downloaded): Downloaded file from <GET https://images.pexels.com/photos/34345889/pexels-photo-34345889.jpeg?auto=compress&cs=tinysrgb&dpr=2&h=650&w=940> referred in <None>
2026-07-14 17:34:07 [PIL.TiffImagePlugin] DEBUG: tag: Orientation (274) - type: short (3) - value: b'\x01\x00'
2026-07-14 17:34:07 [PIL.TiffImagePlugin] DEBUG: tag: XResolution (282) - type: rational (5) Tag Location: 34 - Data Location: 74 - value: b'H\x00\x00\x00\x01\x00\x00\x00'
2026-07-14 17:34:07 [PIL.TiffImagePlugin] DEBUG: tag: YResolution (283) - type: rational (5) Tag Location: 46 - Data Location: 82 - value: b'H\x00\x00\x00\x01\x00\x00\x00'
2026-07-14 17:34:07 [PIL.TiffImagePlugin] DEBUG: tag: ResolutionUnit (296) - type: short (3) - value: b'\x02\x00'
2026-07-14 17:34:07 [PIL.TiffImagePlugin] DEBUG: tag: ExifIFD (34665) - type: long (4) - value: b'Z\x00\x00\x00'
2026-07-14 17:34:07 [scrapy.core.scraper] DEBUG: Scraped from <200 https://api.pexels.com/v1/search?query=cat&per_page=80&page=1>
{'image_urls': ['https://images.pexels.com/photos/34345889/pexels-photo-34345889.jpeg?auto=compress&cs=tinysrgb&dpr=2&h=650&w=940'],
 'images': [{'checksum': '9fa0ff04d3baf2d0413f6cae4ab79c70',
             'path': 'cat/36456589ce77b1b93c75205c9c8a88a3851f882d.jpg',
             'status': 'downloaded',
             'url': 'https://images.pexels.com/photos/34345889/pexels-photo-34345889.jpeg?auto=compress&cs=tinysrgb&dpr=2&h=650&w=940'}],
 'label': 'cat',
 'source_id': '34345889'}
2026-07-14 17:34:07 [scrapy.core.engine] DEBUG: Crawled (200) <GET https://images.pexels.com/photos/18693415/pexels-photo-18693415.jpeg?auto=compress&cs=tinysrgb&dpr=2&h=650&w=940> (referer: None)
2026-07-14 17:34:07 [scrapy.pipelines.files] DEBUG: File (downloaded): Downloaded file from <GET https://images.pexels.com/photos/18693415/pexels-photo-18693415.jpeg?auto=compress&cs=tinysrgb&dpr=2&h=650&w=940> referred in <None>
2026-07-14 17:34:07 [PIL.TiffImagePlugin] DEBUG: tag: Orientation (274) - type: short (3) - value: b'\x01\x00'
2026-07-14 17:34:07 [PIL.TiffImagePlugin] DEBUG: tag: XResolution (282) - type: rational (5) Tag Location: 34 - Data Location: 74 - value: b'H\x00\x00\x00\x01\x00\x00\x00'
2026-07-14 17:34:07 [PIL.TiffImagePlugin] DEBUG: tag: YResolution (283) - type: rational (5) Tag Location: 46 - Data Location: 82 - value: b'H\x00\x00\x00\x01\x00\x00\x00'
2026-07-14 17:34:07 [PIL.TiffImagePlugin] DEBUG: tag: ResolutionUnit (296) - type: short (3) - value: b'\x02\x00'
2026-07-14 17:34:07 [PIL.TiffImagePlugin] DEBUG: tag: ExifIFD (34665) - type: long (4) - value: b'Z\x00\x00\x00'
2026-07-14 17:34:07 [scrapy.core.scraper] DEBUG: Scraped from <200 https://api.pexels.com/v1/search?query=cat&per_page=80&page=1>
{'image_urls': ['https://images.pexels.com/photos/18693415/pexels-photo-18693415.jpeg?auto=compress&cs=tinysrgb&dpr=2&h=650&w=940'],
 'images': [{'checksum': '097e5e4a09422fdcb01afe687afaacc8',
             'path': 'cat/0db262b6096063163c620464586eeeec90140297.jpg',
             'status': 'downloaded',
             'url': 'https://images.pexels.com/photos/18693415/pexels-photo-18693415.jpeg?auto=compress&cs=tinysrgb&dpr=2&h=650&w=940'}],
 'label': 'cat',
 'source_id': '18693415'}
2026-07-14 17:34:08 [scrapy.core.engine] DEBUG: Crawled (200) <GET https://images.pexels.com/photos/8867046/pexels-photo-8867046.jpeg?auto=compress&cs=tinysrgb&dpr=2&h=650&w=940> (referer: None)
2026-07-14 17:34:08 [scrapy.pipelines.files] DEBUG: File (downloaded): Downloaded file from <GET https://images.pexels.com/photos/8867046/pexels-photo-8867046.jpeg?auto=compress&cs=tinysrgb&dpr=2&h=650&w=940> referred in <None>
2026-07-14 17:34:08 [PIL.TiffImagePlugin] DEBUG: tag: Orientation (274) - type: short (3) - value: b'\x00\x01'
2026-07-14 17:34:08 [PIL.TiffImagePlugin] DEBUG: tag: XResolution (282) - type: rational (5) Tag Location: 34 - Data Location: 118 - value: b'\x00\x00\x00H\x00\x00\x00\x01'
2026-07-14 17:34:08 [PIL.TiffImagePlugin] DEBUG: tag: YResolution (283) - type: rational (5) Tag Location: 46 - Data Location: 126 - value: b'\x00\x00\x00H\x00\x00\x00\x01'
2026-07-14 17:34:08 [PIL.TiffImagePlugin] DEBUG: tag: ResolutionUnit (296) - type: short (3) - value: b'\x00\x02'
2026-07-14 17:34:08 [PIL.TiffImagePlugin] DEBUG: tag: Artist (315) - type: string (2) Tag Location: 70 - Data Location: 98 - value: b'SAMI AKSU\x00'
2026-07-14 17:34:08 [PIL.TiffImagePlugin] DEBUG: tag: Copyright (33432) - type: string (2) Tag Location: 82 - Data Location: 108 - value: b'SAMI AKSU\x00'
2026-07-14 17:34:08 [PIL.TiffImagePlugin] DEBUG: tag: ExifIFD (34665) - type: long (4) - value: b'\x00\x00\x00\x86'
2026-07-14 17:34:08 [scrapy.core.scraper] DEBUG: Scraped from <200 https://api.pexels.com/v1/search?query=cat&per_page=80&page=1>
{'image_urls': ['https://images.pexels.com/photos/8867046/pexels-photo-8867046.jpeg?auto=compress&cs=tinysrgb&dpr=2&h=650&w=940'],
 'images': [{'checksum': '67324638c2d8626f10646d360c9cb53a',
             'path': 'cat/52d0839bedb48c93b1067e257a607ae31f4fbebf.jpg',
             'status': 'downloaded',
             'url': 'https://images.pexels.com/photos/8867046/pexels-photo-8867046.jpeg?auto=compress&cs=tinysrgb&dpr=2&h=650&w=940'}],
 'label': 'cat',
 'source_id': '8867046'}
2026-07-14 17:34:08 [scrapy.core.engine] DEBUG: Crawled (200) <GET https://images.pexels.com/photos/35620586/pexels-photo-35620586.jpeg?auto=compress&cs=tinysrgb&dpr=2&h=650&w=940> (referer: None)
2026-07-14 17:34:08 [scrapy.pipelines.files] DEBUG: File (downloaded): Downloaded file from <GET https://images.pexels.com/photos/35620586/pexels-photo-35620586.jpeg?auto=compress&cs=tinysrgb&dpr=2&h=650&w=940> referred in <None>
2026-07-14 17:34:08 [PIL.TiffImagePlugin] DEBUG: tag: Orientation (274) - type: short (3) - value: b'\x01\x00'
2026-07-14 17:34:08 [PIL.TiffImagePlugin] DEBUG: tag: XResolution (282) - type: rational (5) Tag Location: 34 - Data Location: 102 - value: b'H\x00\x00\x00\x01\x00\x00\x00'
2026-07-14 17:34:08 [PIL.TiffImagePlugin] DEBUG: tag: YResolution (283) - type: rational (5) Tag Location: 46 - Data Location: 110 - value: b'H\x00\x00\x00\x01\x00\x00\x00'
2026-07-14 17:34:08 [PIL.TiffImagePlugin] DEBUG: tag: ResolutionUnit (296) - type: short (3) - value: b'\x02\x00'
2026-07-14 17:34:08 [PIL.TiffImagePlugin] DEBUG: tag: Copyright (33432) - type: string (2) Tag Location: 70 - Data Location: 86 - value: b'\xc2\xa9 Liisbet Luup\x00'
2026-07-14 17:34:08 [PIL.TiffImagePlugin] DEBUG: tag: ExifIFD (34665) - type: long (4) - value: b'v\x00\x00\x00'
2026-07-14 17:34:08 [scrapy.core.scraper] DEBUG: Scraped from <200 https://api.pexels.com/v1/search?query=cat&per_page=80&page=1>
{'image_urls': ['https://images.pexels.com/photos/35620586/pexels-photo-35620586.jpeg?auto=compress&cs=tinysrgb&dpr=2&h=650&w=940'],
 'images': [{'checksum': '5e88313c5735c4c0588b6df71ad16c5f',
             'path': 'cat/531de5f5a130a6391215896a66e9bf46d96d92c4.jpg',
             'status': 'downloaded',
             'url': 'https://images.pexels.com/photos/35620586/pexels-photo-35620586.jpeg?auto=compress&cs=tinysrgb&dpr=2&h=650&w=940'}],
 'label': 'cat',
 'source_id': '35620586'}
2026-07-14 17:34:08 [scrapy.core.engine] DEBUG: Crawled (200) <GET https://images.pexels.com/photos/4097049/pexels-photo-4097049.jpeg?auto=compress&cs=tinysrgb&dpr=2&h=650&w=940> (referer: None)
2026-07-14 17:34:08 [scrapy.pipelines.files] DEBUG: File (downloaded): Downloaded file from <GET https://images.pexels.com/photos/4097049/pexels-photo-4097049.jpeg?auto=compress&cs=tinysrgb&dpr=2&h=650&w=940> referred in <None>
2026-07-14 17:34:08 [PIL.TiffImagePlugin] DEBUG: tag: Orientation (274) - type: short (3) - value: b'\x01\x00'
2026-07-14 17:34:08 [PIL.TiffImagePlugin] DEBUG: tag: XResolution (282) - type: rational (5) Tag Location: 34 - Data Location: 74 - value: b'H\x00\x00\x00\x01\x00\x00\x00'
2026-07-14 17:34:08 [PIL.TiffImagePlugin] DEBUG: tag: YResolution (283) - type: rational (5) Tag Location: 46 - Data Location: 82 - value: b'H\x00\x00\x00\x01\x00\x00\x00'
2026-07-14 17:34:08 [PIL.TiffImagePlugin] DEBUG: tag: ResolutionUnit (296) - type: short (3) - value: b'\x02\x00'
2026-07-14 17:34:08 [PIL.TiffImagePlugin] DEBUG: tag: ExifIFD (34665) - type: long (4) - value: b'Z\x00\x00\x00'
2026-07-14 17:34:08 [scrapy.core.scraper] DEBUG: Scraped from <200 https://api.pexels.com/v1/search?query=cat&per_page=80&page=1>
{'image_urls': ['https://images.pexels.com/photos/4097049/pexels-photo-4097049.jpeg?auto=compress&cs=tinysrgb&dpr=2&h=650&w=940'],
 'images': [{'checksum': 'd21a61b53c113461af83e84f1c589439',
             'path': 'cat/cfc6e40e7cf079f96e5d6d9c2d6032c738bff549.jpg',
             'status': 'downloaded',
             'url': 'https://images.pexels.com/photos/4097049/pexels-photo-4097049.jpeg?auto=compress&cs=tinysrgb&dpr=2&h=650&w=940'}],
 'label': 'cat',
 'source_id': '4097049'}
2026-07-14 17:34:09 [scrapy.core.engine] DEBUG: Crawled (200) <GET https://images.pexels.com/photos/27565478/pexels-photo-27565478.jpeg?auto=compress&cs=tinysrgb&dpr=2&h=650&w=940> (referer: None)
2026-07-14 17:34:09 [scrapy.pipelines.files] DEBUG: File (downloaded): Downloaded file from <GET https://images.pexels.com/photos/27565478/pexels-photo-27565478.jpeg?auto=compress&cs=tinysrgb&dpr=2&h=650&w=940> referred in <None>
2026-07-14 17:34:09 [PIL.TiffImagePlugin] DEBUG: tag: Orientation (274) - type: short (3) - value: b'\x01\x00'
2026-07-14 17:34:09 [PIL.TiffImagePlugin] DEBUG: tag: XResolution (282) - type: rational (5) Tag Location: 34 - Data Location: 74 - value: b'H\x00\x00\x00\x01\x00\x00\x00'
2026-07-14 17:34:09 [PIL.TiffImagePlugin] DEBUG: tag: YResolution (283) - type: rational (5) Tag Location: 46 - Data Location: 82 - value: b'H\x00\x00\x00\x01\x00\x00\x00'
2026-07-14 17:34:09 [PIL.TiffImagePlugin] DEBUG: tag: ResolutionUnit (296) - type: short (3) - value: b'\x02\x00'
2026-07-14 17:34:09 [PIL.TiffImagePlugin] DEBUG: tag: ExifIFD (34665) - type: long (4) - value: b'Z\x00\x00\x00'
2026-07-14 17:34:09 [scrapy.core.scraper] DEBUG: Scraped from <200 https://api.pexels.com/v1/search?query=duck&per_page=80&page=1>
{'image_urls': ['https://images.pexels.com/photos/27565478/pexels-photo-27565478.jpeg?auto=compress&cs=tinysrgb&dpr=2&h=650&w=940'],
 'images': [{'checksum': '886a985c84d5fbb422cfffa25b24c2ba',
             'path': 'duck/d15bf6a2fd6b1f1c3cbb0cd8631fb336a82f5a2d.jpg',
             'status': 'downloaded',
             'url': 'https://images.pexels.com/photos/27565478/pexels-photo-27565478.jpeg?auto=compress&cs=tinysrgb&dpr=2&h=650&w=940'}],
 'label': 'duck',
 'source_id': '27565478'}
2026-07-14 17:34:09 [scrapy.core.engine] DEBUG: Crawled (200) <GET https://images.pexels.com/photos/38058604/pexels-photo-38058604.jpeg?auto=compress&cs=tinysrgb&dpr=2&h=650&w=940> (referer: None)
2026-07-14 17:34:09 [scrapy.pipelines.files] DEBUG: File (downloaded): Downloaded file from <GET https://images.pexels.com/photos/38058604/pexels-photo-38058604.jpeg?auto=compress&cs=tinysrgb&dpr=2&h=650&w=940> referred in <None>
2026-07-14 17:34:09 [PIL.TiffImagePlugin] DEBUG: tag: Orientation (274) - type: short (3) - value: b'\x01\x00'
2026-07-14 17:34:09 [PIL.TiffImagePlugin] DEBUG: tag: XResolution (282) - type: rational (5) Tag Location: 34 - Data Location: 144 - value: b'H\x00\x00\x00\x01\x00\x00\x00'
2026-07-14 17:34:09 [PIL.TiffImagePlugin] DEBUG: tag: YResolution (283) - type: rational (5) Tag Location: 46 - Data Location: 152 - value: b'H\x00\x00\x00\x01\x00\x00\x00'
2026-07-14 17:34:09 [PIL.TiffImagePlugin] DEBUG: tag: ResolutionUnit (296) - type: short (3) - value: b'\x02\x00'
2026-07-14 17:34:09 [PIL.TiffImagePlugin] DEBUG: tag: Artist (315) - type: string (2) Tag Location: 70 - Data Location: 98 - value: b'Liane Ferreira\x00'
2026-07-14 17:34:09 [PIL.TiffImagePlugin] DEBUG: tag: Copyright (33432) - type: string (2) Tag Location: 82 - Data Location: 114 - value: b'DIREITOS RESERVADOS AO AUTOR\x00'
2026-07-14 17:34:09 [PIL.TiffImagePlugin] DEBUG: tag: ExifIFD (34665) - type: long (4) - value: b'\xa0\x00\x00\x00'
2026-07-14 17:34:10 [scrapy.core.scraper] DEBUG: Scraped from <200 https://api.pexels.com/v1/search?query=duck&per_page=80&page=1>
{'image_urls': ['https://images.pexels.com/photos/38058604/pexels-photo-38058604.jpeg?auto=compress&cs=tinysrgb&dpr=2&h=650&w=940'],
 'images': [{'checksum': '75766777e2f73f183046edd66b14f779',
             'path': 'duck/66670076ea164e44f60e5c58646869de0e933f58.jpg',
             'status': 'downloaded',
             'url': 'https://images.pexels.com/photos/38058604/pexels-photo-38058604.jpeg?auto=compress&cs=tinysrgb&dpr=2&h=650&w=940'}],
 'label': 'duck',
 'source_id': '38058604'}
2026-07-14 17:34:10 [scrapy.core.engine] DEBUG: Crawled (200) <GET https://images.pexels.com/photos/35049000/pexels-photo-35049000.jpeg?auto=compress&cs=tinysrgb&dpr=2&h=650&w=940> (referer: None)
2026-07-14 17:34:10 [scrapy.pipelines.files] DEBUG: File (downloaded): Downloaded file from <GET https://images.pexels.com/photos/35049000/pexels-photo-35049000.jpeg?auto=compress&cs=tinysrgb&dpr=2&h=650&w=940> referred in <None>
2026-07-14 17:34:10 [PIL.TiffImagePlugin] DEBUG: tag: Orientation (274) - type: short (3) - value: b'\x01\x00'
2026-07-14 17:34:10 [PIL.TiffImagePlugin] DEBUG: tag: XResolution (282) - type: rational (5) Tag Location: 34 - Data Location: 74 - value: b'H\x00\x00\x00\x01\x00\x00\x00'
2026-07-14 17:34:10 [PIL.TiffImagePlugin] DEBUG: tag: YResolution (283) - type: rational (5) Tag Location: 46 - Data Location: 82 - value: b'H\x00\x00\x00\x01\x00\x00\x00'
2026-07-14 17:34:10 [PIL.TiffImagePlugin] DEBUG: tag: ResolutionUnit (296) - type: short (3) - value: b'\x02\x00'
2026-07-14 17:34:10 [PIL.TiffImagePlugin] DEBUG: tag: ExifIFD (34665) - type: long (4) - value: b'Z\x00\x00\x00'
2026-07-14 17:34:10 [scrapy.core.scraper] DEBUG: Scraped from <200 https://api.pexels.com/v1/search?query=duck&per_page=80&page=1>
{'image_urls': ['https://images.pexels.com/photos/35049000/pexels-photo-35049000.jpeg?auto=compress&cs=tinysrgb&dpr=2&h=650&w=940'],
 'images': [{'checksum': '41d2e11073000a890529d289852cefff',
             'path': 'duck/267ff1a6f15dd4d399a539972e59b7af62c381c4.jpg',
             'status': 'downloaded',
             'url': 'https://images.pexels.com/photos/35049000/pexels-photo-35049000.jpeg?auto=compress&cs=tinysrgb&dpr=2&h=650&w=940'}],
 'label': 'duck',
 'source_id': '35049000'}
2026-07-14 17:34:10 [scrapy.core.engine] DEBUG: Crawled (200) <GET https://images.pexels.com/photos/13016996/pexels-photo-13016996.jpeg?auto=compress&cs=tinysrgb&dpr=2&h=650&w=940> (referer: None)
2026-07-14 17:34:10 [scrapy.pipelines.files] DEBUG: File (downloaded): Downloaded file from <GET https://images.pexels.com/photos/13016996/pexels-photo-13016996.jpeg?auto=compress&cs=tinysrgb&dpr=2&h=650&w=940> referred in <None>
2026-07-14 17:34:10 [PIL.TiffImagePlugin] DEBUG: tag: Orientation (274) - type: short (3) - value: b'\x01\x00'
2026-07-14 17:34:10 [PIL.TiffImagePlugin] DEBUG: tag: XResolution (282) - type: rational (5) Tag Location: 34 - Data Location: 134 - value: b'H\x00\x00\x00\x01\x00\x00\x00'
2026-07-14 17:34:10 [PIL.TiffImagePlugin] DEBUG: tag: YResolution (283) - type: rational (5) Tag Location: 46 - Data Location: 142 - value: b'H\x00\x00\x00\x01\x00\x00\x00'
2026-07-14 17:34:10 [PIL.TiffImagePlugin] DEBUG: tag: ResolutionUnit (296) - type: short (3) - value: b'\x02\x00'
2026-07-14 17:34:10 [PIL.TiffImagePlugin] DEBUG: tag: Artist (315) - type: string (2) Tag Location: 70 - Data Location: 98 - value: b'ISRAELZINOLIVEIRA\x00'
2026-07-14 17:34:10 [PIL.TiffImagePlugin] DEBUG: tag: Copyright (33432) - type: string (2) Tag Location: 82 - Data Location: 116 - value: b'ISRAELZINOLIVEIRA\x00'
2026-07-14 17:34:10 [PIL.TiffImagePlugin] DEBUG: tag: ExifIFD (34665) - type: long (4) - value: b'\x96\x00\x00\x00'
2026-07-14 17:34:10 [scrapy.core.engine] DEBUG: Crawled (200) <GET https://images.pexels.com/photos/34742990/pexels-photo-34742990.jpeg?auto=compress&cs=tinysrgb&dpr=2&h=650&w=940> (referer: None)
2026-07-14 17:34:10 [scrapy.pipelines.files] DEBUG: File (downloaded): Downloaded file from <GET https://images.pexels.com/photos/34742990/pexels-photo-34742990.jpeg?auto=compress&cs=tinysrgb&dpr=2&h=650&w=940> referred in <None>
2026-07-14 17:34:10 [PIL.TiffImagePlugin] DEBUG: tag: Orientation (274) - type: short (3) - value: b'\x01\x00'
2026-07-14 17:34:10 [PIL.TiffImagePlugin] DEBUG: tag: XResolution (282) - type: rational (5) Tag Location: 34 - Data Location: 86 - value: b'H\x00\x00\x00\x01\x00\x00\x00'
2026-07-14 17:34:10 [PIL.TiffImagePlugin] DEBUG: tag: YResolution (283) - type: rational (5) Tag Location: 46 - Data Location: 94 - value: b'H\x00\x00\x00\x01\x00\x00\x00'
2026-07-14 17:34:10 [PIL.TiffImagePlugin] DEBUG: tag: ResolutionUnit (296) - type: short (3) - value: b'\x02\x00'
2026-07-14 17:34:10 [PIL.TiffImagePlugin] DEBUG: tag: Artist (315) - type: string (2) - value: b'\x00'
2026-07-14 17:34:10 [PIL.TiffImagePlugin] DEBUG: tag: ExifIFD (34665) - type: long (4) - value: b'f\x00\x00\x00'
2026-07-14 17:34:10 [scrapy.core.scraper] DEBUG: Scraped from <200 https://api.pexels.com/v1/search?query=duck&per_page=80&page=1>
{'image_urls': ['https://images.pexels.com/photos/13016996/pexels-photo-13016996.jpeg?auto=compress&cs=tinysrgb&dpr=2&h=650&w=940'],
 'images': [{'checksum': '516cb4d7be78ed33b86d14a4ad9b910b',
             'path': 'duck/5380b819e2bb82ce635aaf4a8f0e90812b37bb2f.jpg',
             'status': 'downloaded',
             'url': 'https://images.pexels.com/photos/13016996/pexels-photo-13016996.jpeg?auto=compress&cs=tinysrgb&dpr=2&h=650&w=940'}],
 'label': 'duck',
 'source_id': '13016996'}
2026-07-14 17:34:10 [scrapy.core.scraper] DEBUG: Scraped from <200 https://api.pexels.com/v1/search?query=duck&per_page=80&page=1>
{'image_urls': ['https://images.pexels.com/photos/34742990/pexels-photo-34742990.jpeg?auto=compress&cs=tinysrgb&dpr=2&h=650&w=940'],
 'images': [{'checksum': '0823cffe349b1c793d6428f93bb8339a',
             'path': 'duck/49067b5ab7d4cd13eb24960b98e1318d04823f1d.jpg',
             'status': 'downloaded',
             'url': 'https://images.pexels.com/photos/34742990/pexels-photo-34742990.jpeg?auto=compress&cs=tinysrgb&dpr=2&h=650&w=940'}],
 'label': 'duck',
 'source_id': '34742990'}
2026-07-14 17:34:11 [scrapy.core.engine] DEBUG: Crawled (200) <GET https://images.pexels.com/photos/33693383/pexels-photo-33693383.jpeg?auto=compress&cs=tinysrgb&dpr=2&h=650&w=940> (referer: None)
2026-07-14 17:34:11 [scrapy.pipelines.files] DEBUG: File (downloaded): Downloaded file from <GET https://images.pexels.com/photos/33693383/pexels-photo-33693383.jpeg?auto=compress&cs=tinysrgb&dpr=2&h=650&w=940> referred in <None>
2026-07-14 17:34:11 [PIL.TiffImagePlugin] DEBUG: tag: Orientation (274) - type: short (3) - value: b'\x01\x00'
2026-07-14 17:34:11 [PIL.TiffImagePlugin] DEBUG: tag: XResolution (282) - type: rational (5) Tag Location: 34 - Data Location: 74 - value: b'H\x00\x00\x00\x01\x00\x00\x00'
2026-07-14 17:34:11 [PIL.TiffImagePlugin] DEBUG: tag: YResolution (283) - type: rational (5) Tag Location: 46 - Data Location: 82 - value: b'H\x00\x00\x00\x01\x00\x00\x00'
2026-07-14 17:34:11 [PIL.TiffImagePlugin] DEBUG: tag: ResolutionUnit (296) - type: short (3) - value: b'\x02\x00'
2026-07-14 17:34:11 [PIL.TiffImagePlugin] DEBUG: tag: ExifIFD (34665) - type: long (4) - value: b'Z\x00\x00\x00'
2026-07-14 17:34:11 [scrapy.core.scraper] DEBUG: Scraped from <200 https://api.pexels.com/v1/search?query=duck&per_page=80&page=1>
{'image_urls': ['https://images.pexels.com/photos/33693383/pexels-photo-33693383.jpeg?auto=compress&cs=tinysrgb&dpr=2&h=650&w=940'],
 'images': [{'checksum': 'c8c7ecf71a5123a75fa3ab4c5afecca6',
             'path': 'duck/4ee3e43bc67238fa20429a7c7682533301e0b3a0.jpg',
             'status': 'downloaded',
             'url': 'https://images.pexels.com/photos/33693383/pexels-photo-33693383.jpeg?auto=compress&cs=tinysrgb&dpr=2&h=650&w=940'}],
 'label': 'duck',
 'source_id': '33693383'}
2026-07-14 17:34:11 [scrapy.core.engine] DEBUG: Crawled (200) <GET https://images.pexels.com/photos/22883229/pexels-photo-22883229.jpeg?auto=compress&cs=tinysrgb&dpr=2&h=650&w=940> (referer: None)
2026-07-14 17:34:11 [scrapy.pipelines.files] DEBUG: File (downloaded): Downloaded file from <GET https://images.pexels.com/photos/22883229/pexels-photo-22883229.jpeg?auto=compress&cs=tinysrgb&dpr=2&h=650&w=940> referred in <None>
2026-07-14 17:34:11 [PIL.TiffImagePlugin] DEBUG: tag: Orientation (274) - type: short (3) - value: b'\x01\x00'
2026-07-14 17:34:11 [PIL.TiffImagePlugin] DEBUG: tag: XResolution (282) - type: rational (5) Tag Location: 34 - Data Location: 98 - value: b'H\x00\x00\x00\x01\x00\x00\x00'
2026-07-14 17:34:11 [PIL.TiffImagePlugin] DEBUG: tag: YResolution (283) - type: rational (5) Tag Location: 46 - Data Location: 106 - value: b'H\x00\x00\x00\x01\x00\x00\x00'
2026-07-14 17:34:11 [PIL.TiffImagePlugin] DEBUG: tag: ResolutionUnit (296) - type: short (3) - value: b'\x02\x00'
2026-07-14 17:34:11 [PIL.TiffImagePlugin] DEBUG: tag: Artist (315) - type: string (2) Tag Location: 70 - Data Location: 86 - value: b'UMUT DAGLI\x00'
2026-07-14 17:34:11 [PIL.TiffImagePlugin] DEBUG: tag: ExifIFD (34665) - type: long (4) - value: b'r\x00\x00\x00'
2026-07-14 17:34:11 [scrapy.core.scraper] DEBUG: Scraped from <200 https://api.pexels.com/v1/search?query=duck&per_page=80&page=1>
{'image_urls': ['https://images.pexels.com/photos/22883229/pexels-photo-22883229.jpeg?auto=compress&cs=tinysrgb&dpr=2&h=650&w=940'],
 'images': [{'checksum': 'b92fcc5b8d40298c57d48410b5bf9fac',
             'path': 'duck/90a64903c7979f6d0f8036f10bfbf3b26cfda8b3.jpg',
             'status': 'downloaded',
             'url': 'https://images.pexels.com/photos/22883229/pexels-photo-22883229.jpeg?auto=compress&cs=tinysrgb&dpr=2&h=650&w=940'}],
 'label': 'duck',
 'source_id': '22883229'}
2026-07-14 17:34:11 [scrapy.core.engine] DEBUG: Crawled (200) <GET https://images.pexels.com/photos/38398917/pexels-photo-38398917.jpeg?auto=compress&cs=tinysrgb&dpr=2&h=650&w=940> (referer: None)
2026-07-14 17:34:11 [scrapy.pipelines.files] DEBUG: File (downloaded): Downloaded file from <GET https://images.pexels.com/photos/38398917/pexels-photo-38398917.jpeg?auto=compress&cs=tinysrgb&dpr=2&h=650&w=940> referred in <None>
2026-07-14 17:34:11 [PIL.TiffImagePlugin] DEBUG: tag: Orientation (274) - type: short (3) - value: b'\x01\x00'
2026-07-14 17:34:11 [PIL.TiffImagePlugin] DEBUG: tag: XResolution (282) - type: rational (5) Tag Location: 34 - Data Location: 74 - value: b'H\x00\x00\x00\x01\x00\x00\x00'
2026-07-14 17:34:11 [PIL.TiffImagePlugin] DEBUG: tag: YResolution (283) - type: rational (5) Tag Location: 46 - Data Location: 82 - value: b'H\x00\x00\x00\x01\x00\x00\x00'
2026-07-14 17:34:11 [PIL.TiffImagePlugin] DEBUG: tag: ResolutionUnit (296) - type: short (3) - value: b'\x02\x00'
2026-07-14 17:34:11 [PIL.TiffImagePlugin] DEBUG: tag: ExifIFD (34665) - type: long (4) - value: b'Z\x00\x00\x00'
2026-07-14 17:34:11 [scrapy.core.scraper] DEBUG: Scraped from <200 https://api.pexels.com/v1/search?query=duck&per_page=80&page=1>
{'image_urls': ['https://images.pexels.com/photos/38398917/pexels-photo-38398917.jpeg?auto=compress&cs=tinysrgb&dpr=2&h=650&w=940'],
 'images': [{'checksum': 'f07e280234f3b9cd969f87277dd04f6f',
             'path': 'duck/cd76103364d8657826ff37e3bc94f9cbbea1790b.jpg',
             'status': 'downloaded',
             'url': 'https://images.pexels.com/photos/38398917/pexels-photo-38398917.jpeg?auto=compress&cs=tinysrgb&dpr=2&h=650&w=940'}],
 'label': 'duck',
 'source_id': '38398917'}
2026-07-14 17:34:12 [scrapy.core.engine] DEBUG: Crawled (200) <GET https://images.pexels.com/photos/34710699/pexels-photo-34710699.jpeg?auto=compress&cs=tinysrgb&dpr=2&h=650&w=940> (referer: None)
2026-07-14 17:34:12 [scrapy.pipelines.files] DEBUG: File (downloaded): Downloaded file from <GET https://images.pexels.com/photos/34710699/pexels-photo-34710699.jpeg?auto=compress&cs=tinysrgb&dpr=2&h=650&w=940> referred in <None>
2026-07-14 17:34:12 [PIL.TiffImagePlugin] DEBUG: tag: Orientation (274) - type: short (3) - value: b'\x01\x00'
2026-07-14 17:34:12 [PIL.TiffImagePlugin] DEBUG: tag: XResolution (282) - type: rational (5) Tag Location: 34 - Data Location: 74 - value: b'H\x00\x00\x00\x01\x00\x00\x00'
2026-07-14 17:34:12 [PIL.TiffImagePlugin] DEBUG: tag: YResolution (283) - type: rational (5) Tag Location: 46 - Data Location: 82 - value: b'H\x00\x00\x00\x01\x00\x00\x00'
2026-07-14 17:34:12 [PIL.TiffImagePlugin] DEBUG: tag: ResolutionUnit (296) - type: short (3) - value: b'\x02\x00'
2026-07-14 17:34:12 [PIL.TiffImagePlugin] DEBUG: tag: ExifIFD (34665) - type: long (4) - value: b'Z\x00\x00\x00'
2026-07-14 17:34:12 [scrapy.core.engine] DEBUG: Crawled (200) <GET https://images.pexels.com/photos/38058585/pexels-photo-38058585.jpeg?auto=compress&cs=tinysrgb&dpr=2&h=650&w=940> (referer: None)
2026-07-14 17:34:12 [scrapy.pipelines.files] DEBUG: File (downloaded): Downloaded file from <GET https://images.pexels.com/photos/38058585/pexels-photo-38058585.jpeg?auto=compress&cs=tinysrgb&dpr=2&h=650&w=940> referred in <None>
2026-07-14 17:34:12 [PIL.TiffImagePlugin] DEBUG: tag: Orientation (274) - type: short (3) - value: b'\x01\x00'
2026-07-14 17:34:12 [PIL.TiffImagePlugin] DEBUG: tag: XResolution (282) - type: rational (5) Tag Location: 34 - Data Location: 144 - value: b'H\x00\x00\x00\x01\x00\x00\x00'
2026-07-14 17:34:12 [PIL.TiffImagePlugin] DEBUG: tag: YResolution (283) - type: rational (5) Tag Location: 46 - Data Location: 152 - value: b'H\x00\x00\x00\x01\x00\x00\x00'
2026-07-14 17:34:12 [PIL.TiffImagePlugin] DEBUG: tag: ResolutionUnit (296) - type: short (3) - value: b'\x02\x00'
2026-07-14 17:34:12 [PIL.TiffImagePlugin] DEBUG: tag: Artist (315) - type: string (2) Tag Location: 70 - Data Location: 98 - value: b'Liane Ferreira\x00'
2026-07-14 17:34:12 [PIL.TiffImagePlugin] DEBUG: tag: Copyright (33432) - type: string (2) Tag Location: 82 - Data Location: 114 - value: b'DIREITOS RESERVADOS AO AUTOR\x00'
2026-07-14 17:34:12 [PIL.TiffImagePlugin] DEBUG: tag: ExifIFD (34665) - type: long (4) - value: b'\xa0\x00\x00\x00'
2026-07-14 17:34:12 [scrapy.core.scraper] DEBUG: Scraped from <200 https://api.pexels.com/v1/search?query=duck&per_page=80&page=1>
{'image_urls': ['https://images.pexels.com/photos/34710699/pexels-photo-34710699.jpeg?auto=compress&cs=tinysrgb&dpr=2&h=650&w=940'],
 'images': [{'checksum': '4cd9c7c8537fc835f6a60f4aa7c7cff8',
             'path': 'duck/5cf921d0fafd5464a82105e9267aab5bfd71b7d9.jpg',
             'status': 'downloaded',
             'url': 'https://images.pexels.com/photos/34710699/pexels-photo-34710699.jpeg?auto=compress&cs=tinysrgb&dpr=2&h=650&w=940'}],
 'label': 'duck',
 'source_id': '34710699'}
2026-07-14 17:34:12 [scrapy.core.scraper] DEBUG: Scraped from <200 https://api.pexels.com/v1/search?query=duck&per_page=80&page=1>
{'image_urls': ['https://images.pexels.com/photos/38058585/pexels-photo-38058585.jpeg?auto=compress&cs=tinysrgb&dpr=2&h=650&w=940'],
 'images': [{'checksum': '8e8d477932c3b8e4b8ad3f28b634cfc6',
             'path': 'duck/43024ed79eae6f2c947f335d9a65008ee87f63af.jpg',
             'status': 'downloaded',
             'url': 'https://images.pexels.com/photos/38058585/pexels-photo-38058585.jpeg?auto=compress&cs=tinysrgb&dpr=2&h=650&w=940'}],
 'label': 'duck',
 'source_id': '38058585'}
2026-07-14 17:34:12 [scrapy.core.engine] DEBUG: Crawled (200) <GET https://images.pexels.com/photos/34743035/pexels-photo-34743035.jpeg?auto=compress&cs=tinysrgb&dpr=2&h=650&w=940> (referer: None)
2026-07-14 17:34:12 [scrapy.pipelines.files] DEBUG: File (downloaded): Downloaded file from <GET https://images.pexels.com/photos/34743035/pexels-photo-34743035.jpeg?auto=compress&cs=tinysrgb&dpr=2&h=650&w=940> referred in <None>
2026-07-14 17:34:12 [PIL.TiffImagePlugin] DEBUG: tag: Orientation (274) - type: short (3) - value: b'\x01\x00'
2026-07-14 17:34:12 [PIL.TiffImagePlugin] DEBUG: tag: XResolution (282) - type: rational (5) Tag Location: 34 - Data Location: 86 - value: b'H\x00\x00\x00\x01\x00\x00\x00'
2026-07-14 17:34:12 [PIL.TiffImagePlugin] DEBUG: tag: YResolution (283) - type: rational (5) Tag Location: 46 - Data Location: 94 - value: b'H\x00\x00\x00\x01\x00\x00\x00'
2026-07-14 17:34:12 [PIL.TiffImagePlugin] DEBUG: tag: ResolutionUnit (296) - type: short (3) - value: b'\x02\x00'
2026-07-14 17:34:12 [PIL.TiffImagePlugin] DEBUG: tag: Artist (315) - type: string (2) - value: b'\x00'
2026-07-14 17:34:12 [PIL.TiffImagePlugin] DEBUG: tag: ExifIFD (34665) - type: long (4) - value: b'f\x00\x00\x00'
2026-07-14 17:34:12 [scrapy.core.scraper] DEBUG: Scraped from <200 https://api.pexels.com/v1/search?query=duck&per_page=80&page=1>
{'image_urls': ['https://images.pexels.com/photos/34743035/pexels-photo-34743035.jpeg?auto=compress&cs=tinysrgb&dpr=2&h=650&w=940'],
 'images': [{'checksum': 'e8b31d39d91a1a9be8c4491b91e75f51',
             'path': 'duck/b0bd408dbe1a117bb37e116d9b8eac670535328f.jpg',
             'status': 'downloaded',
             'url': 'https://images.pexels.com/photos/34743035/pexels-photo-34743035.jpeg?auto=compress&cs=tinysrgb&dpr=2&h=650&w=940'}],
 'label': 'duck',
 'source_id': '34743035'}
2026-07-14 17:34:13 [scrapy.core.engine] DEBUG: Crawled (200) <GET https://images.pexels.com/photos/33797812/pexels-photo-33797812.jpeg?auto=compress&cs=tinysrgb&dpr=2&h=650&w=940> (referer: None)
2026-07-14 17:34:13 [scrapy.pipelines.files] DEBUG: File (downloaded): Downloaded file from <GET https://images.pexels.com/photos/33797812/pexels-photo-33797812.jpeg?auto=compress&cs=tinysrgb&dpr=2&h=650&w=940> referred in <None>
2026-07-14 17:34:13 [PIL.TiffImagePlugin] DEBUG: tag: Orientation (274) - type: short (3) - value: b'\x01\x00'
2026-07-14 17:34:13 [PIL.TiffImagePlugin] DEBUG: tag: XResolution (282) - type: rational (5) Tag Location: 34 - Data Location: 74 - value: b'H\x00\x00\x00\x01\x00\x00\x00'
2026-07-14 17:34:13 [PIL.TiffImagePlugin] DEBUG: tag: YResolution (283) - type: rational (5) Tag Location: 46 - Data Location: 82 - value: b'H\x00\x00\x00\x01\x00\x00\x00'
2026-07-14 17:34:13 [PIL.TiffImagePlugin] DEBUG: tag: ResolutionUnit (296) - type: short (3) - value: b'\x02\x00'
2026-07-14 17:34:13 [PIL.TiffImagePlugin] DEBUG: tag: ExifIFD (34665) - type: long (4) - value: b'Z\x00\x00\x00'
2026-07-14 17:34:13 [scrapy.core.scraper] DEBUG: Scraped from <200 https://api.pexels.com/v1/search?query=duck&per_page=80&page=1>
{'image_urls': ['https://images.pexels.com/photos/33797812/pexels-photo-33797812.jpeg?auto=compress&cs=tinysrgb&dpr=2&h=650&w=940'],
 'images': [{'checksum': 'bb833526ec68650c1bd57fb98de763dc',
             'path': 'duck/a7322ccbc40c1b8692d3b00dee851057effd7284.jpg',
             'status': 'downloaded',
             'url': 'https://images.pexels.com/photos/33797812/pexels-photo-33797812.jpeg?auto=compress&cs=tinysrgb&dpr=2&h=650&w=940'}],
 'label': 'duck',
 'source_id': '33797812'}
2026-07-14 17:34:13 [scrapy.core.engine] DEBUG: Crawled (200) <GET https://images.pexels.com/photos/33319497/pexels-photo-33319497.jpeg?auto=compress&cs=tinysrgb&dpr=2&h=650&w=940> (referer: None)
2026-07-14 17:34:13 [scrapy.pipelines.files] DEBUG: File (downloaded): Downloaded file from <GET https://images.pexels.com/photos/33319497/pexels-photo-33319497.jpeg?auto=compress&cs=tinysrgb&dpr=2&h=650&w=940> referred in <None>
2026-07-14 17:34:13 [PIL.TiffImagePlugin] DEBUG: tag: Orientation (274) - type: short (3) - value: b'\x01\x00'
2026-07-14 17:34:13 [PIL.TiffImagePlugin] DEBUG: tag: XResolution (282) - type: rational (5) Tag Location: 34 - Data Location: 86 - value: b'H\x00\x00\x00\x01\x00\x00\x00'
2026-07-14 17:34:13 [PIL.TiffImagePlugin] DEBUG: tag: YResolution (283) - type: rational (5) Tag Location: 46 - Data Location: 94 - value: b'H\x00\x00\x00\x01\x00\x00\x00'
2026-07-14 17:34:13 [PIL.TiffImagePlugin] DEBUG: tag: ResolutionUnit (296) - type: short (3) - value: b'\x02\x00'
2026-07-14 17:34:13 [PIL.TiffImagePlugin] DEBUG: tag: Artist (315) - type: string (2) - value: b'\x00'
2026-07-14 17:34:13 [PIL.TiffImagePlugin] DEBUG: tag: ExifIFD (34665) - type: long (4) - value: b'f\x00\x00\x00'
2026-07-14 17:34:13 [scrapy.core.scraper] DEBUG: Scraped from <200 https://api.pexels.com/v1/search?query=duck&per_page=80&page=1>
{'image_urls': ['https://images.pexels.com/photos/33319497/pexels-photo-33319497.jpeg?auto=compress&cs=tinysrgb&dpr=2&h=650&w=940'],
 'images': [{'checksum': 'b55350845d96f15df1c60a0d2c2bb9b0',
             'path': 'duck/6d7f0011658ffe1248e79be59d6759f346d9bdd7.jpg',
             'status': 'downloaded',
             'url': 'https://images.pexels.com/photos/33319497/pexels-photo-33319497.jpeg?auto=compress&cs=tinysrgb&dpr=2&h=650&w=940'}],
 'label': 'duck',
 'source_id': '33319497'}
2026-07-14 17:34:13 [scrapy.core.engine] DEBUG: Crawled (200) <GET https://images.pexels.com/photos/14531354/pexels-photo-14531354.jpeg?auto=compress&cs=tinysrgb&dpr=2&h=650&w=940> (referer: None)
2026-07-14 17:34:13 [scrapy.pipelines.files] DEBUG: File (downloaded): Downloaded file from <GET https://images.pexels.com/photos/14531354/pexels-photo-14531354.jpeg?auto=compress&cs=tinysrgb&dpr=2&h=650&w=940> referred in <None>
2026-07-14 17:34:13 [PIL.TiffImagePlugin] DEBUG: tag: Orientation (274) - type: short (3) - value: b'\x01\x00'
2026-07-14 17:34:13 [PIL.TiffImagePlugin] DEBUG: tag: XResolution (282) - type: rational (5) Tag Location: 34 - Data Location: 86 - value: b'H\x00\x00\x00\x01\x00\x00\x00'
2026-07-14 17:34:13 [PIL.TiffImagePlugin] DEBUG: tag: YResolution (283) - type: rational (5) Tag Location: 46 - Data Location: 94 - value: b'H\x00\x00\x00\x01\x00\x00\x00'
2026-07-14 17:34:13 [PIL.TiffImagePlugin] DEBUG: tag: ResolutionUnit (296) - type: short (3) - value: b'\x02\x00'
2026-07-14 17:34:13 [PIL.TiffImagePlugin] DEBUG: tag: YCbCrPositioning (531) - type: short (3) - value: b'\x01\x00'
2026-07-14 17:34:13 [PIL.TiffImagePlugin] DEBUG: tag: ExifIFD (34665) - type: long (4) - value: b'f\x00\x00\x00'
2026-07-14 17:34:13 [scrapy.core.scraper] DEBUG: Scraped from <200 https://api.pexels.com/v1/search?query=duck&per_page=80&page=1>
{'image_urls': ['https://images.pexels.com/photos/14531354/pexels-photo-14531354.jpeg?auto=compress&cs=tinysrgb&dpr=2&h=650&w=940'],
 'images': [{'checksum': 'da8055ee10cafaaac673742f5a04c3a9',
             'path': 'duck/78017c71e55fbe915325aaa0f72e8f2f772e1da3.jpg',
             'status': 'downloaded',
             'url': 'https://images.pexels.com/photos/14531354/pexels-photo-14531354.jpeg?auto=compress&cs=tinysrgb&dpr=2&h=650&w=940'}],
 'label': 'duck',
 'source_id': '14531354'}
2026-07-14 17:34:14 [scrapy.core.engine] DEBUG: Crawled (200) <GET https://images.pexels.com/photos/17911356/pexels-photo-17911356.jpeg?auto=compress&cs=tinysrgb&dpr=2&h=650&w=940> (referer: None)
2026-07-14 17:34:14 [scrapy.pipelines.files] DEBUG: File (downloaded): Downloaded file from <GET https://images.pexels.com/photos/17911356/pexels-photo-17911356.jpeg?auto=compress&cs=tinysrgb&dpr=2&h=650&w=940> referred in <None>
2026-07-14 17:34:14 [PIL.TiffImagePlugin] DEBUG: tag: Orientation (274) - type: short (3) - value: b'\x01\x00'
2026-07-14 17:34:14 [PIL.TiffImagePlugin] DEBUG: tag: XResolution (282) - type: rational (5) Tag Location: 34 - Data Location: 74 - value: b'H\x00\x00\x00\x01\x00\x00\x00'
2026-07-14 17:34:14 [PIL.TiffImagePlugin] DEBUG: tag: YResolution (283) - type: rational (5) Tag Location: 46 - Data Location: 82 - value: b'H\x00\x00\x00\x01\x00\x00\x00'
2026-07-14 17:34:14 [PIL.TiffImagePlugin] DEBUG: tag: ResolutionUnit (296) - type: short (3) - value: b'\x02\x00'
2026-07-14 17:34:14 [PIL.TiffImagePlugin] DEBUG: tag: ExifIFD (34665) - type: long (4) - value: b'Z\x00\x00\x00'
2026-07-14 17:34:14 [scrapy.core.scraper] DEBUG: Scraped from <200 https://api.pexels.com/v1/search?query=duck&per_page=80&page=1>
{'image_urls': ['https://images.pexels.com/photos/17911356/pexels-photo-17911356.jpeg?auto=compress&cs=tinysrgb&dpr=2&h=650&w=940'],
 'images': [{'checksum': 'fe3d399074897f849c18f1461b21060c',
             'path': 'duck/bf2a61559be0b210e02786f464ade7bad5e074df.jpg',
             'status': 'downloaded',
             'url': 'https://images.pexels.com/photos/17911356/pexels-photo-17911356.jpeg?auto=compress&cs=tinysrgb&dpr=2&h=650&w=940'}],
 'label': 'duck',
 'source_id': '17911356'}
2026-07-14 17:34:14 [scrapy.core.engine] DEBUG: Crawled (200) <GET https://images.pexels.com/photos/12754746/pexels-photo-12754746.png?auto=compress&cs=tinysrgb&dpr=2&h=650&w=940> (referer: None)
2026-07-14 17:34:14 [scrapy.pipelines.files] DEBUG: File (downloaded): Downloaded file from <GET https://images.pexels.com/photos/12754746/pexels-photo-12754746.png?auto=compress&cs=tinysrgb&dpr=2&h=650&w=940> referred in <None>
2026-07-14 17:34:14 [PIL.PngImagePlugin] DEBUG: STREAM b'IHDR' 16 13
2026-07-14 17:34:14 [PIL.PngImagePlugin] DEBUG: STREAM b'eXIf' 41 180
2026-07-14 17:34:14 [PIL.PngImagePlugin] DEBUG: STREAM b'pHYs' 233 9
2026-07-14 17:34:14 [PIL.PngImagePlugin] DEBUG: STREAM b'IDAT' 254 8192
2026-07-14 17:34:14 [PIL.TiffImagePlugin] DEBUG: tag: Orientation (274) - type: short (3) - value: b'\x01\x00'
2026-07-14 17:34:14 [PIL.TiffImagePlugin] DEBUG: tag: XResolution (282) - type: rational (5) Tag Location: 34 - Data Location: 86 - value: b'H\x00\x00\x00\x01\x00\x00\x00'
2026-07-14 17:34:14 [PIL.TiffImagePlugin] DEBUG: tag: YResolution (283) - type: rational (5) Tag Location: 46 - Data Location: 94 - value: b'H\x00\x00\x00\x01\x00\x00\x00'
2026-07-14 17:34:14 [PIL.TiffImagePlugin] DEBUG: tag: ResolutionUnit (296) - type: short (3) - value: b'\x02\x00'
2026-07-14 17:34:14 [PIL.TiffImagePlugin] DEBUG: tag: YCbCrPositioning (531) - type: short (3) - value: b'\x01\x00'
2026-07-14 17:34:14 [PIL.TiffImagePlugin] DEBUG: tag: ExifIFD (34665) - type: long (4) - value: b'f\x00\x00\x00'
2026-07-14 17:34:14 [scrapy.core.scraper] DEBUG: Scraped from <200 https://api.pexels.com/v1/search?query=duck&per_page=80&page=1>
{'image_urls': ['https://images.pexels.com/photos/12754746/pexels-photo-12754746.png?auto=compress&cs=tinysrgb&dpr=2&h=650&w=940'],
 'images': [{'checksum': '53088f53b649d6145665620b802eaf88',
             'path': 'duck/85f57eb0ff8a930f349d054f17fb524cbbd88d03.jpg',
             'status': 'downloaded',
             'url': 'https://images.pexels.com/photos/12754746/pexels-photo-12754746.png?auto=compress&cs=tinysrgb&dpr=2&h=650&w=940'}],
 'label': 'duck',
 'source_id': '12754746'}
2026-07-14 17:34:14 [scrapy.core.engine] DEBUG: Crawled (200) <GET https://images.pexels.com/photos/31982670/pexels-photo-31982670.jpeg?auto=compress&cs=tinysrgb&dpr=2&h=650&w=940> (referer: None)
2026-07-14 17:34:14 [scrapy.pipelines.files] DEBUG: File (downloaded): Downloaded file from <GET https://images.pexels.com/photos/31982670/pexels-photo-31982670.jpeg?auto=compress&cs=tinysrgb&dpr=2&h=650&w=940> referred in <None>
2026-07-14 17:34:14 [PIL.TiffImagePlugin] DEBUG: tag: Orientation (274) - type: short (3) - value: b'\x01\x00'
2026-07-14 17:34:14 [PIL.TiffImagePlugin] DEBUG: tag: XResolution (282) - type: rational (5) Tag Location: 34 - Data Location: 74 - value: b'H\x00\x00\x00\x01\x00\x00\x00'
2026-07-14 17:34:14 [PIL.TiffImagePlugin] DEBUG: tag: YResolution (283) - type: rational (5) Tag Location: 46 - Data Location: 82 - value: b'H\x00\x00\x00\x01\x00\x00\x00'
2026-07-14 17:34:14 [PIL.TiffImagePlugin] DEBUG: tag: ResolutionUnit (296) - type: short (3) - value: b'\x02\x00'
2026-07-14 17:34:14 [PIL.TiffImagePlugin] DEBUG: tag: ExifIFD (34665) - type: long (4) - value: b'Z\x00\x00\x00'
2026-07-14 17:34:14 [scrapy.core.engine] DEBUG: Crawled (200) <GET https://images.pexels.com/photos/27565481/pexels-photo-27565481.jpeg?auto=compress&cs=tinysrgb&dpr=2&h=650&w=940> (referer: None)
2026-07-14 17:34:14 [scrapy.pipelines.files] DEBUG: File (downloaded): Downloaded file from <GET https://images.pexels.com/photos/27565481/pexels-photo-27565481.jpeg?auto=compress&cs=tinysrgb&dpr=2&h=650&w=940> referred in <None>
2026-07-14 17:34:14 [PIL.TiffImagePlugin] DEBUG: tag: Orientation (274) - type: short (3) - value: b'\x01\x00'
2026-07-14 17:34:14 [PIL.TiffImagePlugin] DEBUG: tag: XResolution (282) - type: rational (5) Tag Location: 34 - Data Location: 74 - value: b'H\x00\x00\x00\x01\x00\x00\x00'
2026-07-14 17:34:14 [PIL.TiffImagePlugin] DEBUG: tag: YResolution (283) - type: rational (5) Tag Location: 46 - Data Location: 82 - value: b'H\x00\x00\x00\x01\x00\x00\x00'
2026-07-14 17:34:14 [PIL.TiffImagePlugin] DEBUG: tag: ResolutionUnit (296) - type: short (3) - value: b'\x02\x00'
2026-07-14 17:34:14 [PIL.TiffImagePlugin] DEBUG: tag: ExifIFD (34665) - type: long (4) - value: b'Z\x00\x00\x00'
2026-07-14 17:34:14 [scrapy.core.scraper] DEBUG: Scraped from <200 https://api.pexels.com/v1/search?query=duck&per_page=80&page=1>
{'image_urls': ['https://images.pexels.com/photos/31982670/pexels-photo-31982670.jpeg?auto=compress&cs=tinysrgb&dpr=2&h=650&w=940'],
 'images': [{'checksum': 'cb041ed47333397269d5f8896a96a0a4',
             'path': 'duck/a8e8f68472dfe37c22cbf05ab685e7113353c626.jpg',
             'status': 'downloaded',
             'url': 'https://images.pexels.com/photos/31982670/pexels-photo-31982670.jpeg?auto=compress&cs=tinysrgb&dpr=2&h=650&w=940'}],
 'label': 'duck',
 'source_id': '31982670'}
2026-07-14 17:34:14 [scrapy.core.scraper] DEBUG: Scraped from <200 https://api.pexels.com/v1/search?query=duck&per_page=80&page=1>
{'image_urls': ['https://images.pexels.com/photos/27565481/pexels-photo-27565481.jpeg?auto=compress&cs=tinysrgb&dpr=2&h=650&w=940'],
 'images': [{'checksum': '016ae7f2446954ee1955156fd0876569',
             'path': 'duck/76bb3381d5053cd77bcc97f51795c2400c8aca96.jpg',
             'status': 'downloaded',
             'url': 'https://images.pexels.com/photos/27565481/pexels-photo-27565481.jpeg?auto=compress&cs=tinysrgb&dpr=2&h=650&w=940'}],
 'label': 'duck',
 'source_id': '27565481'}
2026-07-14 17:34:15 [scrapy.core.engine] DEBUG: Crawled (200) <GET https://images.pexels.com/photos/18138624/pexels-photo-18138624.jpeg?auto=compress&cs=tinysrgb&dpr=2&h=650&w=940> (referer: None)
2026-07-14 17:34:15 [scrapy.pipelines.files] DEBUG: File (downloaded): Downloaded file from <GET https://images.pexels.com/photos/18138624/pexels-photo-18138624.jpeg?auto=compress&cs=tinysrgb&dpr=2&h=650&w=940> referred in <None>
2026-07-14 17:34:15 [PIL.TiffImagePlugin] DEBUG: tag: Orientation (274) - type: short (3) - value: b'\x01\x00'
2026-07-14 17:34:15 [PIL.TiffImagePlugin] DEBUG: tag: XResolution (282) - type: rational (5) Tag Location: 34 - Data Location: 74 - value: b'H\x00\x00\x00\x01\x00\x00\x00'
2026-07-14 17:34:15 [PIL.TiffImagePlugin] DEBUG: tag: YResolution (283) - type: rational (5) Tag Location: 46 - Data Location: 82 - value: b'H\x00\x00\x00\x01\x00\x00\x00'
2026-07-14 17:34:15 [PIL.TiffImagePlugin] DEBUG: tag: ResolutionUnit (296) - type: short (3) - value: b'\x02\x00'
2026-07-14 17:34:15 [PIL.TiffImagePlugin] DEBUG: tag: ExifIFD (34665) - type: long (4) - value: b'Z\x00\x00\x00'
2026-07-14 17:34:15 [scrapy.core.scraper] DEBUG: Scraped from <200 https://api.pexels.com/v1/search?query=duck&per_page=80&page=1>
{'image_urls': ['https://images.pexels.com/photos/18138624/pexels-photo-18138624.jpeg?auto=compress&cs=tinysrgb&dpr=2&h=650&w=940'],
 'images': [{'checksum': 'a0c4feefeb6c03c06f3cd77661815177',
             'path': 'duck/61781acfa9a7b4d1dd98626461d64a4e78cf55ab.jpg',
             'status': 'downloaded',
             'url': 'https://images.pexels.com/photos/18138624/pexels-photo-18138624.jpeg?auto=compress&cs=tinysrgb&dpr=2&h=650&w=940'}],
 'label': 'duck',
 'source_id': '18138624'}
2026-07-14 17:34:15 [scrapy.core.engine] DEBUG: Crawled (200) <GET https://images.pexels.com/photos/32226095/pexels-photo-32226095.jpeg?auto=compress&cs=tinysrgb&dpr=2&h=650&w=940> (referer: None)
2026-07-14 17:34:15 [scrapy.pipelines.files] DEBUG: File (downloaded): Downloaded file from <GET https://images.pexels.com/photos/32226095/pexels-photo-32226095.jpeg?auto=compress&cs=tinysrgb&dpr=2&h=650&w=940> referred in <None>
2026-07-14 17:34:15 [PIL.TiffImagePlugin] DEBUG: tag: Orientation (274) - type: short (3) - value: b'\x01\x00'
2026-07-14 17:34:15 [PIL.TiffImagePlugin] DEBUG: tag: XResolution (282) - type: rational (5) Tag Location: 34 - Data Location: 74 - value: b'H\x00\x00\x00\x01\x00\x00\x00'
2026-07-14 17:34:15 [PIL.TiffImagePlugin] DEBUG: tag: YResolution (283) - type: rational (5) Tag Location: 46 - Data Location: 82 - value: b'H\x00\x00\x00\x01\x00\x00\x00'
2026-07-14 17:34:15 [PIL.TiffImagePlugin] DEBUG: tag: ResolutionUnit (296) - type: short (3) - value: b'\x02\x00'
2026-07-14 17:34:15 [PIL.TiffImagePlugin] DEBUG: tag: ExifIFD (34665) - type: long (4) - value: b'Z\x00\x00\x00'
2026-07-14 17:34:15 [scrapy.core.scraper] DEBUG: Scraped from <200 https://api.pexels.com/v1/search?query=duck&per_page=80&page=1>
{'image_urls': ['https://images.pexels.com/photos/32226095/pexels-photo-32226095.jpeg?auto=compress&cs=tinysrgb&dpr=2&h=650&w=940'],
 'images': [{'checksum': '71c8868136fbfd53c5a5d8aaa9e6dd2c',
             'path': 'duck/0239784794b493b9ad7ce0958d8cd1dba6860b0b.jpg',
             'status': 'downloaded',
             'url': 'https://images.pexels.com/photos/32226095/pexels-photo-32226095.jpeg?auto=compress&cs=tinysrgb&dpr=2&h=650&w=940'}],
 'label': 'duck',
 'source_id': '32226095'}
2026-07-14 17:34:15 [scrapy.core.engine] DEBUG: Crawled (200) <GET https://images.pexels.com/photos/28825499/pexels-photo-28825499.jpeg?auto=compress&cs=tinysrgb&dpr=2&h=650&w=940> (referer: None)
2026-07-14 17:34:15 [scrapy.pipelines.files] DEBUG: File (downloaded): Downloaded file from <GET https://images.pexels.com/photos/28825499/pexels-photo-28825499.jpeg?auto=compress&cs=tinysrgb&dpr=2&h=650&w=940> referred in <None>
2026-07-14 17:34:15 [PIL.TiffImagePlugin] DEBUG: tag: Orientation (274) - type: short (3) - value: b'\x00\x01'
2026-07-14 17:34:15 [PIL.TiffImagePlugin] DEBUG: tag: XResolution (282) - type: rational (5) Tag Location: 34 - Data Location: 126 - value: b'\x00\x00\x00H\x00\x00\x00\x01'
2026-07-14 17:34:15 [PIL.TiffImagePlugin] DEBUG: tag: YResolution (283) - type: rational (5) Tag Location: 46 - Data Location: 134 - value: b'\x00\x00\x00H\x00\x00\x00\x01'
2026-07-14 17:34:15 [PIL.TiffImagePlugin] DEBUG: tag: ResolutionUnit (296) - type: short (3) - value: b'\x00\x02'
2026-07-14 17:34:15 [PIL.TiffImagePlugin] DEBUG: tag: Artist (315) - type: string (2) Tag Location: 70 - Data Location: 98 - value: b'ANTHONY RAE\x00'
2026-07-14 17:34:15 [PIL.TiffImagePlugin] DEBUG: tag: Copyright (33432) - type: string (2) Tag Location: 82 - Data Location: 110 - value: b'ANTHONY RAE [C]\x00'
2026-07-14 17:34:15 [PIL.TiffImagePlugin] DEBUG: tag: ExifIFD (34665) - type: long (4) - value: b'\x00\x00\x00\x8e'
2026-07-14 17:34:15 [scrapy.core.scraper] DEBUG: Scraped from <200 https://api.pexels.com/v1/search?query=duck&per_page=80&page=1>
{'image_urls': ['https://images.pexels.com/photos/28825499/pexels-photo-28825499.jpeg?auto=compress&cs=tinysrgb&dpr=2&h=650&w=940'],
 'images': [{'checksum': 'ae0cb3d0529d6c14f576d021e48c17c6',
             'path': 'duck/c9b26b146aa5df87fc2d65c88d62a2bbed9cdba2.jpg',
             'status': 'downloaded',
             'url': 'https://images.pexels.com/photos/28825499/pexels-photo-28825499.jpeg?auto=compress&cs=tinysrgb&dpr=2&h=650&w=940'}],
 'label': 'duck',
 'source_id': '28825499'}
2026-07-14 17:34:16 [scrapy.core.engine] DEBUG: Crawled (200) <GET https://images.pexels.com/photos/6468251/pexels-photo-6468251.jpeg?auto=compress&cs=tinysrgb&dpr=2&h=650&w=940> (referer: None)
2026-07-14 17:34:16 [scrapy.pipelines.files] DEBUG: File (downloaded): Downloaded file from <GET https://images.pexels.com/photos/6468251/pexels-photo-6468251.jpeg?auto=compress&cs=tinysrgb&dpr=2&h=650&w=940> referred in <None>
2026-07-14 17:34:16 [PIL.TiffImagePlugin] DEBUG: tag: Orientation (274) - type: short (3) - value: b'\x01\x00'
2026-07-14 17:34:16 [PIL.TiffImagePlugin] DEBUG: tag: XResolution (282) - type: rational (5) Tag Location: 34 - Data Location: 126 - value: b'H\x00\x00\x00\x01\x00\x00\x00'
2026-07-14 17:34:16 [PIL.TiffImagePlugin] DEBUG: tag: YResolution (283) - type: rational (5) Tag Location: 46 - Data Location: 134 - value: b'H\x00\x00\x00\x01\x00\x00\x00'
2026-07-14 17:34:16 [PIL.TiffImagePlugin] DEBUG: tag: ResolutionUnit (296) - type: short (3) - value: b'\x02\x00'
2026-07-14 17:34:16 [PIL.TiffImagePlugin] DEBUG: tag: Artist (315) - type: string (2) Tag Location: 70 - Data Location: 98 - value: b'David Selbert\x00'
2026-07-14 17:34:16 [PIL.TiffImagePlugin] DEBUG: tag: Copyright (33432) - type: string (2) Tag Location: 82 - Data Location: 112 - value: b'David Selbert\x00'
2026-07-14 17:34:16 [PIL.TiffImagePlugin] DEBUG: tag: ExifIFD (34665) - type: long (4) - value: b'\x8e\x00\x00\x00'
2026-07-14 17:34:16 [scrapy.core.scraper] DEBUG: Scraped from <200 https://api.pexels.com/v1/search?query=duck&per_page=80&page=1>
{'image_urls': ['https://images.pexels.com/photos/6468251/pexels-photo-6468251.jpeg?auto=compress&cs=tinysrgb&dpr=2&h=650&w=940'],
 'images': [{'checksum': '549f88f88ac53b52e2fcc865f3fef055',
             'path': 'duck/03e7cf5603828ead9d1133c55758570796d5b337.jpg',
             'status': 'downloaded',
             'url': 'https://images.pexels.com/photos/6468251/pexels-photo-6468251.jpeg?auto=compress&cs=tinysrgb&dpr=2&h=650&w=940'}],
 'label': 'duck',
 'source_id': '6468251'}
2026-07-14 17:34:16 [scrapy.core.engine] DEBUG: Crawled (200) <GET https://images.pexels.com/photos/28849120/pexels-photo-28849120.jpeg?auto=compress&cs=tinysrgb&dpr=2&h=650&w=940> (referer: None)
2026-07-14 17:34:16 [scrapy.pipelines.files] DEBUG: File (downloaded): Downloaded file from <GET https://images.pexels.com/photos/28849120/pexels-photo-28849120.jpeg?auto=compress&cs=tinysrgb&dpr=2&h=650&w=940> referred in <None>
2026-07-14 17:34:16 [PIL.TiffImagePlugin] DEBUG: tag: Orientation (274) - type: short (3) - value: b'\x01\x00'
2026-07-14 17:34:16 [PIL.TiffImagePlugin] DEBUG: tag: XResolution (282) - type: rational (5) Tag Location: 34 - Data Location: 74 - value: b'H\x00\x00\x00\x01\x00\x00\x00'
2026-07-14 17:34:16 [PIL.TiffImagePlugin] DEBUG: tag: YResolution (283) - type: rational (5) Tag Location: 46 - Data Location: 82 - value: b'H\x00\x00\x00\x01\x00\x00\x00'
2026-07-14 17:34:16 [PIL.TiffImagePlugin] DEBUG: tag: ResolutionUnit (296) - type: short (3) - value: b'\x02\x00'
2026-07-14 17:34:16 [PIL.TiffImagePlugin] DEBUG: tag: ExifIFD (34665) - type: long (4) - value: b'Z\x00\x00\x00'
2026-07-14 17:34:16 [scrapy.core.scraper] DEBUG: Scraped from <200 https://api.pexels.com/v1/search?query=duck&per_page=80&page=1>
{'image_urls': ['https://images.pexels.com/photos/28849120/pexels-photo-28849120.jpeg?auto=compress&cs=tinysrgb&dpr=2&h=650&w=940'],
 'images': [{'checksum': '7d9697663eb3dfc5b9a3460607604f0d',
             'path': 'duck/ef48da72ffb3ed5b24e05dccbcc4b9d1de3e825a.jpg',
             'status': 'downloaded',
             'url': 'https://images.pexels.com/photos/28849120/pexels-photo-28849120.jpeg?auto=compress&cs=tinysrgb&dpr=2&h=650&w=940'}],
 'label': 'duck',
 'source_id': '28849120'}
2026-07-14 17:34:16 [scrapy.core.engine] DEBUG: Crawled (200) <GET https://images.pexels.com/photos/16831078/pexels-photo-16831078.jpeg?auto=compress&cs=tinysrgb&dpr=2&h=650&w=940> (referer: None)
2026-07-14 17:34:16 [scrapy.pipelines.files] DEBUG: File (downloaded): Downloaded file from <GET https://images.pexels.com/photos/16831078/pexels-photo-16831078.jpeg?auto=compress&cs=tinysrgb&dpr=2&h=650&w=940> referred in <None>
2026-07-14 17:34:16 [PIL.TiffImagePlugin] DEBUG: tag: Orientation (274) - type: short (3) - value: b'\x01\x00'
2026-07-14 17:34:16 [PIL.TiffImagePlugin] DEBUG: tag: XResolution (282) - type: rational (5) Tag Location: 34 - Data Location: 74 - value: b'H\x00\x00\x00\x01\x00\x00\x00'
2026-07-14 17:34:16 [PIL.TiffImagePlugin] DEBUG: tag: YResolution (283) - type: rational (5) Tag Location: 46 - Data Location: 82 - value: b'H\x00\x00\x00\x01\x00\x00\x00'
2026-07-14 17:34:16 [PIL.TiffImagePlugin] DEBUG: tag: ResolutionUnit (296) - type: short (3) - value: b'\x02\x00'
2026-07-14 17:34:16 [PIL.TiffImagePlugin] DEBUG: tag: ExifIFD (34665) - type: long (4) - value: b'Z\x00\x00\x00'
2026-07-14 17:34:16 [scrapy.core.scraper] DEBUG: Scraped from <200 https://api.pexels.com/v1/search?query=duck&per_page=80&page=1>
{'image_urls': ['https://images.pexels.com/photos/16831078/pexels-photo-16831078.jpeg?auto=compress&cs=tinysrgb&dpr=2&h=650&w=940'],
 'images': [{'checksum': 'aae73c672ee9d2e8afd2064ebd33e8d1',
             'path': 'duck/1b5ce4311b894bc27e87c7e4db3f11eca3aed4a7.jpg',
             'status': 'downloaded',
             'url': 'https://images.pexels.com/photos/16831078/pexels-photo-16831078.jpeg?auto=compress&cs=tinysrgb&dpr=2&h=650&w=940'}],
 'label': 'duck',
 'source_id': '16831078'}
2026-07-14 17:34:16 [scrapy.core.engine] DEBUG: Crawled (200) <GET https://images.pexels.com/photos/34004791/pexels-photo-34004791.jpeg?auto=compress&cs=tinysrgb&dpr=2&h=650&w=940> (referer: None)
2026-07-14 17:34:16 [scrapy.pipelines.files] DEBUG: File (downloaded): Downloaded file from <GET https://images.pexels.com/photos/34004791/pexels-photo-34004791.jpeg?auto=compress&cs=tinysrgb&dpr=2&h=650&w=940> referred in <None>
2026-07-14 17:34:16 [PIL.TiffImagePlugin] DEBUG: tag: Orientation (274) - type: short (3) - value: b'\x01\x00'
2026-07-14 17:34:16 [PIL.TiffImagePlugin] DEBUG: tag: XResolution (282) - type: rational (5) Tag Location: 34 - Data Location: 74 - value: b'H\x00\x00\x00\x01\x00\x00\x00'
2026-07-14 17:34:16 [PIL.TiffImagePlugin] DEBUG: tag: YResolution (283) - type: rational (5) Tag Location: 46 - Data Location: 82 - value: b'H\x00\x00\x00\x01\x00\x00\x00'
2026-07-14 17:34:16 [PIL.TiffImagePlugin] DEBUG: tag: ResolutionUnit (296) - type: short (3) - value: b'\x02\x00'
2026-07-14 17:34:16 [PIL.TiffImagePlugin] DEBUG: tag: ExifIFD (34665) - type: long (4) - value: b'Z\x00\x00\x00'
2026-07-14 17:34:17 [scrapy.core.scraper] DEBUG: Scraped from <200 https://api.pexels.com/v1/search?query=duck&per_page=80&page=1>
{'image_urls': ['https://images.pexels.com/photos/34004791/pexels-photo-34004791.jpeg?auto=compress&cs=tinysrgb&dpr=2&h=650&w=940'],
 'images': [{'checksum': '6344c165986e640c367747708be8cce1',
             'path': 'duck/6c0b9186e3ff3764ac9ae224762d15c311281c2c.jpg',
             'status': 'downloaded',
             'url': 'https://images.pexels.com/photos/34004791/pexels-photo-34004791.jpeg?auto=compress&cs=tinysrgb&dpr=2&h=650&w=940'}],
 'label': 'duck',
 'source_id': '34004791'}
2026-07-14 17:34:17 [scrapy.core.engine] DEBUG: Crawled (200) <GET https://images.pexels.com/photos/1842819/pexels-photo-1842819.jpeg?auto=compress&cs=tinysrgb&dpr=2&h=650&w=940> (referer: None)
2026-07-14 17:34:17 [scrapy.pipelines.files] DEBUG: File (downloaded): Downloaded file from <GET https://images.pexels.com/photos/1842819/pexels-photo-1842819.jpeg?auto=compress&cs=tinysrgb&dpr=2&h=650&w=940> referred in <None>
2026-07-14 17:34:17 [PIL.TiffImagePlugin] DEBUG: tag: Orientation (274) - type: short (3) - value: b'\x01\x00'
2026-07-14 17:34:17 [PIL.TiffImagePlugin] DEBUG: tag: XResolution (282) - type: rational (5) Tag Location: 34 - Data Location: 74 - value: b'H\x00\x00\x00\x01\x00\x00\x00'
2026-07-14 17:34:17 [PIL.TiffImagePlugin] DEBUG: tag: YResolution (283) - type: rational (5) Tag Location: 46 - Data Location: 82 - value: b'H\x00\x00\x00\x01\x00\x00\x00'
2026-07-14 17:34:17 [PIL.TiffImagePlugin] DEBUG: tag: ResolutionUnit (296) - type: short (3) - value: b'\x02\x00'
2026-07-14 17:34:17 [PIL.TiffImagePlugin] DEBUG: tag: ExifIFD (34665) - type: long (4) - value: b'Z\x00\x00\x00'
2026-07-14 17:34:17 [scrapy.core.scraper] DEBUG: Scraped from <200 https://api.pexels.com/v1/search?query=duck&per_page=80&page=1>
{'image_urls': ['https://images.pexels.com/photos/1842819/pexels-photo-1842819.jpeg?auto=compress&cs=tinysrgb&dpr=2&h=650&w=940'],
 'images': [{'checksum': 'd71582aabe79956049405d71bf06a184',
             'path': 'duck/77d8d1bd88b0bf583d1be92e7744c4c2a160e939.jpg',
             'status': 'downloaded',
             'url': 'https://images.pexels.com/photos/1842819/pexels-photo-1842819.jpeg?auto=compress&cs=tinysrgb&dpr=2&h=650&w=940'}],
 'label': 'duck',
 'source_id': '1842819'}
2026-07-14 17:34:17 [scrapy.core.engine] DEBUG: Crawled (200) <GET https://images.pexels.com/photos/38065909/pexels-photo-38065909.jpeg?auto=compress&cs=tinysrgb&dpr=2&h=650&w=940> (referer: None)
2026-07-14 17:34:17 [scrapy.pipelines.files] DEBUG: File (downloaded): Downloaded file from <GET https://images.pexels.com/photos/38065909/pexels-photo-38065909.jpeg?auto=compress&cs=tinysrgb&dpr=2&h=650&w=940> referred in <None>
2026-07-14 17:34:17 [PIL.TiffImagePlugin] DEBUG: tag: Orientation (274) - type: short (3) - value: b'\x01\x00'
2026-07-14 17:34:17 [PIL.TiffImagePlugin] DEBUG: tag: XResolution (282) - type: rational (5) Tag Location: 34 - Data Location: 144 - value: b'H\x00\x00\x00\x01\x00\x00\x00'
2026-07-14 17:34:17 [PIL.TiffImagePlugin] DEBUG: tag: YResolution (283) - type: rational (5) Tag Location: 46 - Data Location: 152 - value: b'H\x00\x00\x00\x01\x00\x00\x00'
2026-07-14 17:34:17 [PIL.TiffImagePlugin] DEBUG: tag: ResolutionUnit (296) - type: short (3) - value: b'\x02\x00'
2026-07-14 17:34:17 [PIL.TiffImagePlugin] DEBUG: tag: Artist (315) - type: string (2) Tag Location: 70 - Data Location: 98 - value: b'Liane Ferreira\x00'
2026-07-14 17:34:17 [PIL.TiffImagePlugin] DEBUG: tag: Copyright (33432) - type: string (2) Tag Location: 82 - Data Location: 114 - value: b'DIREITOS RESERVADOS AO AUTOR\x00'
2026-07-14 17:34:17 [PIL.TiffImagePlugin] DEBUG: tag: ExifIFD (34665) - type: long (4) - value: b'\xa0\x00\x00\x00'
2026-07-14 17:34:17 [scrapy.core.scraper] DEBUG: Scraped from <200 https://api.pexels.com/v1/search?query=duck&per_page=80&page=1>
{'image_urls': ['https://images.pexels.com/photos/38065909/pexels-photo-38065909.jpeg?auto=compress&cs=tinysrgb&dpr=2&h=650&w=940'],
 'images': [{'checksum': '026dca8268b13bf33d3bde5adaa6e1ec',
             'path': 'duck/4324542429ab8ab5602dbd5ced106c71e46c8eee.jpg',
             'status': 'downloaded',
             'url': 'https://images.pexels.com/photos/38065909/pexels-photo-38065909.jpeg?auto=compress&cs=tinysrgb&dpr=2&h=650&w=940'}],
 'label': 'duck',
 'source_id': '38065909'}
2026-07-14 17:34:17 [scrapy.core.engine] DEBUG: Crawled (200) <GET https://images.pexels.com/photos/28542760/pexels-photo-28542760.jpeg?auto=compress&cs=tinysrgb&dpr=2&h=650&w=940> (referer: None)
2026-07-14 17:34:17 [scrapy.pipelines.files] DEBUG: File (downloaded): Downloaded file from <GET https://images.pexels.com/photos/28542760/pexels-photo-28542760.jpeg?auto=compress&cs=tinysrgb&dpr=2&h=650&w=940> referred in <None>
2026-07-14 17:34:17 [PIL.TiffImagePlugin] DEBUG: tag: Orientation (274) - type: short (3) - value: b'\x01\x00'
2026-07-14 17:34:17 [PIL.TiffImagePlugin] DEBUG: tag: XResolution (282) - type: rational (5) Tag Location: 34 - Data Location: 74 - value: b'H\x00\x00\x00\x01\x00\x00\x00'
2026-07-14 17:34:17 [PIL.TiffImagePlugin] DEBUG: tag: YResolution (283) - type: rational (5) Tag Location: 46 - Data Location: 82 - value: b'H\x00\x00\x00\x01\x00\x00\x00'
2026-07-14 17:34:17 [PIL.TiffImagePlugin] DEBUG: tag: ResolutionUnit (296) - type: short (3) - value: b'\x02\x00'
2026-07-14 17:34:17 [PIL.TiffImagePlugin] DEBUG: tag: ExifIFD (34665) - type: long (4) - value: b'Z\x00\x00\x00'
2026-07-14 17:34:17 [scrapy.core.scraper] DEBUG: Scraped from <200 https://api.pexels.com/v1/search?query=duck&per_page=80&page=1>
{'image_urls': ['https://images.pexels.com/photos/28542760/pexels-photo-28542760.jpeg?auto=compress&cs=tinysrgb&dpr=2&h=650&w=940'],
 'images': [{'checksum': '67e6bf676561cc5178e0082c616811da',
             'path': 'duck/0202c60d4c72ec67b86967e1006d0cc85f2bc9b9.jpg',
             'status': 'downloaded',
             'url': 'https://images.pexels.com/photos/28542760/pexels-photo-28542760.jpeg?auto=compress&cs=tinysrgb&dpr=2&h=650&w=940'}],
 'label': 'duck',
 'source_id': '28542760'}
2026-07-14 17:34:18 [scrapy.core.engine] DEBUG: Crawled (200) <GET https://images.pexels.com/photos/38065888/pexels-photo-38065888.jpeg?auto=compress&cs=tinysrgb&dpr=2&h=650&w=940> (referer: None)
2026-07-14 17:34:18 [scrapy.pipelines.files] DEBUG: File (downloaded): Downloaded file from <GET https://images.pexels.com/photos/38065888/pexels-photo-38065888.jpeg?auto=compress&cs=tinysrgb&dpr=2&h=650&w=940> referred in <None>
2026-07-14 17:34:18 [PIL.TiffImagePlugin] DEBUG: tag: Orientation (274) - type: short (3) - value: b'\x01\x00'
2026-07-14 17:34:18 [PIL.TiffImagePlugin] DEBUG: tag: XResolution (282) - type: rational (5) Tag Location: 34 - Data Location: 144 - value: b'H\x00\x00\x00\x01\x00\x00\x00'
2026-07-14 17:34:18 [PIL.TiffImagePlugin] DEBUG: tag: YResolution (283) - type: rational (5) Tag Location: 46 - Data Location: 152 - value: b'H\x00\x00\x00\x01\x00\x00\x00'
2026-07-14 17:34:18 [PIL.TiffImagePlugin] DEBUG: tag: ResolutionUnit (296) - type: short (3) - value: b'\x02\x00'
2026-07-14 17:34:18 [PIL.TiffImagePlugin] DEBUG: tag: Artist (315) - type: string (2) Tag Location: 70 - Data Location: 98 - value: b'Liane Ferreira\x00'
2026-07-14 17:34:18 [PIL.TiffImagePlugin] DEBUG: tag: Copyright (33432) - type: string (2) Tag Location: 82 - Data Location: 114 - value: b'DIREITOS RESERVADOS AO AUTOR\x00'
2026-07-14 17:34:18 [PIL.TiffImagePlugin] DEBUG: tag: ExifIFD (34665) - type: long (4) - value: b'\xa0\x00\x00\x00'
2026-07-14 17:34:18 [scrapy.core.scraper] DEBUG: Scraped from <200 https://api.pexels.com/v1/search?query=duck&per_page=80&page=1>
{'image_urls': ['https://images.pexels.com/photos/38065888/pexels-photo-38065888.jpeg?auto=compress&cs=tinysrgb&dpr=2&h=650&w=940'],
 'images': [{'checksum': '198f11878f0ade0f9b895b8cc44a174f',
             'path': 'duck/2420281718ef0de20a9e49a03b2bb44592b8a2c6.jpg',
             'status': 'downloaded',
             'url': 'https://images.pexels.com/photos/38065888/pexels-photo-38065888.jpeg?auto=compress&cs=tinysrgb&dpr=2&h=650&w=940'}],
 'label': 'duck',
 'source_id': '38065888'}
2026-07-14 17:34:18 [scrapy.core.engine] DEBUG: Crawled (422) <GET https://images.pexels.com/photos/13276717/pexels-photo-13276717.jpeg?auto=compress&cs=tinysrgb&dpr=2&h=650&w=940> (referer: None)
2026-07-14 17:34:18 [scrapy.pipelines.files] WARNING: File (code: 422): Error downloading file from <GET https://images.pexels.com/photos/13276717/pexels-photo-13276717.jpeg?auto=compress&cs=tinysrgb&dpr=2&h=650&w=940> referred in <None>
2026-07-14 17:34:18 [scrapy.pipelines.files] WARNING: File (unknown-error): Error downloading image from <GET https://images.pexels.com/photos/13276717/pexels-photo-13276717.jpeg?auto=compress&cs=tinysrgb&dpr=2&h=650&w=940> referred in <None>: download-error
2026-07-14 17:34:18 [scrapy.pipelines.media] ERROR: [Failure instance: Traceback: <class 'scrapy.pipelines.files.FileException'>: 
C:\Dev\duck-or-cat\scraper\.venv\Lib\site-packages\scrapy\pipelines\media.py:193:_process_request
C:\Dev\duck-or-cat\scraper\.venv\Lib\site-packages\scrapy\pipelines\media.py:217:_check_media_to_download
C:\Dev\duck-or-cat\scraper\.venv\Lib\site-packages\scrapy\pipelines\files.py:614:media_failed
]
Traceback (most recent call last):
  File "C:\Dev\duck-or-cat\scraper\.venv\Lib\site-packages\scrapy\pipelines\media.py", line 213, in _check_media_to_download
    return await ensure_awaitable(
           ^^^^^^^^^^^^^^^^^^^^^^^
  File "C:\Dev\duck-or-cat\scraper\.venv\Lib\site-packages\scrapy\pipelines\files.py", line 633, in media_downloaded
    raise FileException("download-error")
scrapy.pipelines.files.FileException: download-error

During handling of the above exception, another exception occurred:

Traceback (most recent call last):
  File "C:\Dev\duck-or-cat\scraper\.venv\Lib\site-packages\scrapy\pipelines\media.py", line 193, in _process_request
    result = await self._check_media_to_download(request, info, item=item)
             ^^^^^^^^^^^^^^^^^^^^^^^^^^^^^^^^^^^^^^^^^^^^^^^^^^^^^^^^^^^^^
  File "C:\Dev\duck-or-cat\scraper\.venv\Lib\site-packages\scrapy\pipelines\media.py", line 217, in _check_media_to_download
    failure = self.media_failed(Failure(), request, info)
              ^^^^^^^^^^^^^^^^^^^^^^^^^^^^^^^^^^^^^^^^^^^
  File "C:\Dev\duck-or-cat\scraper\.venv\Lib\site-packages\scrapy\pipelines\files.py", line 614, in media_failed
    raise FileException
scrapy.pipelines.files.FileException
2026-07-14 17:34:18 [scrapy.core.scraper] DEBUG: Scraped from <200 https://api.pexels.com/v1/search?query=duck&per_page=80&page=1>
{'image_urls': ['https://images.pexels.com/photos/13276717/pexels-photo-13276717.jpeg?auto=compress&cs=tinysrgb&dpr=2&h=650&w=940'],
 'images': [],
 'label': 'duck',
 'source_id': '13276717'}
2026-07-14 17:34:18 [scrapy.core.engine] DEBUG: Crawled (200) <GET https://images.pexels.com/photos/10293541/pexels-photo-10293541.jpeg?auto=compress&cs=tinysrgb&dpr=2&h=650&w=940> (referer: None)
2026-07-14 17:34:18 [scrapy.pipelines.files] DEBUG: File (downloaded): Downloaded file from <GET https://images.pexels.com/photos/10293541/pexels-photo-10293541.jpeg?auto=compress&cs=tinysrgb&dpr=2&h=650&w=940> referred in <None>
2026-07-14 17:34:18 [PIL.TiffImagePlugin] DEBUG: tag: Orientation (274) - type: short (3) - value: b'\x00\x01'
2026-07-14 17:34:18 [PIL.TiffImagePlugin] DEBUG: tag: XResolution (282) - type: rational (5) Tag Location: 34 - Data Location: 74 - value: b'\x00\x00\x00H\x00\x00\x00\x01'
2026-07-14 17:34:18 [PIL.TiffImagePlugin] DEBUG: tag: YResolution (283) - type: rational (5) Tag Location: 46 - Data Location: 82 - value: b'\x00\x00\x00H\x00\x00\x00\x01'
2026-07-14 17:34:18 [PIL.TiffImagePlugin] DEBUG: tag: ResolutionUnit (296) - type: short (3) - value: b'\x00\x02'
2026-07-14 17:34:18 [PIL.TiffImagePlugin] DEBUG: tag: ExifIFD (34665) - type: long (4) - value: b'\x00\x00\x00Z'
2026-07-14 17:34:18 [scrapy.core.scraper] DEBUG: Scraped from <200 https://api.pexels.com/v1/search?query=duck&per_page=80&page=1>
{'image_urls': ['https://images.pexels.com/photos/10293541/pexels-photo-10293541.jpeg?auto=compress&cs=tinysrgb&dpr=2&h=650&w=940'],
 'images': [{'checksum': '6c527fbe51625426a30a5815cf67e469',
             'path': 'duck/8eb9b3fe28eb371539c211812cb5580b5bc04380.jpg',
             'status': 'downloaded',
             'url': 'https://images.pexels.com/photos/10293541/pexels-photo-10293541.jpeg?auto=compress&cs=tinysrgb&dpr=2&h=650&w=940'}],
 'label': 'duck',
 'source_id': '10293541'}
2026-07-14 17:34:18 [scrapy.core.engine] DEBUG: Crawled (200) <GET https://images.pexels.com/photos/31982677/pexels-photo-31982677.jpeg?auto=compress&cs=tinysrgb&dpr=2&h=650&w=940> (referer: None)
2026-07-14 17:34:18 [scrapy.pipelines.files] DEBUG: File (downloaded): Downloaded file from <GET https://images.pexels.com/photos/31982677/pexels-photo-31982677.jpeg?auto=compress&cs=tinysrgb&dpr=2&h=650&w=940> referred in <None>
2026-07-14 17:34:19 [PIL.TiffImagePlugin] DEBUG: tag: Orientation (274) - type: short (3) - value: b'\x01\x00'
2026-07-14 17:34:19 [PIL.TiffImagePlugin] DEBUG: tag: XResolution (282) - type: rational (5) Tag Location: 34 - Data Location: 74 - value: b'H\x00\x00\x00\x01\x00\x00\x00'
2026-07-14 17:34:19 [PIL.TiffImagePlugin] DEBUG: tag: YResolution (283) - type: rational (5) Tag Location: 46 - Data Location: 82 - value: b'H\x00\x00\x00\x01\x00\x00\x00'
2026-07-14 17:34:19 [PIL.TiffImagePlugin] DEBUG: tag: ResolutionUnit (296) - type: short (3) - value: b'\x02\x00'
2026-07-14 17:34:19 [PIL.TiffImagePlugin] DEBUG: tag: ExifIFD (34665) - type: long (4) - value: b'Z\x00\x00\x00'
2026-07-14 17:34:19 [scrapy.core.scraper] DEBUG: Scraped from <200 https://api.pexels.com/v1/search?query=duck&per_page=80&page=1>
{'image_urls': ['https://images.pexels.com/photos/31982677/pexels-photo-31982677.jpeg?auto=compress&cs=tinysrgb&dpr=2&h=650&w=940'],
 'images': [{'checksum': '3e21f65f035b7403881ed0b7cd9caba1',
             'path': 'duck/47234d1dac821bbe4f23ab046dddf740c058bc40.jpg',
             'status': 'downloaded',
             'url': 'https://images.pexels.com/photos/31982677/pexels-photo-31982677.jpeg?auto=compress&cs=tinysrgb&dpr=2&h=650&w=940'}],
 'label': 'duck',
 'source_id': '31982677'}
2026-07-14 17:34:19 [scrapy.core.engine] DEBUG: Crawled (200) <GET https://images.pexels.com/photos/10644068/pexels-photo-10644068.jpeg?auto=compress&cs=tinysrgb&dpr=2&h=650&w=940> (referer: None)
2026-07-14 17:34:19 [scrapy.pipelines.files] DEBUG: File (downloaded): Downloaded file from <GET https://images.pexels.com/photos/10644068/pexels-photo-10644068.jpeg?auto=compress&cs=tinysrgb&dpr=2&h=650&w=940> referred in <None>
2026-07-14 17:34:19 [PIL.TiffImagePlugin] DEBUG: tag: Orientation (274) - type: short (3) - value: b'\x01\x00'
2026-07-14 17:34:19 [PIL.TiffImagePlugin] DEBUG: tag: XResolution (282) - type: rational (5) Tag Location: 34 - Data Location: 74 - value: b'H\x00\x00\x00\x01\x00\x00\x00'
2026-07-14 17:34:19 [PIL.TiffImagePlugin] DEBUG: tag: YResolution (283) - type: rational (5) Tag Location: 46 - Data Location: 82 - value: b'H\x00\x00\x00\x01\x00\x00\x00'
2026-07-14 17:34:19 [PIL.TiffImagePlugin] DEBUG: tag: ResolutionUnit (296) - type: short (3) - value: b'\x02\x00'
2026-07-14 17:34:19 [PIL.TiffImagePlugin] DEBUG: tag: ExifIFD (34665) - type: long (4) - value: b'Z\x00\x00\x00'
2026-07-14 17:34:19 [scrapy.core.engine] DEBUG: Crawled (200) <GET https://images.pexels.com/photos/17132331/pexels-photo-17132331.jpeg?auto=compress&cs=tinysrgb&dpr=2&h=650&w=940> (referer: None)
2026-07-14 17:34:19 [scrapy.pipelines.files] DEBUG: File (downloaded): Downloaded file from <GET https://images.pexels.com/photos/17132331/pexels-photo-17132331.jpeg?auto=compress&cs=tinysrgb&dpr=2&h=650&w=940> referred in <None>
2026-07-14 17:34:19 [PIL.TiffImagePlugin] DEBUG: tag: Orientation (274) - type: short (3) - value: b'\x01\x00'
2026-07-14 17:34:19 [PIL.TiffImagePlugin] DEBUG: tag: XResolution (282) - type: rational (5) Tag Location: 34 - Data Location: 100 - value: b'H\x00\x00\x00\x01\x00\x00\x00'
2026-07-14 17:34:19 [PIL.TiffImagePlugin] DEBUG: tag: YResolution (283) - type: rational (5) Tag Location: 46 - Data Location: 108 - value: b'H\x00\x00\x00\x01\x00\x00\x00'
2026-07-14 17:34:19 [PIL.TiffImagePlugin] DEBUG: tag: ResolutionUnit (296) - type: short (3) - value: b'\x02\x00'
2026-07-14 17:34:19 [PIL.TiffImagePlugin] DEBUG: tag: Artist (315) - type: string (2) Tag Location: 70 - Data Location: 86 - value: b'UMUT_SARIALAN\x00'
2026-07-14 17:34:19 [PIL.TiffImagePlugin] DEBUG: tag: ExifIFD (34665) - type: long (4) - value: b't\x00\x00\x00'
2026-07-14 17:34:19 [scrapy.core.scraper] DEBUG: Scraped from <200 https://api.pexels.com/v1/search?query=duck&per_page=80&page=1>
{'image_urls': ['https://images.pexels.com/photos/10644068/pexels-photo-10644068.jpeg?auto=compress&cs=tinysrgb&dpr=2&h=650&w=940'],
 'images': [{'checksum': 'e2fb0c288ba22f590b828454ce27b97f',
             'path': 'duck/210eb9fda3db068d38960f31ea81e369d4b475c4.jpg',
             'status': 'downloaded',
             'url': 'https://images.pexels.com/photos/10644068/pexels-photo-10644068.jpeg?auto=compress&cs=tinysrgb&dpr=2&h=650&w=940'}],
 'label': 'duck',
 'source_id': '10644068'}
2026-07-14 17:34:19 [scrapy.core.scraper] DEBUG: Scraped from <200 https://api.pexels.com/v1/search?query=duck&per_page=80&page=1>
{'image_urls': ['https://images.pexels.com/photos/17132331/pexels-photo-17132331.jpeg?auto=compress&cs=tinysrgb&dpr=2&h=650&w=940'],
 'images': [{'checksum': '72276179a0416e8a960b37d8f677894e',
             'path': 'duck/b880ddf96a0e3853709c3cfb0ab8d46d822672de.jpg',
             'status': 'downloaded',
             'url': 'https://images.pexels.com/photos/17132331/pexels-photo-17132331.jpeg?auto=compress&cs=tinysrgb&dpr=2&h=650&w=940'}],
 'label': 'duck',
 'source_id': '17132331'}
2026-07-14 17:34:19 [scrapy.core.engine] DEBUG: Crawled (200) <GET https://images.pexels.com/photos/27583112/pexels-photo-27583112.jpeg?auto=compress&cs=tinysrgb&dpr=2&h=650&w=940> (referer: None)
2026-07-14 17:34:19 [scrapy.pipelines.files] DEBUG: File (downloaded): Downloaded file from <GET https://images.pexels.com/photos/27583112/pexels-photo-27583112.jpeg?auto=compress&cs=tinysrgb&dpr=2&h=650&w=940> referred in <None>
2026-07-14 17:34:19 [PIL.TiffImagePlugin] DEBUG: tag: Orientation (274) - type: short (3) - value: b'\x01\x00'
2026-07-14 17:34:19 [PIL.TiffImagePlugin] DEBUG: tag: XResolution (282) - type: rational (5) Tag Location: 34 - Data Location: 74 - value: b'H\x00\x00\x00\x01\x00\x00\x00'
2026-07-14 17:34:19 [PIL.TiffImagePlugin] DEBUG: tag: YResolution (283) - type: rational (5) Tag Location: 46 - Data Location: 82 - value: b'H\x00\x00\x00\x01\x00\x00\x00'
2026-07-14 17:34:19 [PIL.TiffImagePlugin] DEBUG: tag: ResolutionUnit (296) - type: short (3) - value: b'\x02\x00'
2026-07-14 17:34:19 [PIL.TiffImagePlugin] DEBUG: tag: ExifIFD (34665) - type: long (4) - value: b'Z\x00\x00\x00'
2026-07-14 17:34:19 [scrapy.core.scraper] DEBUG: Scraped from <200 https://api.pexels.com/v1/search?query=duck&per_page=80&page=1>
{'image_urls': ['https://images.pexels.com/photos/27583112/pexels-photo-27583112.jpeg?auto=compress&cs=tinysrgb&dpr=2&h=650&w=940'],
 'images': [{'checksum': '4e9b866551b5d031939113081d618b65',
             'path': 'duck/4a85fbdd8c39e7b84905ca3483d7119629b34ca3.jpg',
             'status': 'downloaded',
             'url': 'https://images.pexels.com/photos/27583112/pexels-photo-27583112.jpeg?auto=compress&cs=tinysrgb&dpr=2&h=650&w=940'}],
 'label': 'duck',
 'source_id': '27583112'}
2026-07-14 17:34:20 [scrapy.core.engine] DEBUG: Crawled (200) <GET https://images.pexels.com/photos/33797813/pexels-photo-33797813.jpeg?auto=compress&cs=tinysrgb&dpr=2&h=650&w=940> (referer: None)
2026-07-14 17:34:20 [scrapy.pipelines.files] DEBUG: File (downloaded): Downloaded file from <GET https://images.pexels.com/photos/33797813/pexels-photo-33797813.jpeg?auto=compress&cs=tinysrgb&dpr=2&h=650&w=940> referred in <None>
2026-07-14 17:34:20 [PIL.TiffImagePlugin] DEBUG: tag: Orientation (274) - type: short (3) - value: b'\x01\x00'
2026-07-14 17:34:20 [PIL.TiffImagePlugin] DEBUG: tag: XResolution (282) - type: rational (5) Tag Location: 34 - Data Location: 74 - value: b'H\x00\x00\x00\x01\x00\x00\x00'
2026-07-14 17:34:20 [PIL.TiffImagePlugin] DEBUG: tag: YResolution (283) - type: rational (5) Tag Location: 46 - Data Location: 82 - value: b'H\x00\x00\x00\x01\x00\x00\x00'
2026-07-14 17:34:20 [PIL.TiffImagePlugin] DEBUG: tag: ResolutionUnit (296) - type: short (3) - value: b'\x02\x00'
2026-07-14 17:34:20 [PIL.TiffImagePlugin] DEBUG: tag: ExifIFD (34665) - type: long (4) - value: b'Z\x00\x00\x00'
2026-07-14 17:34:20 [scrapy.core.engine] DEBUG: Crawled (200) <GET https://images.pexels.com/photos/16763109/pexels-photo-16763109.jpeg?auto=compress&cs=tinysrgb&dpr=2&h=650&w=940> (referer: None)
2026-07-14 17:34:20 [scrapy.pipelines.files] DEBUG: File (downloaded): Downloaded file from <GET https://images.pexels.com/photos/16763109/pexels-photo-16763109.jpeg?auto=compress&cs=tinysrgb&dpr=2&h=650&w=940> referred in <None>
2026-07-14 17:34:20 [PIL.TiffImagePlugin] DEBUG: tag: Orientation (274) - type: short (3) - value: b'\x01\x00'
2026-07-14 17:34:20 [PIL.TiffImagePlugin] DEBUG: tag: XResolution (282) - type: rational (5) Tag Location: 34 - Data Location: 74 - value: b'H\x00\x00\x00\x01\x00\x00\x00'
2026-07-14 17:34:20 [PIL.TiffImagePlugin] DEBUG: tag: YResolution (283) - type: rational (5) Tag Location: 46 - Data Location: 82 - value: b'H\x00\x00\x00\x01\x00\x00\x00'
2026-07-14 17:34:20 [PIL.TiffImagePlugin] DEBUG: tag: ResolutionUnit (296) - type: short (3) - value: b'\x02\x00'
2026-07-14 17:34:20 [PIL.TiffImagePlugin] DEBUG: tag: ExifIFD (34665) - type: long (4) - value: b'Z\x00\x00\x00'
2026-07-14 17:34:20 [scrapy.core.scraper] DEBUG: Scraped from <200 https://api.pexels.com/v1/search?query=duck&per_page=80&page=1>
{'image_urls': ['https://images.pexels.com/photos/33797813/pexels-photo-33797813.jpeg?auto=compress&cs=tinysrgb&dpr=2&h=650&w=940'],
 'images': [{'checksum': 'a34223d30c411493479bfbb5e3b69a87',
             'path': 'duck/d03bd3bd07f517216913a70dcfcb1daa3b70e8a1.jpg',
             'status': 'downloaded',
             'url': 'https://images.pexels.com/photos/33797813/pexels-photo-33797813.jpeg?auto=compress&cs=tinysrgb&dpr=2&h=650&w=940'}],
 'label': 'duck',
 'source_id': '33797813'}
2026-07-14 17:34:20 [scrapy.core.scraper] DEBUG: Scraped from <200 https://api.pexels.com/v1/search?query=duck&per_page=80&page=1>
{'image_urls': ['https://images.pexels.com/photos/16763109/pexels-photo-16763109.jpeg?auto=compress&cs=tinysrgb&dpr=2&h=650&w=940'],
 'images': [{'checksum': '638025bf2c2e1da7bf9239421ef4804d',
             'path': 'duck/2c9fd129c9cc713d34ca88a1833eb4eb218e194c.jpg',
             'status': 'downloaded',
             'url': 'https://images.pexels.com/photos/16763109/pexels-photo-16763109.jpeg?auto=compress&cs=tinysrgb&dpr=2&h=650&w=940'}],
 'label': 'duck',
 'source_id': '16763109'}
2026-07-14 17:34:20 [scrapy.core.engine] DEBUG: Crawled (200) <GET https://images.pexels.com/photos/16481621/pexels-photo-16481621.jpeg?auto=compress&cs=tinysrgb&dpr=2&h=650&w=940> (referer: None)
2026-07-14 17:34:20 [scrapy.pipelines.files] DEBUG: File (downloaded): Downloaded file from <GET https://images.pexels.com/photos/16481621/pexels-photo-16481621.jpeg?auto=compress&cs=tinysrgb&dpr=2&h=650&w=940> referred in <None>
2026-07-14 17:34:20 [PIL.TiffImagePlugin] DEBUG: tag: Orientation (274) - type: short (3) - value: b'\x01\x00'
2026-07-14 17:34:20 [PIL.TiffImagePlugin] DEBUG: tag: XResolution (282) - type: rational (5) Tag Location: 34 - Data Location: 74 - value: b'H\x00\x00\x00\x01\x00\x00\x00'
2026-07-14 17:34:20 [PIL.TiffImagePlugin] DEBUG: tag: YResolution (283) - type: rational (5) Tag Location: 46 - Data Location: 82 - value: b'H\x00\x00\x00\x01\x00\x00\x00'
2026-07-14 17:34:20 [PIL.TiffImagePlugin] DEBUG: tag: ResolutionUnit (296) - type: short (3) - value: b'\x02\x00'
2026-07-14 17:34:20 [PIL.TiffImagePlugin] DEBUG: tag: ExifIFD (34665) - type: long (4) - value: b'Z\x00\x00\x00'
2026-07-14 17:34:20 [scrapy.core.engine] DEBUG: Crawled (200) <GET https://images.pexels.com/photos/38058615/pexels-photo-38058615.jpeg?auto=compress&cs=tinysrgb&dpr=2&h=650&w=940> (referer: None)
2026-07-14 17:34:20 [scrapy.pipelines.files] DEBUG: File (downloaded): Downloaded file from <GET https://images.pexels.com/photos/38058615/pexels-photo-38058615.jpeg?auto=compress&cs=tinysrgb&dpr=2&h=650&w=940> referred in <None>
2026-07-14 17:34:20 [PIL.TiffImagePlugin] DEBUG: tag: Orientation (274) - type: short (3) - value: b'\x01\x00'
2026-07-14 17:34:20 [PIL.TiffImagePlugin] DEBUG: tag: XResolution (282) - type: rational (5) Tag Location: 34 - Data Location: 144 - value: b'H\x00\x00\x00\x01\x00\x00\x00'
2026-07-14 17:34:20 [PIL.TiffImagePlugin] DEBUG: tag: YResolution (283) - type: rational (5) Tag Location: 46 - Data Location: 152 - value: b'H\x00\x00\x00\x01\x00\x00\x00'
2026-07-14 17:34:20 [PIL.TiffImagePlugin] DEBUG: tag: ResolutionUnit (296) - type: short (3) - value: b'\x02\x00'
2026-07-14 17:34:20 [PIL.TiffImagePlugin] DEBUG: tag: Artist (315) - type: string (2) Tag Location: 70 - Data Location: 98 - value: b'Liane Ferreira\x00'
2026-07-14 17:34:20 [PIL.TiffImagePlugin] DEBUG: tag: Copyright (33432) - type: string (2) Tag Location: 82 - Data Location: 114 - value: b'DIREITOS RESERVADOS AO AUTOR\x00'
2026-07-14 17:34:20 [PIL.TiffImagePlugin] DEBUG: tag: ExifIFD (34665) - type: long (4) - value: b'\xa0\x00\x00\x00'
2026-07-14 17:34:20 [scrapy.core.scraper] DEBUG: Scraped from <200 https://api.pexels.com/v1/search?query=duck&per_page=80&page=1>
{'image_urls': ['https://images.pexels.com/photos/16481621/pexels-photo-16481621.jpeg?auto=compress&cs=tinysrgb&dpr=2&h=650&w=940'],
 'images': [{'checksum': 'c2567b21b0223642ccdee513ed9b92f8',
             'path': 'duck/ed48a767b65ee6501bf0ff2cde6e30f2841a7ad6.jpg',
             'status': 'downloaded',
             'url': 'https://images.pexels.com/photos/16481621/pexels-photo-16481621.jpeg?auto=compress&cs=tinysrgb&dpr=2&h=650&w=940'}],
 'label': 'duck',
 'source_id': '16481621'}
2026-07-14 17:34:20 [scrapy.core.scraper] DEBUG: Scraped from <200 https://api.pexels.com/v1/search?query=duck&per_page=80&page=1>
{'image_urls': ['https://images.pexels.com/photos/38058615/pexels-photo-38058615.jpeg?auto=compress&cs=tinysrgb&dpr=2&h=650&w=940'],
 'images': [{'checksum': 'c427c6b9cb9b9238720410179bfd26e2',
             'path': 'duck/385cf56f0489cf24f9eb27949431c0c56f549e75.jpg',
             'status': 'downloaded',
             'url': 'https://images.pexels.com/photos/38058615/pexels-photo-38058615.jpeg?auto=compress&cs=tinysrgb&dpr=2&h=650&w=940'}],
 'label': 'duck',
 'source_id': '38058615'}
2026-07-14 17:34:20 [scrapy.core.engine] DEBUG: Crawled (200) <GET https://images.pexels.com/photos/11769613/pexels-photo-11769613.jpeg?auto=compress&cs=tinysrgb&dpr=2&h=650&w=940> (referer: None)
2026-07-14 17:34:20 [scrapy.pipelines.files] DEBUG: File (downloaded): Downloaded file from <GET https://images.pexels.com/photos/11769613/pexels-photo-11769613.jpeg?auto=compress&cs=tinysrgb&dpr=2&h=650&w=940> referred in <None>
2026-07-14 17:34:20 [PIL.TiffImagePlugin] DEBUG: tag: Orientation (274) - type: short (3) - value: b'\x01\x00'
2026-07-14 17:34:20 [PIL.TiffImagePlugin] DEBUG: tag: XResolution (282) - type: rational (5) Tag Location: 34 - Data Location: 74 - value: b'H\x00\x00\x00\x01\x00\x00\x00'
2026-07-14 17:34:20 [PIL.TiffImagePlugin] DEBUG: tag: YResolution (283) - type: rational (5) Tag Location: 46 - Data Location: 82 - value: b'H\x00\x00\x00\x01\x00\x00\x00'
2026-07-14 17:34:20 [PIL.TiffImagePlugin] DEBUG: tag: ResolutionUnit (296) - type: short (3) - value: b'\x02\x00'
2026-07-14 17:34:20 [PIL.TiffImagePlugin] DEBUG: tag: ExifIFD (34665) - type: long (4) - value: b'Z\x00\x00\x00'
2026-07-14 17:34:20 [scrapy.core.scraper] DEBUG: Scraped from <200 https://api.pexels.com/v1/search?query=duck&per_page=80&page=1>
{'image_urls': ['https://images.pexels.com/photos/11769613/pexels-photo-11769613.jpeg?auto=compress&cs=tinysrgb&dpr=2&h=650&w=940'],
 'images': [{'checksum': '05e7fa5c96cc906fdf5699df0c1e5e1f',
             'path': 'duck/af080f270b1413c65002abda19f1842aa5e76a1c.jpg',
             'status': 'downloaded',
             'url': 'https://images.pexels.com/photos/11769613/pexels-photo-11769613.jpeg?auto=compress&cs=tinysrgb&dpr=2&h=650&w=940'}],
 'label': 'duck',
 'source_id': '11769613'}
2026-07-14 17:34:20 [scrapy.core.engine] DEBUG: Crawled (200) <GET https://images.pexels.com/photos/30273526/pexels-photo-30273526.jpeg?auto=compress&cs=tinysrgb&dpr=2&h=650&w=940> (referer: None)
2026-07-14 17:34:20 [scrapy.pipelines.files] DEBUG: File (downloaded): Downloaded file from <GET https://images.pexels.com/photos/30273526/pexels-photo-30273526.jpeg?auto=compress&cs=tinysrgb&dpr=2&h=650&w=940> referred in <None>
2026-07-14 17:34:20 [PIL.TiffImagePlugin] DEBUG: tag: Orientation (274) - type: short (3) - value: b'\x00\x01'
2026-07-14 17:34:20 [PIL.TiffImagePlugin] DEBUG: tag: XResolution (282) - type: rational (5) Tag Location: 34 - Data Location: 74 - value: b'\x00\x00\x00H\x00\x00\x00\x01'
2026-07-14 17:34:20 [PIL.TiffImagePlugin] DEBUG: tag: YResolution (283) - type: rational (5) Tag Location: 46 - Data Location: 82 - value: b'\x00\x00\x00H\x00\x00\x00\x01'
2026-07-14 17:34:20 [PIL.TiffImagePlugin] DEBUG: tag: ResolutionUnit (296) - type: short (3) - value: b'\x00\x02'
2026-07-14 17:34:20 [PIL.TiffImagePlugin] DEBUG: tag: ExifIFD (34665) - type: long (4) - value: b'\x00\x00\x00Z'
2026-07-14 17:34:21 [scrapy.core.scraper] DEBUG: Scraped from <200 https://api.pexels.com/v1/search?query=duck&per_page=80&page=1>
{'image_urls': ['https://images.pexels.com/photos/30273526/pexels-photo-30273526.jpeg?auto=compress&cs=tinysrgb&dpr=2&h=650&w=940'],
 'images': [{'checksum': '533d895b47c4177b1c756c103793d0bf',
             'path': 'duck/b02135884eebf82ddb0c83cfc3402d3d5ffdfde1.jpg',
             'status': 'downloaded',
             'url': 'https://images.pexels.com/photos/30273526/pexels-photo-30273526.jpeg?auto=compress&cs=tinysrgb&dpr=2&h=650&w=940'}],
 'label': 'duck',
 'source_id': '30273526'}
2026-07-14 17:34:21 [scrapy.core.engine] DEBUG: Crawled (200) <GET https://images.pexels.com/photos/38509168/pexels-photo-38509168.jpeg?auto=compress&cs=tinysrgb&dpr=2&h=650&w=940> (referer: None)
2026-07-14 17:34:21 [scrapy.pipelines.files] DEBUG: File (downloaded): Downloaded file from <GET https://images.pexels.com/photos/38509168/pexels-photo-38509168.jpeg?auto=compress&cs=tinysrgb&dpr=2&h=650&w=940> referred in <None>
2026-07-14 17:34:21 [PIL.TiffImagePlugin] DEBUG: tag: Orientation (274) - type: short (3) - value: b'\x01\x00'
2026-07-14 17:34:21 [PIL.TiffImagePlugin] DEBUG: tag: XResolution (282) - type: rational (5) Tag Location: 34 - Data Location: 74 - value: b'H\x00\x00\x00\x01\x00\x00\x00'
2026-07-14 17:34:21 [PIL.TiffImagePlugin] DEBUG: tag: YResolution (283) - type: rational (5) Tag Location: 46 - Data Location: 82 - value: b'H\x00\x00\x00\x01\x00\x00\x00'
2026-07-14 17:34:21 [PIL.TiffImagePlugin] DEBUG: tag: ResolutionUnit (296) - type: short (3) - value: b'\x02\x00'
2026-07-14 17:34:21 [PIL.TiffImagePlugin] DEBUG: tag: ExifIFD (34665) - type: long (4) - value: b'Z\x00\x00\x00'
2026-07-14 17:34:21 [scrapy.core.engine] DEBUG: Crawled (200) <GET https://images.pexels.com/photos/12751729/pexels-photo-12751729.jpeg?auto=compress&cs=tinysrgb&dpr=2&h=650&w=940> (referer: None)
2026-07-14 17:34:21 [scrapy.pipelines.files] DEBUG: File (downloaded): Downloaded file from <GET https://images.pexels.com/photos/12751729/pexels-photo-12751729.jpeg?auto=compress&cs=tinysrgb&dpr=2&h=650&w=940> referred in <None>
2026-07-14 17:34:21 [PIL.TiffImagePlugin] DEBUG: tag: Orientation (274) - type: short (3) - value: b'\x00\x01'
2026-07-14 17:34:21 [PIL.TiffImagePlugin] DEBUG: tag: XResolution (282) - type: rational (5) Tag Location: 34 - Data Location: 74 - value: b'\x00\x00\x00H\x00\x00\x00\x01'
2026-07-14 17:34:21 [PIL.TiffImagePlugin] DEBUG: tag: YResolution (283) - type: rational (5) Tag Location: 46 - Data Location: 82 - value: b'\x00\x00\x00H\x00\x00\x00\x01'
2026-07-14 17:34:21 [PIL.TiffImagePlugin] DEBUG: tag: ResolutionUnit (296) - type: short (3) - value: b'\x00\x02'
2026-07-14 17:34:21 [PIL.TiffImagePlugin] DEBUG: tag: ExifIFD (34665) - type: long (4) - value: b'\x00\x00\x00Z'
2026-07-14 17:34:21 [scrapy.core.scraper] DEBUG: Scraped from <200 https://api.pexels.com/v1/search?query=duck&per_page=80&page=1>
{'image_urls': ['https://images.pexels.com/photos/38509168/pexels-photo-38509168.jpeg?auto=compress&cs=tinysrgb&dpr=2&h=650&w=940'],
 'images': [{'checksum': 'a3412830ff8c550bf2f692902ce38e3e',
             'path': 'duck/c4409eea2c7ae85781ffb73f5fbeee4af9353978.jpg',
             'status': 'downloaded',
             'url': 'https://images.pexels.com/photos/38509168/pexels-photo-38509168.jpeg?auto=compress&cs=tinysrgb&dpr=2&h=650&w=940'}],
 'label': 'duck',
 'source_id': '38509168'}
2026-07-14 17:34:21 [scrapy.core.scraper] DEBUG: Scraped from <200 https://api.pexels.com/v1/search?query=duck&per_page=80&page=1>
{'image_urls': ['https://images.pexels.com/photos/12751729/pexels-photo-12751729.jpeg?auto=compress&cs=tinysrgb&dpr=2&h=650&w=940'],
 'images': [{'checksum': '2a55a18791e3556172a3c1d8436cff78',
             'path': 'duck/e68b121f677cf282d800a16f5867db938d4bbfb6.jpg',
             'status': 'downloaded',
             'url': 'https://images.pexels.com/photos/12751729/pexels-photo-12751729.jpeg?auto=compress&cs=tinysrgb&dpr=2&h=650&w=940'}],
 'label': 'duck',
 'source_id': '12751729'}
2026-07-14 17:34:22 [scrapy.core.engine] DEBUG: Crawled (200) <GET https://images.pexels.com/photos/19252021/pexels-photo-19252021.jpeg?auto=compress&cs=tinysrgb&dpr=2&h=650&w=940> (referer: None)
2026-07-14 17:34:22 [scrapy.pipelines.files] DEBUG: File (downloaded): Downloaded file from <GET https://images.pexels.com/photos/19252021/pexels-photo-19252021.jpeg?auto=compress&cs=tinysrgb&dpr=2&h=650&w=940> referred in <None>
2026-07-14 17:34:22 [PIL.TiffImagePlugin] DEBUG: tag: Orientation (274) - type: short (3) - value: b'\x01\x00'
2026-07-14 17:34:22 [PIL.TiffImagePlugin] DEBUG: tag: XResolution (282) - type: rational (5) Tag Location: 34 - Data Location: 86 - value: b'H\x00\x00\x00\x01\x00\x00\x00'
2026-07-14 17:34:22 [PIL.TiffImagePlugin] DEBUG: tag: YResolution (283) - type: rational (5) Tag Location: 46 - Data Location: 94 - value: b'H\x00\x00\x00\x01\x00\x00\x00'
2026-07-14 17:34:22 [PIL.TiffImagePlugin] DEBUG: tag: ResolutionUnit (296) - type: short (3) - value: b'\x02\x00'
2026-07-14 17:34:22 [PIL.TiffImagePlugin] DEBUG: tag: YCbCrPositioning (531) - type: short (3) - value: b'\x01\x00'
2026-07-14 17:34:22 [PIL.TiffImagePlugin] DEBUG: tag: ExifIFD (34665) - type: long (4) - value: b'f\x00\x00\x00'
2026-07-14 17:34:22 [scrapy.core.scraper] DEBUG: Scraped from <200 https://api.pexels.com/v1/search?query=duck&per_page=80&page=1>
{'image_urls': ['https://images.pexels.com/photos/19252021/pexels-photo-19252021.jpeg?auto=compress&cs=tinysrgb&dpr=2&h=650&w=940'],
 'images': [{'checksum': '30ef41825f26c88d2e6474fd5e6c789e',
             'path': 'duck/c2765792bf880541bec03cee2bba08da1956bca4.jpg',
             'status': 'downloaded',
             'url': 'https://images.pexels.com/photos/19252021/pexels-photo-19252021.jpeg?auto=compress&cs=tinysrgb&dpr=2&h=650&w=940'}],
 'label': 'duck',
 'source_id': '19252021'}
2026-07-14 17:34:22 [scrapy.core.engine] DEBUG: Crawled (200) <GET https://images.pexels.com/photos/23489805/pexels-photo-23489805.jpeg?auto=compress&cs=tinysrgb&dpr=2&h=650&w=940> (referer: None)
2026-07-14 17:34:22 [scrapy.pipelines.files] DEBUG: File (downloaded): Downloaded file from <GET https://images.pexels.com/photos/23489805/pexels-photo-23489805.jpeg?auto=compress&cs=tinysrgb&dpr=2&h=650&w=940> referred in <None>
2026-07-14 17:34:22 [PIL.TiffImagePlugin] DEBUG: tag: Orientation (274) - type: short (3) - value: b'\x00\x01'
2026-07-14 17:34:22 [PIL.TiffImagePlugin] DEBUG: tag: XResolution (282) - type: rational (5) Tag Location: 34 - Data Location: 74 - value: b'\x00\x00\x00H\x00\x00\x00\x01'
2026-07-14 17:34:22 [PIL.TiffImagePlugin] DEBUG: tag: YResolution (283) - type: rational (5) Tag Location: 46 - Data Location: 82 - value: b'\x00\x00\x00H\x00\x00\x00\x01'
2026-07-14 17:34:22 [PIL.TiffImagePlugin] DEBUG: tag: ResolutionUnit (296) - type: short (3) - value: b'\x00\x02'
2026-07-14 17:34:22 [PIL.TiffImagePlugin] DEBUG: tag: ExifIFD (34665) - type: long (4) - value: b'\x00\x00\x00Z'
2026-07-14 17:34:22 [scrapy.core.engine] DEBUG: Crawled (200) <GET https://images.pexels.com/photos/38058601/pexels-photo-38058601.jpeg?auto=compress&cs=tinysrgb&dpr=2&h=650&w=940> (referer: None)
2026-07-14 17:34:22 [scrapy.pipelines.files] DEBUG: File (downloaded): Downloaded file from <GET https://images.pexels.com/photos/38058601/pexels-photo-38058601.jpeg?auto=compress&cs=tinysrgb&dpr=2&h=650&w=940> referred in <None>
2026-07-14 17:34:22 [PIL.TiffImagePlugin] DEBUG: tag: Orientation (274) - type: short (3) - value: b'\x01\x00'
2026-07-14 17:34:22 [PIL.TiffImagePlugin] DEBUG: tag: XResolution (282) - type: rational (5) Tag Location: 34 - Data Location: 144 - value: b'H\x00\x00\x00\x01\x00\x00\x00'
2026-07-14 17:34:22 [PIL.TiffImagePlugin] DEBUG: tag: YResolution (283) - type: rational (5) Tag Location: 46 - Data Location: 152 - value: b'H\x00\x00\x00\x01\x00\x00\x00'
2026-07-14 17:34:22 [PIL.TiffImagePlugin] DEBUG: tag: ResolutionUnit (296) - type: short (3) - value: b'\x02\x00'
2026-07-14 17:34:22 [PIL.TiffImagePlugin] DEBUG: tag: Artist (315) - type: string (2) Tag Location: 70 - Data Location: 98 - value: b'Liane Ferreira\x00'
2026-07-14 17:34:22 [PIL.TiffImagePlugin] DEBUG: tag: Copyright (33432) - type: string (2) Tag Location: 82 - Data Location: 114 - value: b'DIREITOS RESERVADOS AO AUTOR\x00'
2026-07-14 17:34:22 [PIL.TiffImagePlugin] DEBUG: tag: ExifIFD (34665) - type: long (4) - value: b'\xa0\x00\x00\x00'
2026-07-14 17:34:22 [scrapy.core.scraper] DEBUG: Scraped from <200 https://api.pexels.com/v1/search?query=duck&per_page=80&page=1>
{'image_urls': ['https://images.pexels.com/photos/23489805/pexels-photo-23489805.jpeg?auto=compress&cs=tinysrgb&dpr=2&h=650&w=940'],
 'images': [{'checksum': '4a5ba1b6eb5bc4fbc2bd66d2a56ded03',
             'path': 'duck/6e243194515ea454fe71d75b74358b4cb0a81aee.jpg',
             'status': 'downloaded',
             'url': 'https://images.pexels.com/photos/23489805/pexels-photo-23489805.jpeg?auto=compress&cs=tinysrgb&dpr=2&h=650&w=940'}],
 'label': 'duck',
 'source_id': '23489805'}
2026-07-14 17:34:22 [scrapy.core.scraper] DEBUG: Scraped from <200 https://api.pexels.com/v1/search?query=duck&per_page=80&page=1>
{'image_urls': ['https://images.pexels.com/photos/38058601/pexels-photo-38058601.jpeg?auto=compress&cs=tinysrgb&dpr=2&h=650&w=940'],
 'images': [{'checksum': '8e859c19959acf4b13f318f846191829',
             'path': 'duck/92db6bbd9e4a94de64027800ae222700100025a6.jpg',
             'status': 'downloaded',
             'url': 'https://images.pexels.com/photos/38058601/pexels-photo-38058601.jpeg?auto=compress&cs=tinysrgb&dpr=2&h=650&w=940'}],
 'label': 'duck',
 'source_id': '38058601'}
2026-07-14 17:34:23 [scrapy.core.engine] DEBUG: Crawled (200) <GET https://images.pexels.com/photos/36395956/pexels-photo-36395956.jpeg?auto=compress&cs=tinysrgb&dpr=2&h=650&w=940> (referer: None)
2026-07-14 17:34:23 [scrapy.pipelines.files] DEBUG: File (downloaded): Downloaded file from <GET https://images.pexels.com/photos/36395956/pexels-photo-36395956.jpeg?auto=compress&cs=tinysrgb&dpr=2&h=650&w=940> referred in <None>
2026-07-14 17:34:23 [PIL.TiffImagePlugin] DEBUG: tag: Orientation (274) - type: short (3) - value: b'\x01\x00'
2026-07-14 17:34:23 [PIL.TiffImagePlugin] DEBUG: tag: XResolution (282) - type: rational (5) Tag Location: 34 - Data Location: 128 - value: b'H\x00\x00\x00\x01\x00\x00\x00'
2026-07-14 17:34:23 [PIL.TiffImagePlugin] DEBUG: tag: YResolution (283) - type: rational (5) Tag Location: 46 - Data Location: 136 - value: b'H\x00\x00\x00\x01\x00\x00\x00'
2026-07-14 17:34:23 [PIL.TiffImagePlugin] DEBUG: tag: ResolutionUnit (296) - type: short (3) - value: b'\x02\x00'
2026-07-14 17:34:23 [PIL.TiffImagePlugin] DEBUG: tag: Artist (315) - type: string (2) Tag Location: 70 - Data Location: 98 - value: b'Genadi Yakovlev\x00'
2026-07-14 17:34:23 [PIL.TiffImagePlugin] DEBUG: tag: Copyright (33432) - type: string (2) Tag Location: 82 - Data Location: 114 - value: b'pHoto by G.Y.\x00'
2026-07-14 17:34:23 [PIL.TiffImagePlugin] DEBUG: tag: ExifIFD (34665) - type: long (4) - value: b'\x90\x00\x00\x00'
2026-07-14 17:34:23 [scrapy.core.scraper] DEBUG: Scraped from <200 https://api.pexels.com/v1/search?query=duck&per_page=80&page=1>
{'image_urls': ['https://images.pexels.com/photos/36395956/pexels-photo-36395956.jpeg?auto=compress&cs=tinysrgb&dpr=2&h=650&w=940'],
 'images': [{'checksum': '3345abe7628bcbf6fc1bc6c772976d7b',
             'path': 'duck/0dd5a22e73d1210e117c1bb579bb8c7bf874919a.jpg',
             'status': 'downloaded',
             'url': 'https://images.pexels.com/photos/36395956/pexels-photo-36395956.jpeg?auto=compress&cs=tinysrgb&dpr=2&h=650&w=940'}],
 'label': 'duck',
 'source_id': '36395956'}
2026-07-14 17:34:23 [scrapy.core.engine] DEBUG: Crawled (200) <GET https://images.pexels.com/photos/36795780/pexels-photo-36795780.jpeg?auto=compress&cs=tinysrgb&dpr=2&h=650&w=940> (referer: None)
2026-07-14 17:34:23 [scrapy.pipelines.files] DEBUG: File (downloaded): Downloaded file from <GET https://images.pexels.com/photos/36795780/pexels-photo-36795780.jpeg?auto=compress&cs=tinysrgb&dpr=2&h=650&w=940> referred in <None>
2026-07-14 17:34:23 [PIL.TiffImagePlugin] DEBUG: tag: Orientation (274) - type: short (3) - value: b'\x01\x00'
2026-07-14 17:34:23 [PIL.TiffImagePlugin] DEBUG: tag: XResolution (282) - type: rational (5) Tag Location: 34 - Data Location: 74 - value: b'H\x00\x00\x00\x01\x00\x00\x00'
2026-07-14 17:34:23 [PIL.TiffImagePlugin] DEBUG: tag: YResolution (283) - type: rational (5) Tag Location: 46 - Data Location: 82 - value: b'H\x00\x00\x00\x01\x00\x00\x00'
2026-07-14 17:34:23 [PIL.TiffImagePlugin] DEBUG: tag: ResolutionUnit (296) - type: short (3) - value: b'\x02\x00'
2026-07-14 17:34:23 [PIL.TiffImagePlugin] DEBUG: tag: ExifIFD (34665) - type: long (4) - value: b'Z\x00\x00\x00'
2026-07-14 17:34:23 [scrapy.core.scraper] DEBUG: Scraped from <200 https://api.pexels.com/v1/search?query=duck&per_page=80&page=1>
{'image_urls': ['https://images.pexels.com/photos/36795780/pexels-photo-36795780.jpeg?auto=compress&cs=tinysrgb&dpr=2&h=650&w=940'],
 'images': [{'checksum': '0b7019761d9011dddbee3a7eb119b57c',
             'path': 'duck/de0b64d9ea40246a4e97ffe8538a2ee6f8f4d7ac.jpg',
             'status': 'downloaded',
             'url': 'https://images.pexels.com/photos/36795780/pexels-photo-36795780.jpeg?auto=compress&cs=tinysrgb&dpr=2&h=650&w=940'}],
 'label': 'duck',
 'source_id': '36795780'}
2026-07-14 17:34:23 [scrapy.core.engine] DEBUG: Crawled (200) <GET https://images.pexels.com/photos/38058590/pexels-photo-38058590.jpeg?auto=compress&cs=tinysrgb&dpr=2&h=650&w=940> (referer: None)
2026-07-14 17:34:23 [scrapy.pipelines.files] DEBUG: File (downloaded): Downloaded file from <GET https://images.pexels.com/photos/38058590/pexels-photo-38058590.jpeg?auto=compress&cs=tinysrgb&dpr=2&h=650&w=940> referred in <None>
2026-07-14 17:34:23 [PIL.TiffImagePlugin] DEBUG: tag: Orientation (274) - type: short (3) - value: b'\x01\x00'
2026-07-14 17:34:23 [PIL.TiffImagePlugin] DEBUG: tag: XResolution (282) - type: rational (5) Tag Location: 34 - Data Location: 144 - value: b'H\x00\x00\x00\x01\x00\x00\x00'
2026-07-14 17:34:23 [PIL.TiffImagePlugin] DEBUG: tag: YResolution (283) - type: rational (5) Tag Location: 46 - Data Location: 152 - value: b'H\x00\x00\x00\x01\x00\x00\x00'
2026-07-14 17:34:23 [PIL.TiffImagePlugin] DEBUG: tag: ResolutionUnit (296) - type: short (3) - value: b'\x02\x00'
2026-07-14 17:34:23 [PIL.TiffImagePlugin] DEBUG: tag: Artist (315) - type: string (2) Tag Location: 70 - Data Location: 98 - value: b'Liane Ferreira\x00'
2026-07-14 17:34:23 [PIL.TiffImagePlugin] DEBUG: tag: Copyright (33432) - type: string (2) Tag Location: 82 - Data Location: 114 - value: b'DIREITOS RESERVADOS AO AUTOR\x00'
2026-07-14 17:34:23 [PIL.TiffImagePlugin] DEBUG: tag: ExifIFD (34665) - type: long (4) - value: b'\xa0\x00\x00\x00'
2026-07-14 17:34:23 [scrapy.core.scraper] DEBUG: Scraped from <200 https://api.pexels.com/v1/search?query=duck&per_page=80&page=1>
{'image_urls': ['https://images.pexels.com/photos/38058590/pexels-photo-38058590.jpeg?auto=compress&cs=tinysrgb&dpr=2&h=650&w=940'],
 'images': [{'checksum': '9c3cc17e2b590fcac7dafdffaa7d9ff0',
             'path': 'duck/1525c16331429edb0d2aeb02fc5fca5c1c0012c9.jpg',
             'status': 'downloaded',
             'url': 'https://images.pexels.com/photos/38058590/pexels-photo-38058590.jpeg?auto=compress&cs=tinysrgb&dpr=2&h=650&w=940'}],
 'label': 'duck',
 'source_id': '38058590'}
2026-07-14 17:34:24 [scrapy.core.engine] DEBUG: Crawled (200) <GET https://images.pexels.com/photos/34234865/pexels-photo-34234865.jpeg?auto=compress&cs=tinysrgb&dpr=2&h=650&w=940> (referer: None)
2026-07-14 17:34:24 [scrapy.pipelines.files] DEBUG: File (downloaded): Downloaded file from <GET https://images.pexels.com/photos/34234865/pexels-photo-34234865.jpeg?auto=compress&cs=tinysrgb&dpr=2&h=650&w=940> referred in <None>
2026-07-14 17:34:24 [PIL.TiffImagePlugin] DEBUG: tag: Orientation (274) - type: short (3) - value: b'\x01\x00'
2026-07-14 17:34:24 [PIL.TiffImagePlugin] DEBUG: tag: XResolution (282) - type: rational (5) Tag Location: 34 - Data Location: 126 - value: b'H\x00\x00\x00\x01\x00\x00\x00'
2026-07-14 17:34:24 [PIL.TiffImagePlugin] DEBUG: tag: YResolution (283) - type: rational (5) Tag Location: 46 - Data Location: 134 - value: b'H\x00\x00\x00\x01\x00\x00\x00'
2026-07-14 17:34:24 [PIL.TiffImagePlugin] DEBUG: tag: ResolutionUnit (296) - type: short (3) - value: b'\x02\x00'
2026-07-14 17:34:24 [PIL.TiffImagePlugin] DEBUG: tag: Artist (315) - type: string (2) Tag Location: 70 - Data Location: 98 - value: b'JOHN BRAND\x00'
2026-07-14 17:34:24 [PIL.TiffImagePlugin] DEBUG: tag: Copyright (33432) - type: string (2) Tag Location: 82 - Data Location: 110 - value: b'JOHN BRAND 2025\x00'
2026-07-14 17:34:24 [PIL.TiffImagePlugin] DEBUG: tag: ExifIFD (34665) - type: long (4) - value: b'\x8e\x00\x00\x00'
2026-07-14 17:34:24 [scrapy.core.scraper] DEBUG: Scraped from <200 https://api.pexels.com/v1/search?query=duck&per_page=80&page=1>
{'image_urls': ['https://images.pexels.com/photos/34234865/pexels-photo-34234865.jpeg?auto=compress&cs=tinysrgb&dpr=2&h=650&w=940'],
 'images': [{'checksum': '1bfd5b0a6e0f82c07609071050aebfb0',
             'path': 'duck/392b1f99abe408863a4d16152ebe77b74befb1c8.jpg',
             'status': 'downloaded',
             'url': 'https://images.pexels.com/photos/34234865/pexels-photo-34234865.jpeg?auto=compress&cs=tinysrgb&dpr=2&h=650&w=940'}],
 'label': 'duck',
 'source_id': '34234865'}
2026-07-14 17:34:24 [scrapy.core.engine] DEBUG: Crawled (200) <GET https://images.pexels.com/photos/37477303/pexels-photo-37477303.jpeg?auto=compress&cs=tinysrgb&dpr=2&h=650&w=940> (referer: None)
2026-07-14 17:34:24 [scrapy.pipelines.files] DEBUG: File (downloaded): Downloaded file from <GET https://images.pexels.com/photos/37477303/pexels-photo-37477303.jpeg?auto=compress&cs=tinysrgb&dpr=2&h=650&w=940> referred in <None>
2026-07-14 17:34:24 [PIL.TiffImagePlugin] DEBUG: tag: Orientation (274) - type: short (3) - value: b'\x01\x00'
2026-07-14 17:34:24 [PIL.TiffImagePlugin] DEBUG: tag: XResolution (282) - type: rational (5) Tag Location: 34 - Data Location: 98 - value: b'H\x00\x00\x00\x01\x00\x00\x00'
2026-07-14 17:34:24 [PIL.TiffImagePlugin] DEBUG: tag: YResolution (283) - type: rational (5) Tag Location: 46 - Data Location: 106 - value: b'H\x00\x00\x00\x01\x00\x00\x00'
2026-07-14 17:34:24 [PIL.TiffImagePlugin] DEBUG: tag: ResolutionUnit (296) - type: short (3) - value: b'\x02\x00'
2026-07-14 17:34:24 [PIL.TiffImagePlugin] DEBUG: tag: Copyright (33432) - type: string (2) Tag Location: 70 - Data Location: 86 - value: b'RAVENOM.com\x00'
2026-07-14 17:34:24 [PIL.TiffImagePlugin] DEBUG: tag: ExifIFD (34665) - type: long (4) - value: b'r\x00\x00\x00'
2026-07-14 17:34:24 [scrapy.core.scraper] DEBUG: Scraped from <200 https://api.pexels.com/v1/search?query=duck&per_page=80&page=1>
{'image_urls': ['https://images.pexels.com/photos/37477303/pexels-photo-37477303.jpeg?auto=compress&cs=tinysrgb&dpr=2&h=650&w=940'],
 'images': [{'checksum': '7279da4e4e0c48d168e281235988a395',
             'path': 'duck/02755f3e4eaa00c440ec2a4f04e1acdf8971f0f7.jpg',
             'status': 'downloaded',
             'url': 'https://images.pexels.com/photos/37477303/pexels-photo-37477303.jpeg?auto=compress&cs=tinysrgb&dpr=2&h=650&w=940'}],
 'label': 'duck',
 'source_id': '37477303'}
2026-07-14 17:34:24 [scrapy.core.engine] DEBUG: Crawled (200) <GET https://images.pexels.com/photos/5874724/pexels-photo-5874724.jpeg?auto=compress&cs=tinysrgb&dpr=2&h=650&w=940> (referer: None)
2026-07-14 17:34:24 [scrapy.pipelines.files] DEBUG: File (downloaded): Downloaded file from <GET https://images.pexels.com/photos/5874724/pexels-photo-5874724.jpeg?auto=compress&cs=tinysrgb&dpr=2&h=650&w=940> referred in <None>
2026-07-14 17:34:24 [PIL.TiffImagePlugin] DEBUG: tag: Orientation (274) - type: short (3) - value: b'\x01\x00'
2026-07-14 17:34:24 [PIL.TiffImagePlugin] DEBUG: tag: XResolution (282) - type: rational (5) Tag Location: 34 - Data Location: 98 - value: b'H\x00\x00\x00\x01\x00\x00\x00'
2026-07-14 17:34:24 [PIL.TiffImagePlugin] DEBUG: tag: YResolution (283) - type: rational (5) Tag Location: 46 - Data Location: 106 - value: b'H\x00\x00\x00\x01\x00\x00\x00'
2026-07-14 17:34:24 [PIL.TiffImagePlugin] DEBUG: tag: ResolutionUnit (296) - type: short (3) - value: b'\x02\x00'
2026-07-14 17:34:24 [PIL.TiffImagePlugin] DEBUG: tag: Artist (315) - type: string (2) - value: b'\x00'
2026-07-14 17:34:24 [PIL.TiffImagePlugin] DEBUG: tag: Copyright (33432) - type: string (2) - value: b'\x00'
2026-07-14 17:34:24 [PIL.TiffImagePlugin] DEBUG: tag: ExifIFD (34665) - type: long (4) - value: b'r\x00\x00\x00'
2026-07-14 17:34:24 [scrapy.core.scraper] DEBUG: Scraped from <200 https://api.pexels.com/v1/search?query=duck&per_page=80&page=1>
{'image_urls': ['https://images.pexels.com/photos/5874724/pexels-photo-5874724.jpeg?auto=compress&cs=tinysrgb&dpr=2&h=650&w=940'],
 'images': [{'checksum': 'd00911b839f9af552c1cab696b0b54bb',
             'path': 'duck/0e41a11963d07bad30995f5da6915bd2de597509.jpg',
             'status': 'downloaded',
             'url': 'https://images.pexels.com/photos/5874724/pexels-photo-5874724.jpeg?auto=compress&cs=tinysrgb&dpr=2&h=650&w=940'}],
 'label': 'duck',
 'source_id': '5874724'}
2026-07-14 17:34:25 [scrapy.core.engine] DEBUG: Crawled (200) <GET https://images.pexels.com/photos/38065886/pexels-photo-38065886.jpeg?auto=compress&cs=tinysrgb&dpr=2&h=650&w=940> (referer: None)
2026-07-14 17:34:25 [scrapy.pipelines.files] DEBUG: File (downloaded): Downloaded file from <GET https://images.pexels.com/photos/38065886/pexels-photo-38065886.jpeg?auto=compress&cs=tinysrgb&dpr=2&h=650&w=940> referred in <None>
2026-07-14 17:34:25 [PIL.TiffImagePlugin] DEBUG: tag: Orientation (274) - type: short (3) - value: b'\x01\x00'
2026-07-14 17:34:25 [PIL.TiffImagePlugin] DEBUG: tag: XResolution (282) - type: rational (5) Tag Location: 34 - Data Location: 144 - value: b'H\x00\x00\x00\x01\x00\x00\x00'
2026-07-14 17:34:25 [PIL.TiffImagePlugin] DEBUG: tag: YResolution (283) - type: rational (5) Tag Location: 46 - Data Location: 152 - value: b'H\x00\x00\x00\x01\x00\x00\x00'
2026-07-14 17:34:25 [PIL.TiffImagePlugin] DEBUG: tag: ResolutionUnit (296) - type: short (3) - value: b'\x02\x00'
2026-07-14 17:34:25 [PIL.TiffImagePlugin] DEBUG: tag: Artist (315) - type: string (2) Tag Location: 70 - Data Location: 98 - value: b'Liane Ferreira\x00'
2026-07-14 17:34:25 [PIL.TiffImagePlugin] DEBUG: tag: Copyright (33432) - type: string (2) Tag Location: 82 - Data Location: 114 - value: b'DIREITOS RESERVADOS AO AUTOR\x00'
2026-07-14 17:34:25 [PIL.TiffImagePlugin] DEBUG: tag: ExifIFD (34665) - type: long (4) - value: b'\xa0\x00\x00\x00'
2026-07-14 17:34:25 [scrapy.core.engine] DEBUG: Crawled (200) <GET https://images.pexels.com/photos/27757686/pexels-photo-27757686.jpeg?auto=compress&cs=tinysrgb&dpr=2&h=650&w=940> (referer: None)
2026-07-14 17:34:25 [scrapy.pipelines.files] DEBUG: File (downloaded): Downloaded file from <GET https://images.pexels.com/photos/27757686/pexels-photo-27757686.jpeg?auto=compress&cs=tinysrgb&dpr=2&h=650&w=940> referred in <None>
2026-07-14 17:34:25 [PIL.TiffImagePlugin] DEBUG: tag: Orientation (274) - type: short (3) - value: b'\x01\x00'
2026-07-14 17:34:25 [PIL.TiffImagePlugin] DEBUG: tag: XResolution (282) - type: rational (5) Tag Location: 34 - Data Location: 74 - value: b'H\x00\x00\x00\x01\x00\x00\x00'
2026-07-14 17:34:25 [PIL.TiffImagePlugin] DEBUG: tag: YResolution (283) - type: rational (5) Tag Location: 46 - Data Location: 82 - value: b'H\x00\x00\x00\x01\x00\x00\x00'
2026-07-14 17:34:25 [PIL.TiffImagePlugin] DEBUG: tag: ResolutionUnit (296) - type: short (3) - value: b'\x02\x00'
2026-07-14 17:34:25 [PIL.TiffImagePlugin] DEBUG: tag: ExifIFD (34665) - type: long (4) - value: b'Z\x00\x00\x00'
2026-07-14 17:34:25 [scrapy.core.scraper] DEBUG: Scraped from <200 https://api.pexels.com/v1/search?query=duck&per_page=80&page=1>
{'image_urls': ['https://images.pexels.com/photos/38065886/pexels-photo-38065886.jpeg?auto=compress&cs=tinysrgb&dpr=2&h=650&w=940'],
 'images': [{'checksum': '6818b1a9ccf4780648d3712c4fbc3edd',
             'path': 'duck/623504e347cdb907540f658ea82d6680cf925178.jpg',
             'status': 'downloaded',
             'url': 'https://images.pexels.com/photos/38065886/pexels-photo-38065886.jpeg?auto=compress&cs=tinysrgb&dpr=2&h=650&w=940'}],
 'label': 'duck',
 'source_id': '38065886'}
2026-07-14 17:34:25 [scrapy.core.scraper] DEBUG: Scraped from <200 https://api.pexels.com/v1/search?query=duck&per_page=80&page=1>
{'image_urls': ['https://images.pexels.com/photos/27757686/pexels-photo-27757686.jpeg?auto=compress&cs=tinysrgb&dpr=2&h=650&w=940'],
 'images': [{'checksum': '4f328d8a623230a36d2d469b87a461ba',
             'path': 'duck/813d2859c091bf8e41ad717d08140bc0ea6fea56.jpg',
             'status': 'downloaded',
             'url': 'https://images.pexels.com/photos/27757686/pexels-photo-27757686.jpeg?auto=compress&cs=tinysrgb&dpr=2&h=650&w=940'}],
 'label': 'duck',
 'source_id': '27757686'}
2026-07-14 17:34:25 [scrapy.core.engine] DEBUG: Crawled (200) <GET https://images.pexels.com/photos/33810920/pexels-photo-33810920.jpeg?auto=compress&cs=tinysrgb&dpr=2&h=650&w=940> (referer: None)
2026-07-14 17:34:25 [scrapy.pipelines.files] DEBUG: File (downloaded): Downloaded file from <GET https://images.pexels.com/photos/33810920/pexels-photo-33810920.jpeg?auto=compress&cs=tinysrgb&dpr=2&h=650&w=940> referred in <None>
2026-07-14 17:34:25 [PIL.TiffImagePlugin] DEBUG: tag: Orientation (274) - type: short (3) - value: b'\x00\x01'
2026-07-14 17:34:25 [PIL.TiffImagePlugin] DEBUG: tag: XResolution (282) - type: rational (5) Tag Location: 34 - Data Location: 74 - value: b'\x00\x00\x00H\x00\x00\x00\x01'
2026-07-14 17:34:25 [PIL.TiffImagePlugin] DEBUG: tag: YResolution (283) - type: rational (5) Tag Location: 46 - Data Location: 82 - value: b'\x00\x00\x00H\x00\x00\x00\x01'
2026-07-14 17:34:25 [PIL.TiffImagePlugin] DEBUG: tag: ResolutionUnit (296) - type: short (3) - value: b'\x00\x02'
2026-07-14 17:34:25 [PIL.TiffImagePlugin] DEBUG: tag: ExifIFD (34665) - type: long (4) - value: b'\x00\x00\x00Z'
2026-07-14 17:34:25 [scrapy.core.scraper] DEBUG: Scraped from <200 https://api.pexels.com/v1/search?query=duck&per_page=80&page=1>
{'image_urls': ['https://images.pexels.com/photos/33810920/pexels-photo-33810920.jpeg?auto=compress&cs=tinysrgb&dpr=2&h=650&w=940'],
 'images': [{'checksum': 'e427a370a50cc1d87a1dba935437ce7d',
             'path': 'duck/8e8621675d93ad35c03e0a73d7cbdad683a976da.jpg',
             'status': 'downloaded',
             'url': 'https://images.pexels.com/photos/33810920/pexels-photo-33810920.jpeg?auto=compress&cs=tinysrgb&dpr=2&h=650&w=940'}],
 'label': 'duck',
 'source_id': '33810920'}
2026-07-14 17:34:26 [scrapy.core.engine] DEBUG: Crawled (200) <GET https://images.pexels.com/photos/31955717/pexels-photo-31955717.jpeg?auto=compress&cs=tinysrgb&dpr=2&h=650&w=940> (referer: None)
2026-07-14 17:34:26 [scrapy.pipelines.files] DEBUG: File (downloaded): Downloaded file from <GET https://images.pexels.com/photos/31955717/pexels-photo-31955717.jpeg?auto=compress&cs=tinysrgb&dpr=2&h=650&w=940> referred in <None>
2026-07-14 17:34:26 [PIL.TiffImagePlugin] DEBUG: tag: Orientation (274) - type: short (3) - value: b'\x01\x00'
2026-07-14 17:34:26 [PIL.TiffImagePlugin] DEBUG: tag: XResolution (282) - type: rational (5) Tag Location: 34 - Data Location: 74 - value: b'H\x00\x00\x00\x01\x00\x00\x00'
2026-07-14 17:34:26 [PIL.TiffImagePlugin] DEBUG: tag: YResolution (283) - type: rational (5) Tag Location: 46 - Data Location: 82 - value: b'H\x00\x00\x00\x01\x00\x00\x00'
2026-07-14 17:34:26 [PIL.TiffImagePlugin] DEBUG: tag: ResolutionUnit (296) - type: short (3) - value: b'\x02\x00'
2026-07-14 17:34:26 [PIL.TiffImagePlugin] DEBUG: tag: ExifIFD (34665) - type: long (4) - value: b'Z\x00\x00\x00'
2026-07-14 17:34:26 [scrapy.core.engine] DEBUG: Crawled (200) <GET https://images.pexels.com/photos/4627286/pexels-photo-4627286.jpeg?auto=compress&cs=tinysrgb&dpr=2&h=650&w=940> (referer: None)
2026-07-14 17:34:26 [scrapy.pipelines.files] DEBUG: File (downloaded): Downloaded file from <GET https://images.pexels.com/photos/4627286/pexels-photo-4627286.jpeg?auto=compress&cs=tinysrgb&dpr=2&h=650&w=940> referred in <None>
2026-07-14 17:34:26 [PIL.TiffImagePlugin] DEBUG: tag: Orientation (274) - type: short (3) - value: b'\x01\x00'
2026-07-14 17:34:26 [PIL.TiffImagePlugin] DEBUG: tag: XResolution (282) - type: rational (5) Tag Location: 34 - Data Location: 74 - value: b'H\x00\x00\x00\x01\x00\x00\x00'
2026-07-14 17:34:26 [PIL.TiffImagePlugin] DEBUG: tag: YResolution (283) - type: rational (5) Tag Location: 46 - Data Location: 82 - value: b'H\x00\x00\x00\x01\x00\x00\x00'
2026-07-14 17:34:26 [PIL.TiffImagePlugin] DEBUG: tag: ResolutionUnit (296) - type: short (3) - value: b'\x02\x00'
2026-07-14 17:34:26 [PIL.TiffImagePlugin] DEBUG: tag: ExifIFD (34665) - type: long (4) - value: b'Z\x00\x00\x00'
2026-07-14 17:34:26 [scrapy.core.scraper] DEBUG: Scraped from <200 https://api.pexels.com/v1/search?query=duck&per_page=80&page=1>
{'image_urls': ['https://images.pexels.com/photos/31955717/pexels-photo-31955717.jpeg?auto=compress&cs=tinysrgb&dpr=2&h=650&w=940'],
 'images': [{'checksum': 'cf9103f5b0c8eb4f1df35b9645817d0f',
             'path': 'duck/9a62ec3bd8e3632dd09900e3c7a606bb56496566.jpg',
             'status': 'downloaded',
             'url': 'https://images.pexels.com/photos/31955717/pexels-photo-31955717.jpeg?auto=compress&cs=tinysrgb&dpr=2&h=650&w=940'}],
 'label': 'duck',
 'source_id': '31955717'}
2026-07-14 17:34:26 [scrapy.core.scraper] DEBUG: Scraped from <200 https://api.pexels.com/v1/search?query=duck&per_page=80&page=1>
{'image_urls': ['https://images.pexels.com/photos/4627286/pexels-photo-4627286.jpeg?auto=compress&cs=tinysrgb&dpr=2&h=650&w=940'],
 'images': [{'checksum': 'f376690be98a6c9f610417f58c2e3e3c',
             'path': 'duck/2469baacb835a80f656ba560d64ef3d2a98e304b.jpg',
             'status': 'downloaded',
             'url': 'https://images.pexels.com/photos/4627286/pexels-photo-4627286.jpeg?auto=compress&cs=tinysrgb&dpr=2&h=650&w=940'}],
 'label': 'duck',
 'source_id': '4627286'}
2026-07-14 17:34:26 [scrapy.core.engine] DEBUG: Crawled (200) <GET https://images.pexels.com/photos/13850023/pexels-photo-13850023.jpeg?auto=compress&cs=tinysrgb&dpr=2&h=650&w=940> (referer: None)
2026-07-14 17:34:26 [scrapy.pipelines.files] DEBUG: File (downloaded): Downloaded file from <GET https://images.pexels.com/photos/13850023/pexels-photo-13850023.jpeg?auto=compress&cs=tinysrgb&dpr=2&h=650&w=940> referred in <None>
2026-07-14 17:34:26 [PIL.TiffImagePlugin] DEBUG: tag: Orientation (274) - type: short (3) - value: b'\x01\x00'
2026-07-14 17:34:26 [PIL.TiffImagePlugin] DEBUG: tag: XResolution (282) - type: rational (5) Tag Location: 34 - Data Location: 74 - value: b'H\x00\x00\x00\x01\x00\x00\x00'
2026-07-14 17:34:26 [PIL.TiffImagePlugin] DEBUG: tag: YResolution (283) - type: rational (5) Tag Location: 46 - Data Location: 82 - value: b'H\x00\x00\x00\x01\x00\x00\x00'
2026-07-14 17:34:26 [PIL.TiffImagePlugin] DEBUG: tag: ResolutionUnit (296) - type: short (3) - value: b'\x02\x00'
2026-07-14 17:34:26 [PIL.TiffImagePlugin] DEBUG: tag: ExifIFD (34665) - type: long (4) - value: b'Z\x00\x00\x00'
2026-07-14 17:34:26 [scrapy.core.engine] DEBUG: Crawled (200) <GET https://images.pexels.com/photos/38058597/pexels-photo-38058597.jpeg?auto=compress&cs=tinysrgb&dpr=2&h=650&w=940> (referer: None)
2026-07-14 17:34:26 [scrapy.pipelines.files] DEBUG: File (downloaded): Downloaded file from <GET https://images.pexels.com/photos/38058597/pexels-photo-38058597.jpeg?auto=compress&cs=tinysrgb&dpr=2&h=650&w=940> referred in <None>
2026-07-14 17:34:26 [PIL.TiffImagePlugin] DEBUG: tag: Orientation (274) - type: short (3) - value: b'\x01\x00'
2026-07-14 17:34:26 [PIL.TiffImagePlugin] DEBUG: tag: XResolution (282) - type: rational (5) Tag Location: 34 - Data Location: 144 - value: b'H\x00\x00\x00\x01\x00\x00\x00'
2026-07-14 17:34:26 [PIL.TiffImagePlugin] DEBUG: tag: YResolution (283) - type: rational (5) Tag Location: 46 - Data Location: 152 - value: b'H\x00\x00\x00\x01\x00\x00\x00'
2026-07-14 17:34:26 [PIL.TiffImagePlugin] DEBUG: tag: ResolutionUnit (296) - type: short (3) - value: b'\x02\x00'
2026-07-14 17:34:26 [PIL.TiffImagePlugin] DEBUG: tag: Artist (315) - type: string (2) Tag Location: 70 - Data Location: 98 - value: b'Liane Ferreira\x00'
2026-07-14 17:34:26 [PIL.TiffImagePlugin] DEBUG: tag: Copyright (33432) - type: string (2) Tag Location: 82 - Data Location: 114 - value: b'DIREITOS RESERVADOS AO AUTOR\x00'
2026-07-14 17:34:26 [PIL.TiffImagePlugin] DEBUG: tag: ExifIFD (34665) - type: long (4) - value: b'\xa0\x00\x00\x00'
2026-07-14 17:34:26 [scrapy.core.scraper] DEBUG: Scraped from <200 https://api.pexels.com/v1/search?query=duck&per_page=80&page=1>
{'image_urls': ['https://images.pexels.com/photos/13850023/pexels-photo-13850023.jpeg?auto=compress&cs=tinysrgb&dpr=2&h=650&w=940'],
 'images': [{'checksum': '85ecf2b5895db502df1aecd345a275c6',
             'path': 'duck/098155c6a52cfabfa64ce2dc3549d58a14aa9fc5.jpg',
             'status': 'downloaded',
             'url': 'https://images.pexels.com/photos/13850023/pexels-photo-13850023.jpeg?auto=compress&cs=tinysrgb&dpr=2&h=650&w=940'}],
 'label': 'duck',
 'source_id': '13850023'}
2026-07-14 17:34:26 [scrapy.core.scraper] DEBUG: Scraped from <200 https://api.pexels.com/v1/search?query=duck&per_page=80&page=1>
{'image_urls': ['https://images.pexels.com/photos/38058597/pexels-photo-38058597.jpeg?auto=compress&cs=tinysrgb&dpr=2&h=650&w=940'],
 'images': [{'checksum': '61739fdcca99b93ce8f4c5e6c98ddf48',
             'path': 'duck/62defaac1a81cfda78e9669471af8d7fb4c88d6d.jpg',
             'status': 'downloaded',
             'url': 'https://images.pexels.com/photos/38058597/pexels-photo-38058597.jpeg?auto=compress&cs=tinysrgb&dpr=2&h=650&w=940'}],
 'label': 'duck',
 'source_id': '38058597'}
2026-07-14 17:34:26 [scrapy.core.engine] DEBUG: Crawled (200) <GET https://images.pexels.com/photos/33153171/pexels-photo-33153171.jpeg?auto=compress&cs=tinysrgb&dpr=2&h=650&w=940> (referer: None)
2026-07-14 17:34:26 [scrapy.pipelines.files] DEBUG: File (downloaded): Downloaded file from <GET https://images.pexels.com/photos/33153171/pexels-photo-33153171.jpeg?auto=compress&cs=tinysrgb&dpr=2&h=650&w=940> referred in <None>
2026-07-14 17:34:26 [PIL.TiffImagePlugin] DEBUG: tag: Orientation (274) - type: short (3) - value: b'\x01\x00'
2026-07-14 17:34:26 [PIL.TiffImagePlugin] DEBUG: tag: XResolution (282) - type: rational (5) Tag Location: 34 - Data Location: 74 - value: b'H\x00\x00\x00\x01\x00\x00\x00'
2026-07-14 17:34:26 [PIL.TiffImagePlugin] DEBUG: tag: YResolution (283) - type: rational (5) Tag Location: 46 - Data Location: 82 - value: b'H\x00\x00\x00\x01\x00\x00\x00'
2026-07-14 17:34:26 [PIL.TiffImagePlugin] DEBUG: tag: ResolutionUnit (296) - type: short (3) - value: b'\x02\x00'
2026-07-14 17:34:26 [PIL.TiffImagePlugin] DEBUG: tag: ExifIFD (34665) - type: long (4) - value: b'Z\x00\x00\x00'
2026-07-14 17:34:26 [scrapy.core.scraper] DEBUG: Scraped from <200 https://api.pexels.com/v1/search?query=duck&per_page=80&page=1>
{'image_urls': ['https://images.pexels.com/photos/33153171/pexels-photo-33153171.jpeg?auto=compress&cs=tinysrgb&dpr=2&h=650&w=940'],
 'images': [{'checksum': '5b7580c644c6b0b11980e0bcf9a84c9d',
             'path': 'duck/94c4f91e317bec40043ca6b232fc748011b1f713.jpg',
             'status': 'downloaded',
             'url': 'https://images.pexels.com/photos/33153171/pexels-photo-33153171.jpeg?auto=compress&cs=tinysrgb&dpr=2&h=650&w=940'}],
 'label': 'duck',
 'source_id': '33153171'}
2026-07-14 17:34:27 [scrapy.core.engine] DEBUG: Crawled (200) <GET https://images.pexels.com/photos/24771857/pexels-photo-24771857.jpeg?auto=compress&cs=tinysrgb&dpr=2&h=650&w=940> (referer: None)
2026-07-14 17:34:27 [scrapy.pipelines.files] DEBUG: File (downloaded): Downloaded file from <GET https://images.pexels.com/photos/24771857/pexels-photo-24771857.jpeg?auto=compress&cs=tinysrgb&dpr=2&h=650&w=940> referred in <None>
2026-07-14 17:34:27 [PIL.TiffImagePlugin] DEBUG: tag: Orientation (274) - type: short (3) - value: b'\x01\x00'
2026-07-14 17:34:27 [PIL.TiffImagePlugin] DEBUG: tag: XResolution (282) - type: rational (5) Tag Location: 34 - Data Location: 74 - value: b'H\x00\x00\x00\x01\x00\x00\x00'
2026-07-14 17:34:27 [PIL.TiffImagePlugin] DEBUG: tag: YResolution (283) - type: rational (5) Tag Location: 46 - Data Location: 82 - value: b'H\x00\x00\x00\x01\x00\x00\x00'
2026-07-14 17:34:27 [PIL.TiffImagePlugin] DEBUG: tag: ResolutionUnit (296) - type: short (3) - value: b'\x02\x00'
2026-07-14 17:34:27 [PIL.TiffImagePlugin] DEBUG: tag: ExifIFD (34665) - type: long (4) - value: b'Z\x00\x00\x00'
2026-07-14 17:34:27 [scrapy.core.scraper] DEBUG: Scraped from <200 https://api.pexels.com/v1/search?query=duck&per_page=80&page=1>
{'image_urls': ['https://images.pexels.com/photos/24771857/pexels-photo-24771857.jpeg?auto=compress&cs=tinysrgb&dpr=2&h=650&w=940'],
 'images': [{'checksum': '16cbea593bb0b0b4fe8cc1b0d0afb5dd',
             'path': 'duck/c975d677f012183852eeeeab614b31c1c6c8b951.jpg',
             'status': 'downloaded',
             'url': 'https://images.pexels.com/photos/24771857/pexels-photo-24771857.jpeg?auto=compress&cs=tinysrgb&dpr=2&h=650&w=940'}],
 'label': 'duck',
 'source_id': '24771857'}
2026-07-14 17:34:27 [scrapy.core.engine] DEBUG: Crawled (200) <GET https://images.pexels.com/photos/19985568/pexels-photo-19985568.jpeg?auto=compress&cs=tinysrgb&dpr=2&h=650&w=940> (referer: None)
2026-07-14 17:34:27 [scrapy.pipelines.files] DEBUG: File (downloaded): Downloaded file from <GET https://images.pexels.com/photos/19985568/pexels-photo-19985568.jpeg?auto=compress&cs=tinysrgb&dpr=2&h=650&w=940> referred in <None>
2026-07-14 17:34:27 [PIL.TiffImagePlugin] DEBUG: tag: Orientation (274) - type: short (3) - value: b'\x01\x00'
2026-07-14 17:34:27 [PIL.TiffImagePlugin] DEBUG: tag: XResolution (282) - type: rational (5) Tag Location: 34 - Data Location: 130 - value: b'H\x00\x00\x00\x01\x00\x00\x00'
2026-07-14 17:34:27 [PIL.TiffImagePlugin] DEBUG: tag: YResolution (283) - type: rational (5) Tag Location: 46 - Data Location: 138 - value: b'H\x00\x00\x00\x01\x00\x00\x00'
2026-07-14 17:34:27 [PIL.TiffImagePlugin] DEBUG: tag: ResolutionUnit (296) - type: short (3) - value: b'\x02\x00'
2026-07-14 17:34:27 [PIL.TiffImagePlugin] DEBUG: tag: Artist (315) - type: string (2) Tag Location: 70 - Data Location: 98 - value: b'Barnabas Davoti\x00'
2026-07-14 17:34:27 [PIL.TiffImagePlugin] DEBUG: tag: Copyright (33432) - type: string (2) Tag Location: 82 - Data Location: 114 - value: b'Barnabas Davoti\x00'
2026-07-14 17:34:27 [PIL.TiffImagePlugin] DEBUG: tag: ExifIFD (34665) - type: long (4) - value: b'\x92\x00\x00\x00'
2026-07-14 17:34:27 [scrapy.core.scraper] DEBUG: Scraped from <200 https://api.pexels.com/v1/search?query=duck&per_page=80&page=1>
{'image_urls': ['https://images.pexels.com/photos/19985568/pexels-photo-19985568.jpeg?auto=compress&cs=tinysrgb&dpr=2&h=650&w=940'],
 'images': [{'checksum': '5ce51956e3e71583adb5a8f8d05bcbe3',
             'path': 'duck/38034d1838d3cf7764af6b135dab7f9a75fca5a9.jpg',
             'status': 'downloaded',
             'url': 'https://images.pexels.com/photos/19985568/pexels-photo-19985568.jpeg?auto=compress&cs=tinysrgb&dpr=2&h=650&w=940'}],
 'label': 'duck',
 'source_id': '19985568'}
2026-07-14 17:34:27 [scrapy.core.engine] DEBUG: Crawled (200) <GET https://images.pexels.com/photos/38058595/pexels-photo-38058595.jpeg?auto=compress&cs=tinysrgb&dpr=2&h=650&w=940> (referer: None)
2026-07-14 17:34:27 [scrapy.pipelines.files] DEBUG: File (downloaded): Downloaded file from <GET https://images.pexels.com/photos/38058595/pexels-photo-38058595.jpeg?auto=compress&cs=tinysrgb&dpr=2&h=650&w=940> referred in <None>
2026-07-14 17:34:27 [PIL.TiffImagePlugin] DEBUG: tag: Orientation (274) - type: short (3) - value: b'\x01\x00'
2026-07-14 17:34:27 [PIL.TiffImagePlugin] DEBUG: tag: XResolution (282) - type: rational (5) Tag Location: 34 - Data Location: 144 - value: b'H\x00\x00\x00\x01\x00\x00\x00'
2026-07-14 17:34:27 [PIL.TiffImagePlugin] DEBUG: tag: YResolution (283) - type: rational (5) Tag Location: 46 - Data Location: 152 - value: b'H\x00\x00\x00\x01\x00\x00\x00'
2026-07-14 17:34:27 [PIL.TiffImagePlugin] DEBUG: tag: ResolutionUnit (296) - type: short (3) - value: b'\x02\x00'
2026-07-14 17:34:27 [PIL.TiffImagePlugin] DEBUG: tag: Artist (315) - type: string (2) Tag Location: 70 - Data Location: 98 - value: b'Liane Ferreira\x00'
2026-07-14 17:34:27 [PIL.TiffImagePlugin] DEBUG: tag: Copyright (33432) - type: string (2) Tag Location: 82 - Data Location: 114 - value: b'DIREITOS RESERVADOS AO AUTOR\x00'
2026-07-14 17:34:27 [PIL.TiffImagePlugin] DEBUG: tag: ExifIFD (34665) - type: long (4) - value: b'\xa0\x00\x00\x00'
2026-07-14 17:34:28 [scrapy.core.scraper] DEBUG: Scraped from <200 https://api.pexels.com/v1/search?query=duck&per_page=80&page=1>
{'image_urls': ['https://images.pexels.com/photos/38058595/pexels-photo-38058595.jpeg?auto=compress&cs=tinysrgb&dpr=2&h=650&w=940'],
 'images': [{'checksum': '2006d6cf1d2ed8cd60b8e1d1a2d0a0c8',
             'path': 'duck/29503b5a326927dbee1f0ab66f34bf50d57b72f3.jpg',
             'status': 'downloaded',
             'url': 'https://images.pexels.com/photos/38058595/pexels-photo-38058595.jpeg?auto=compress&cs=tinysrgb&dpr=2&h=650&w=940'}],
 'label': 'duck',
 'source_id': '38058595'}
2026-07-14 17:34:28 [scrapy.core.engine] DEBUG: Crawled (200) <GET https://images.pexels.com/photos/27565483/pexels-photo-27565483.jpeg?auto=compress&cs=tinysrgb&dpr=2&h=650&w=940> (referer: None)
2026-07-14 17:34:28 [scrapy.pipelines.files] DEBUG: File (downloaded): Downloaded file from <GET https://images.pexels.com/photos/27565483/pexels-photo-27565483.jpeg?auto=compress&cs=tinysrgb&dpr=2&h=650&w=940> referred in <None>
2026-07-14 17:34:28 [PIL.TiffImagePlugin] DEBUG: tag: Orientation (274) - type: short (3) - value: b'\x01\x00'
2026-07-14 17:34:28 [PIL.TiffImagePlugin] DEBUG: tag: XResolution (282) - type: rational (5) Tag Location: 34 - Data Location: 74 - value: b'H\x00\x00\x00\x01\x00\x00\x00'
2026-07-14 17:34:28 [PIL.TiffImagePlugin] DEBUG: tag: YResolution (283) - type: rational (5) Tag Location: 46 - Data Location: 82 - value: b'H\x00\x00\x00\x01\x00\x00\x00'
2026-07-14 17:34:28 [PIL.TiffImagePlugin] DEBUG: tag: ResolutionUnit (296) - type: short (3) - value: b'\x02\x00'
2026-07-14 17:34:28 [PIL.TiffImagePlugin] DEBUG: tag: ExifIFD (34665) - type: long (4) - value: b'Z\x00\x00\x00'
2026-07-14 17:34:28 [scrapy.core.engine] DEBUG: Crawled (200) <GET https://images.pexels.com/photos/8797509/pexels-photo-8797509.jpeg?auto=compress&cs=tinysrgb&dpr=2&h=650&w=940> (referer: None)
2026-07-14 17:34:28 [scrapy.pipelines.files] DEBUG: File (downloaded): Downloaded file from <GET https://images.pexels.com/photos/8797509/pexels-photo-8797509.jpeg?auto=compress&cs=tinysrgb&dpr=2&h=650&w=940> referred in <None>
2026-07-14 17:34:28 [PIL.TiffImagePlugin] DEBUG: tag: Orientation (274) - type: short (3) - value: b'\x00\x01'
2026-07-14 17:34:28 [PIL.TiffImagePlugin] DEBUG: tag: XResolution (282) - type: rational (5) Tag Location: 34 - Data Location: 74 - value: b'\x00\x00\x00H\x00\x00\x00\x01'
2026-07-14 17:34:28 [PIL.TiffImagePlugin] DEBUG: tag: YResolution (283) - type: rational (5) Tag Location: 46 - Data Location: 82 - value: b'\x00\x00\x00H\x00\x00\x00\x01'
2026-07-14 17:34:28 [PIL.TiffImagePlugin] DEBUG: tag: ResolutionUnit (296) - type: short (3) - value: b'\x00\x02'
2026-07-14 17:34:28 [PIL.TiffImagePlugin] DEBUG: tag: ExifIFD (34665) - type: long (4) - value: b'\x00\x00\x00Z'
2026-07-14 17:34:28 [scrapy.core.scraper] DEBUG: Scraped from <200 https://api.pexels.com/v1/search?query=duck&per_page=80&page=1>
{'image_urls': ['https://images.pexels.com/photos/27565483/pexels-photo-27565483.jpeg?auto=compress&cs=tinysrgb&dpr=2&h=650&w=940'],
 'images': [{'checksum': 'f19ca1603d8df37c37237e69ed483a98',
             'path': 'duck/2510816800f972297e6b30de35ec393b10927401.jpg',
             'status': 'downloaded',
             'url': 'https://images.pexels.com/photos/27565483/pexels-photo-27565483.jpeg?auto=compress&cs=tinysrgb&dpr=2&h=650&w=940'}],
 'label': 'duck',
 'source_id': '27565483'}
2026-07-14 17:34:28 [scrapy.core.scraper] DEBUG: Scraped from <200 https://api.pexels.com/v1/search?query=duck&per_page=80&page=1>
{'image_urls': ['https://images.pexels.com/photos/8797509/pexels-photo-8797509.jpeg?auto=compress&cs=tinysrgb&dpr=2&h=650&w=940'],
 'images': [{'checksum': '24696ed11555b8650dae976852c5487e',
             'path': 'duck/2109c5f779e39e8f507f3e4c99d6fb716656e035.jpg',
             'status': 'downloaded',
             'url': 'https://images.pexels.com/photos/8797509/pexels-photo-8797509.jpeg?auto=compress&cs=tinysrgb&dpr=2&h=650&w=940'}],
 'label': 'duck',
 'source_id': '8797509'}
2026-07-14 17:34:28 [scrapy.core.engine] DEBUG: Crawled (200) <GET https://images.pexels.com/photos/34523354/pexels-photo-34523354.jpeg?auto=compress&cs=tinysrgb&dpr=2&h=650&w=940> (referer: None)
2026-07-14 17:34:28 [scrapy.pipelines.files] DEBUG: File (downloaded): Downloaded file from <GET https://images.pexels.com/photos/34523354/pexels-photo-34523354.jpeg?auto=compress&cs=tinysrgb&dpr=2&h=650&w=940> referred in <None>
2026-07-14 17:34:28 [PIL.TiffImagePlugin] DEBUG: tag: Orientation (274) - type: short (3) - value: b'\x00\x01'
2026-07-14 17:34:28 [PIL.TiffImagePlugin] DEBUG: tag: XResolution (282) - type: rational (5) Tag Location: 34 - Data Location: 74 - value: b'\x00\x00\x00H\x00\x00\x00\x01'
2026-07-14 17:34:28 [PIL.TiffImagePlugin] DEBUG: tag: YResolution (283) - type: rational (5) Tag Location: 46 - Data Location: 82 - value: b'\x00\x00\x00H\x00\x00\x00\x01'
2026-07-14 17:34:28 [PIL.TiffImagePlugin] DEBUG: tag: ResolutionUnit (296) - type: short (3) - value: b'\x00\x02'
2026-07-14 17:34:28 [PIL.TiffImagePlugin] DEBUG: tag: ExifIFD (34665) - type: long (4) - value: b'\x00\x00\x00Z'
2026-07-14 17:34:28 [scrapy.core.scraper] DEBUG: Scraped from <200 https://api.pexels.com/v1/search?query=duck&per_page=80&page=1>
{'image_urls': ['https://images.pexels.com/photos/34523354/pexels-photo-34523354.jpeg?auto=compress&cs=tinysrgb&dpr=2&h=650&w=940'],
 'images': [{'checksum': 'b16dd03c7812eec0a9155e9b367e5c4d',
             'path': 'duck/264856f5f16c208addb1643712f8c4dbb8f74acb.jpg',
             'status': 'downloaded',
             'url': 'https://images.pexels.com/photos/34523354/pexels-photo-34523354.jpeg?auto=compress&cs=tinysrgb&dpr=2&h=650&w=940'}],
 'label': 'duck',
 'source_id': '34523354'}
2026-07-14 17:34:29 [scrapy.core.engine] DEBUG: Crawled (200) <GET https://images.pexels.com/photos/5840900/pexels-photo-5840900.jpeg?auto=compress&cs=tinysrgb&dpr=2&h=650&w=940> (referer: None)
2026-07-14 17:34:29 [scrapy.pipelines.files] DEBUG: File (downloaded): Downloaded file from <GET https://images.pexels.com/photos/5840900/pexels-photo-5840900.jpeg?auto=compress&cs=tinysrgb&dpr=2&h=650&w=940> referred in <None>
2026-07-14 17:34:29 [PIL.TiffImagePlugin] DEBUG: tag: Orientation (274) - type: short (3) - value: b'\x01\x00'
2026-07-14 17:34:29 [PIL.TiffImagePlugin] DEBUG: tag: XResolution (282) - type: rational (5) Tag Location: 34 - Data Location: 116 - value: b'H\x00\x00\x00\x01\x00\x00\x00'
2026-07-14 17:34:29 [PIL.TiffImagePlugin] DEBUG: tag: YResolution (283) - type: rational (5) Tag Location: 46 - Data Location: 124 - value: b'H\x00\x00\x00\x01\x00\x00\x00'
2026-07-14 17:34:29 [PIL.TiffImagePlugin] DEBUG: tag: ResolutionUnit (296) - type: short (3) - value: b'\x02\x00'
2026-07-14 17:34:29 [PIL.TiffImagePlugin] DEBUG: tag: Artist (315) - type: string (2) Tag Location: 70 - Data Location: 86 - value: b'KAROLINA GRABOWSKA\nKABOOMPICS\x00'
2026-07-14 17:34:29 [PIL.TiffImagePlugin] DEBUG: tag: ExifIFD (34665) - type: long (4) - value: b'\x84\x00\x00\x00'
2026-07-14 17:34:29 [scrapy.core.scraper] DEBUG: Scraped from <200 https://api.pexels.com/v1/search?query=duck&per_page=80&page=1>
{'image_urls': ['https://images.pexels.com/photos/5840900/pexels-photo-5840900.jpeg?auto=compress&cs=tinysrgb&dpr=2&h=650&w=940'],
 'images': [{'checksum': 'b0a8e66a71b9571b1c6e0064df4368d9',
             'path': 'duck/32a6779df87bcaba9860b5e2d916c830a195e400.jpg',
             'status': 'downloaded',
             'url': 'https://images.pexels.com/photos/5840900/pexels-photo-5840900.jpeg?auto=compress&cs=tinysrgb&dpr=2&h=650&w=940'}],
 'label': 'duck',
 'source_id': '5840900'}
2026-07-14 17:34:29 [scrapy.core.engine] DEBUG: Crawled (200) <GET https://images.pexels.com/photos/35991826/pexels-photo-35991826.jpeg?auto=compress&cs=tinysrgb&dpr=2&h=650&w=940> (referer: None)
2026-07-14 17:34:29 [scrapy.pipelines.files] DEBUG: File (downloaded): Downloaded file from <GET https://images.pexels.com/photos/35991826/pexels-photo-35991826.jpeg?auto=compress&cs=tinysrgb&dpr=2&h=650&w=940> referred in <None>
2026-07-14 17:34:29 [PIL.TiffImagePlugin] DEBUG: tag: Orientation (274) - type: short (3) - value: b'\x00\x01'
2026-07-14 17:34:29 [PIL.TiffImagePlugin] DEBUG: tag: XResolution (282) - type: rational (5) Tag Location: 34 - Data Location: 74 - value: b'\x00\x00\x00H\x00\x00\x00\x01'
2026-07-14 17:34:29 [PIL.TiffImagePlugin] DEBUG: tag: YResolution (283) - type: rational (5) Tag Location: 46 - Data Location: 82 - value: b'\x00\x00\x00H\x00\x00\x00\x01'
2026-07-14 17:34:29 [PIL.TiffImagePlugin] DEBUG: tag: ResolutionUnit (296) - type: short (3) - value: b'\x00\x02'
2026-07-14 17:34:29 [PIL.TiffImagePlugin] DEBUG: tag: ExifIFD (34665) - type: long (4) - value: b'\x00\x00\x00Z'
2026-07-14 17:34:29 [scrapy.core.engine] DEBUG: Crawled (200) <GET https://images.pexels.com/photos/35010146/pexels-photo-35010146.jpeg?auto=compress&cs=tinysrgb&dpr=2&h=650&w=940> (referer: None)
2026-07-14 17:34:29 [scrapy.pipelines.files] DEBUG: File (downloaded): Downloaded file from <GET https://images.pexels.com/photos/35010146/pexels-photo-35010146.jpeg?auto=compress&cs=tinysrgb&dpr=2&h=650&w=940> referred in <None>
2026-07-14 17:34:29 [PIL.TiffImagePlugin] DEBUG: tag: Orientation (274) - type: short (3) - value: b'\x01\x00'
2026-07-14 17:34:29 [PIL.TiffImagePlugin] DEBUG: tag: XResolution (282) - type: rational (5) Tag Location: 34 - Data Location: 126 - value: b'H\x00\x00\x00\x01\x00\x00\x00'
2026-07-14 17:34:29 [PIL.TiffImagePlugin] DEBUG: tag: YResolution (283) - type: rational (5) Tag Location: 46 - Data Location: 134 - value: b'H\x00\x00\x00\x01\x00\x00\x00'
2026-07-14 17:34:29 [PIL.TiffImagePlugin] DEBUG: tag: ResolutionUnit (296) - type: short (3) - value: b'\x02\x00'
2026-07-14 17:34:29 [PIL.TiffImagePlugin] DEBUG: tag: Artist (315) - type: string (2) Tag Location: 70 - Data Location: 98 - value: b'Leon Bastian\x00'
2026-07-14 17:34:29 [PIL.TiffImagePlugin] DEBUG: tag: Copyright (33432) - type: string (2) Tag Location: 82 - Data Location: 112 - value: b'Leon Bastian\x00'
2026-07-14 17:34:29 [PIL.TiffImagePlugin] DEBUG: tag: ExifIFD (34665) - type: long (4) - value: b'\x8e\x00\x00\x00'
2026-07-14 17:34:29 [scrapy.core.scraper] DEBUG: Scraped from <200 https://api.pexels.com/v1/search?query=duck&per_page=80&page=1>
{'image_urls': ['https://images.pexels.com/photos/35991826/pexels-photo-35991826.jpeg?auto=compress&cs=tinysrgb&dpr=2&h=650&w=940'],
 'images': [{'checksum': '9b1de3bdf390cf0cde73631390137fb0',
             'path': 'duck/1b27c7af4403f23f57849eee75f7eee295dab21b.jpg',
             'status': 'downloaded',
             'url': 'https://images.pexels.com/photos/35991826/pexels-photo-35991826.jpeg?auto=compress&cs=tinysrgb&dpr=2&h=650&w=940'}],
 'label': 'duck',
 'source_id': '35991826'}
2026-07-14 17:34:29 [scrapy.core.scraper] DEBUG: Scraped from <200 https://api.pexels.com/v1/search?query=duck&per_page=80&page=1>
{'image_urls': ['https://images.pexels.com/photos/35010146/pexels-photo-35010146.jpeg?auto=compress&cs=tinysrgb&dpr=2&h=650&w=940'],
 'images': [{'checksum': '751f238292755fd5b26e2a3741d8f52e',
             'path': 'duck/256a3d39165c7f346c5404175cdcb0a0d39c13b7.jpg',
             'status': 'downloaded',
             'url': 'https://images.pexels.com/photos/35010146/pexels-photo-35010146.jpeg?auto=compress&cs=tinysrgb&dpr=2&h=650&w=940'}],
 'label': 'duck',
 'source_id': '35010146'}
2026-07-14 17:34:30 [scrapy.core.engine] DEBUG: Crawled (200) <GET https://images.pexels.com/photos/6676593/pexels-photo-6676593.jpeg?auto=compress&cs=tinysrgb&dpr=2&h=650&w=940> (referer: None)
2026-07-14 17:34:30 [scrapy.pipelines.files] DEBUG: File (downloaded): Downloaded file from <GET https://images.pexels.com/photos/6676593/pexels-photo-6676593.jpeg?auto=compress&cs=tinysrgb&dpr=2&h=650&w=940> referred in <None>
2026-07-14 17:34:30 [PIL.TiffImagePlugin] DEBUG: tag: Orientation (274) - type: short (3) - value: b'\x01\x00'
2026-07-14 17:34:30 [PIL.TiffImagePlugin] DEBUG: tag: XResolution (282) - type: rational (5) Tag Location: 34 - Data Location: 100 - value: b'H\x00\x00\x00\x01\x00\x00\x00'
2026-07-14 17:34:30 [PIL.TiffImagePlugin] DEBUG: tag: YResolution (283) - type: rational (5) Tag Location: 46 - Data Location: 108 - value: b'H\x00\x00\x00\x01\x00\x00\x00'
2026-07-14 17:34:30 [PIL.TiffImagePlugin] DEBUG: tag: ResolutionUnit (296) - type: short (3) - value: b'\x02\x00'
2026-07-14 17:34:30 [PIL.TiffImagePlugin] DEBUG: tag: Artist (315) - type: string (2) Tag Location: 70 - Data Location: 86 - value: b'Aaron J Hill\x00'
2026-07-14 17:34:30 [PIL.TiffImagePlugin] DEBUG: tag: ExifIFD (34665) - type: long (4) - value: b't\x00\x00\x00'
2026-07-14 17:34:30 [scrapy.core.engine] DEBUG: Crawled (200) <GET https://images.pexels.com/photos/37492535/pexels-photo-37492535.jpeg?auto=compress&cs=tinysrgb&dpr=2&h=650&w=940> (referer: None)
2026-07-14 17:34:30 [scrapy.pipelines.files] DEBUG: File (downloaded): Downloaded file from <GET https://images.pexels.com/photos/37492535/pexels-photo-37492535.jpeg?auto=compress&cs=tinysrgb&dpr=2&h=650&w=940> referred in <None>
2026-07-14 17:34:30 [PIL.TiffImagePlugin] DEBUG: tag: Orientation (274) - type: short (3) - value: b'\x00\x01'
2026-07-14 17:34:30 [PIL.TiffImagePlugin] DEBUG: tag: XResolution (282) - type: rational (5) Tag Location: 34 - Data Location: 74 - value: b'\x00\x00\x00H\x00\x00\x00\x01'
2026-07-14 17:34:30 [PIL.TiffImagePlugin] DEBUG: tag: YResolution (283) - type: rational (5) Tag Location: 46 - Data Location: 82 - value: b'\x00\x00\x00H\x00\x00\x00\x01'
2026-07-14 17:34:30 [PIL.TiffImagePlugin] DEBUG: tag: ResolutionUnit (296) - type: short (3) - value: b'\x00\x02'
2026-07-14 17:34:30 [PIL.TiffImagePlugin] DEBUG: tag: ExifIFD (34665) - type: long (4) - value: b'\x00\x00\x00Z'
2026-07-14 17:34:30 [scrapy.core.scraper] DEBUG: Scraped from <200 https://api.pexels.com/v1/search?query=duck&per_page=80&page=1>
{'image_urls': ['https://images.pexels.com/photos/6676593/pexels-photo-6676593.jpeg?auto=compress&cs=tinysrgb&dpr=2&h=650&w=940'],
 'images': [{'checksum': 'ffcd637f102b1bd70c2454ac03d008e1',
             'path': 'duck/ad45f929078aa3216b46de2f90184d1fdce68b17.jpg',
             'status': 'downloaded',
             'url': 'https://images.pexels.com/photos/6676593/pexels-photo-6676593.jpeg?auto=compress&cs=tinysrgb&dpr=2&h=650&w=940'}],
 'label': 'duck',
 'source_id': '6676593'}
2026-07-14 17:34:30 [scrapy.core.scraper] DEBUG: Scraped from <200 https://api.pexels.com/v1/search?query=duck&per_page=80&page=1>
{'image_urls': ['https://images.pexels.com/photos/37492535/pexels-photo-37492535.jpeg?auto=compress&cs=tinysrgb&dpr=2&h=650&w=940'],
 'images': [{'checksum': 'b7c7682f82da7aabfe5de5e9e3c30bc6',
             'path': 'duck/99ea38e69c7917b0e29ceb58f35d4b4fba239b50.jpg',
             'status': 'downloaded',
             'url': 'https://images.pexels.com/photos/37492535/pexels-photo-37492535.jpeg?auto=compress&cs=tinysrgb&dpr=2&h=650&w=940'}],
 'label': 'duck',
 'source_id': '37492535'}
2026-07-14 17:34:30 [scrapy.core.engine] DEBUG: Crawled (200) <GET https://images.pexels.com/photos/34442978/pexels-photo-34442978.jpeg?auto=compress&cs=tinysrgb&dpr=2&h=650&w=940> (referer: None)
2026-07-14 17:34:30 [scrapy.pipelines.files] DEBUG: File (downloaded): Downloaded file from <GET https://images.pexels.com/photos/34442978/pexels-photo-34442978.jpeg?auto=compress&cs=tinysrgb&dpr=2&h=650&w=940> referred in <None>
2026-07-14 17:34:30 [PIL.TiffImagePlugin] DEBUG: tag: Orientation (274) - type: short (3) - value: b'\x00\x01'
2026-07-14 17:34:30 [PIL.TiffImagePlugin] DEBUG: tag: XResolution (282) - type: rational (5) Tag Location: 34 - Data Location: 74 - value: b'\x00\x00\x00H\x00\x00\x00\x01'
2026-07-14 17:34:30 [PIL.TiffImagePlugin] DEBUG: tag: YResolution (283) - type: rational (5) Tag Location: 46 - Data Location: 82 - value: b'\x00\x00\x00H\x00\x00\x00\x01'
2026-07-14 17:34:30 [PIL.TiffImagePlugin] DEBUG: tag: ResolutionUnit (296) - type: short (3) - value: b'\x00\x02'
2026-07-14 17:34:30 [PIL.TiffImagePlugin] DEBUG: tag: ExifIFD (34665) - type: long (4) - value: b'\x00\x00\x00Z'
2026-07-14 17:34:30 [scrapy.core.scraper] DEBUG: Scraped from <200 https://api.pexels.com/v1/search?query=duck&per_page=80&page=1>
{'image_urls': ['https://images.pexels.com/photos/34442978/pexels-photo-34442978.jpeg?auto=compress&cs=tinysrgb&dpr=2&h=650&w=940'],
 'images': [{'checksum': 'd88ef9b4d7818a7daf946b40dd9d9467',
             'path': 'duck/baf8c0419a098190d7a63897c5302113caf82bb8.jpg',
             'status': 'downloaded',
             'url': 'https://images.pexels.com/photos/34442978/pexels-photo-34442978.jpeg?auto=compress&cs=tinysrgb&dpr=2&h=650&w=940'}],
 'label': 'duck',
 'source_id': '34442978'}
2026-07-14 17:34:30 [scrapy.core.engine] DEBUG: Crawled (200) <GET https://images.pexels.com/photos/660266/pexels-photo-660266.jpeg?auto=compress&cs=tinysrgb&dpr=2&h=650&w=940> (referer: None)
2026-07-14 17:34:30 [scrapy.pipelines.files] DEBUG: File (downloaded): Downloaded file from <GET https://images.pexels.com/photos/660266/pexels-photo-660266.jpeg?auto=compress&cs=tinysrgb&dpr=2&h=650&w=940> referred in <None>
2026-07-14 17:34:30 [PIL.TiffImagePlugin] DEBUG: tag: Orientation (274) - type: short (3) - value: b'\x01\x00'
2026-07-14 17:34:30 [PIL.TiffImagePlugin] DEBUG: tag: XResolution (282) - type: rational (5) Tag Location: 34 - Data Location: 74 - value: b'H\x00\x00\x00\x01\x00\x00\x00'
2026-07-14 17:34:30 [PIL.TiffImagePlugin] DEBUG: tag: YResolution (283) - type: rational (5) Tag Location: 46 - Data Location: 82 - value: b'H\x00\x00\x00\x01\x00\x00\x00'
2026-07-14 17:34:30 [PIL.TiffImagePlugin] DEBUG: tag: ResolutionUnit (296) - type: short (3) - value: b'\x02\x00'
2026-07-14 17:34:30 [PIL.TiffImagePlugin] DEBUG: tag: ExifIFD (34665) - type: long (4) - value: b'Z\x00\x00\x00'
2026-07-14 17:34:30 [scrapy.core.engine] DEBUG: Crawled (200) <GET https://images.pexels.com/photos/33759291/pexels-photo-33759291.jpeg?auto=compress&cs=tinysrgb&dpr=2&h=650&w=940> (referer: None)
2026-07-14 17:34:30 [scrapy.pipelines.files] DEBUG: File (downloaded): Downloaded file from <GET https://images.pexels.com/photos/33759291/pexels-photo-33759291.jpeg?auto=compress&cs=tinysrgb&dpr=2&h=650&w=940> referred in <None>
2026-07-14 17:34:30 [PIL.TiffImagePlugin] DEBUG: tag: Orientation (274) - type: short (3) - value: b'\x01\x00'
2026-07-14 17:34:30 [PIL.TiffImagePlugin] DEBUG: tag: XResolution (282) - type: rational (5) Tag Location: 34 - Data Location: 74 - value: b'H\x00\x00\x00\x01\x00\x00\x00'
2026-07-14 17:34:30 [PIL.TiffImagePlugin] DEBUG: tag: YResolution (283) - type: rational (5) Tag Location: 46 - Data Location: 82 - value: b'H\x00\x00\x00\x01\x00\x00\x00'
2026-07-14 17:34:30 [PIL.TiffImagePlugin] DEBUG: tag: ResolutionUnit (296) - type: short (3) - value: b'\x02\x00'
2026-07-14 17:34:30 [PIL.TiffImagePlugin] DEBUG: tag: ExifIFD (34665) - type: long (4) - value: b'Z\x00\x00\x00'
2026-07-14 17:34:30 [scrapy.core.scraper] DEBUG: Scraped from <200 https://api.pexels.com/v1/search?query=duck&per_page=80&page=1>
{'image_urls': ['https://images.pexels.com/photos/660266/pexels-photo-660266.jpeg?auto=compress&cs=tinysrgb&dpr=2&h=650&w=940'],
 'images': [{'checksum': 'f6be349a5540e07f19a88e547b2b9e8b',
             'path': 'duck/99f5f4c98d8bb33e9ce4dfd2f73f7e6511d77b02.jpg',
             'status': 'downloaded',
             'url': 'https://images.pexels.com/photos/660266/pexels-photo-660266.jpeg?auto=compress&cs=tinysrgb&dpr=2&h=650&w=940'}],
 'label': 'duck',
 'source_id': '660266'}
2026-07-14 17:34:30 [scrapy.core.engine] DEBUG: Crawled (200) <GET https://images.pexels.com/photos/27565482/pexels-photo-27565482.jpeg?auto=compress&cs=tinysrgb&dpr=2&h=650&w=940> (referer: None)
2026-07-14 17:34:30 [scrapy.pipelines.files] DEBUG: File (downloaded): Downloaded file from <GET https://images.pexels.com/photos/27565482/pexels-photo-27565482.jpeg?auto=compress&cs=tinysrgb&dpr=2&h=650&w=940> referred in <None>
2026-07-14 17:34:30 [PIL.TiffImagePlugin] DEBUG: tag: Orientation (274) - type: short (3) - value: b'\x01\x00'
2026-07-14 17:34:30 [PIL.TiffImagePlugin] DEBUG: tag: XResolution (282) - type: rational (5) Tag Location: 34 - Data Location: 74 - value: b'H\x00\x00\x00\x01\x00\x00\x00'
2026-07-14 17:34:30 [PIL.TiffImagePlugin] DEBUG: tag: YResolution (283) - type: rational (5) Tag Location: 46 - Data Location: 82 - value: b'H\x00\x00\x00\x01\x00\x00\x00'
2026-07-14 17:34:30 [PIL.TiffImagePlugin] DEBUG: tag: ResolutionUnit (296) - type: short (3) - value: b'\x02\x00'
2026-07-14 17:34:30 [PIL.TiffImagePlugin] DEBUG: tag: ExifIFD (34665) - type: long (4) - value: b'Z\x00\x00\x00'
2026-07-14 17:34:30 [scrapy.core.engine] DEBUG: Crawled (404) <GET https://api.pexels.com/v1/v1/search?page=2&per_page=80&query=duck> (referer: https://api.pexels.com/v1/search?query=duck&per_page=80&page=1)
2026-07-14 17:34:31 [scrapy.core.scraper] DEBUG: Scraped from <200 https://api.pexels.com/v1/search?query=duck&per_page=80&page=1>
{'image_urls': ['https://images.pexels.com/photos/33759291/pexels-photo-33759291.jpeg?auto=compress&cs=tinysrgb&dpr=2&h=650&w=940'],
 'images': [{'checksum': '55c52570b12e24372930825652eac207',
             'path': 'duck/3364587ceb318b623dfd577f65fbb7a01e5d6e46.jpg',
             'status': 'downloaded',
             'url': 'https://images.pexels.com/photos/33759291/pexels-photo-33759291.jpeg?auto=compress&cs=tinysrgb&dpr=2&h=650&w=940'}],
 'label': 'duck',
 'source_id': '33759291'}
2026-07-14 17:34:31 [scrapy.core.scraper] DEBUG: Scraped from <200 https://api.pexels.com/v1/search?query=duck&per_page=80&page=1>
{'image_urls': ['https://images.pexels.com/photos/27565482/pexels-photo-27565482.jpeg?auto=compress&cs=tinysrgb&dpr=2&h=650&w=940'],
 'images': [{'checksum': '25be7454625a447c6e39f5dd15cb1e21',
             'path': 'duck/8f0cfe5bebb49ced1e1b33a81b766f620132b79b.jpg',
             'status': 'downloaded',
             'url': 'https://images.pexels.com/photos/27565482/pexels-photo-27565482.jpeg?auto=compress&cs=tinysrgb&dpr=2&h=650&w=940'}],
 'label': 'duck',
 'source_id': '27565482'}
2026-07-14 17:34:31 [scrapy.spidermiddlewares.httperror] INFO: Ignoring response <404 https://api.pexels.com/v1/v1/search?page=2&per_page=80&query=duck>: HTTP status code is not handled or not allowed
2026-07-14 17:34:31 [scrapy.core.engine] DEBUG: Crawled (200) <GET https://images.pexels.com/photos/6690649/pexels-photo-6690649.jpeg?auto=compress&cs=tinysrgb&dpr=2&h=650&w=940> (referer: None)
2026-07-14 17:34:31 [scrapy.pipelines.files] DEBUG: File (downloaded): Downloaded file from <GET https://images.pexels.com/photos/6690649/pexels-photo-6690649.jpeg?auto=compress&cs=tinysrgb&dpr=2&h=650&w=940> referred in <None>
2026-07-14 17:34:31 [PIL.TiffImagePlugin] DEBUG: tag: Orientation (274) - type: short (3) - value: b'\x01\x00'
2026-07-14 17:34:31 [PIL.TiffImagePlugin] DEBUG: tag: XResolution (282) - type: rational (5) Tag Location: 34 - Data Location: 100 - value: b'H\x00\x00\x00\x01\x00\x00\x00'
2026-07-14 17:34:31 [PIL.TiffImagePlugin] DEBUG: tag: YResolution (283) - type: rational (5) Tag Location: 46 - Data Location: 108 - value: b'H\x00\x00\x00\x01\x00\x00\x00'
2026-07-14 17:34:31 [PIL.TiffImagePlugin] DEBUG: tag: ResolutionUnit (296) - type: short (3) - value: b'\x02\x00'
2026-07-14 17:34:31 [PIL.TiffImagePlugin] DEBUG: tag: Artist (315) - type: string (2) Tag Location: 70 - Data Location: 86 - value: b'Aaron J Hill\x00'
2026-07-14 17:34:31 [PIL.TiffImagePlugin] DEBUG: tag: ExifIFD (34665) - type: long (4) - value: b't\x00\x00\x00'
2026-07-14 17:34:31 [scrapy.core.scraper] DEBUG: Scraped from <200 https://api.pexels.com/v1/search?query=duck&per_page=80&page=1>
{'image_urls': ['https://images.pexels.com/photos/6690649/pexels-photo-6690649.jpeg?auto=compress&cs=tinysrgb&dpr=2&h=650&w=940'],
 'images': [{'checksum': '79a3cda9d492f7c3908bb8d686893b27',
             'path': 'duck/90bf740682713aad28fa9e390aa226dbfef6b04c.jpg',
             'status': 'downloaded',
             'url': 'https://images.pexels.com/photos/6690649/pexels-photo-6690649.jpeg?auto=compress&cs=tinysrgb&dpr=2&h=650&w=940'}],
 'label': 'duck',
 'source_id': '6690649'}
2026-07-14 17:34:32 [scrapy.core.engine] DEBUG: Crawled (200) <GET https://images.pexels.com/photos/5893758/pexels-photo-5893758.jpeg?auto=compress&cs=tinysrgb&dpr=2&h=650&w=940> (referer: None)
2026-07-14 17:34:32 [scrapy.pipelines.files] DEBUG: File (downloaded): Downloaded file from <GET https://images.pexels.com/photos/5893758/pexels-photo-5893758.jpeg?auto=compress&cs=tinysrgb&dpr=2&h=650&w=940> referred in <None>
2026-07-14 17:34:32 [PIL.TiffImagePlugin] DEBUG: tag: Orientation (274) - type: short (3) - value: b'\x01\x00'
2026-07-14 17:34:32 [PIL.TiffImagePlugin] DEBUG: tag: XResolution (282) - type: rational (5) Tag Location: 34 - Data Location: 74 - value: b'H\x00\x00\x00\x01\x00\x00\x00'
2026-07-14 17:34:32 [PIL.TiffImagePlugin] DEBUG: tag: YResolution (283) - type: rational (5) Tag Location: 46 - Data Location: 82 - value: b'H\x00\x00\x00\x01\x00\x00\x00'
2026-07-14 17:34:32 [PIL.TiffImagePlugin] DEBUG: tag: ResolutionUnit (296) - type: short (3) - value: b'\x02\x00'
2026-07-14 17:34:32 [PIL.TiffImagePlugin] DEBUG: tag: ExifIFD (34665) - type: long (4) - value: b'Z\x00\x00\x00'
2026-07-14 17:34:32 [scrapy.core.scraper] DEBUG: Scraped from <200 https://api.pexels.com/v1/search?query=duck&per_page=80&page=1>
{'image_urls': ['https://images.pexels.com/photos/5893758/pexels-photo-5893758.jpeg?auto=compress&cs=tinysrgb&dpr=2&h=650&w=940'],
 'images': [{'checksum': '584ef88beb82ecef6605bd4043060054',
             'path': 'duck/e61666fe78f3f43c9a8b0bbb8c17477cc4f560cc.jpg',
             'status': 'downloaded',
             'url': 'https://images.pexels.com/photos/5893758/pexels-photo-5893758.jpeg?auto=compress&cs=tinysrgb&dpr=2&h=650&w=940'}],
 'label': 'duck',
 'source_id': '5893758'}
2026-07-14 17:34:32 [scrapy.core.engine] DEBUG: Crawled (200) <GET https://images.pexels.com/photos/12188432/pexels-photo-12188432.jpeg?auto=compress&cs=tinysrgb&dpr=2&h=650&w=940> (referer: None)
2026-07-14 17:34:32 [scrapy.pipelines.files] DEBUG: File (downloaded): Downloaded file from <GET https://images.pexels.com/photos/12188432/pexels-photo-12188432.jpeg?auto=compress&cs=tinysrgb&dpr=2&h=650&w=940> referred in <None>
2026-07-14 17:34:32 [PIL.TiffImagePlugin] DEBUG: tag: Orientation (274) - type: short (3) - value: b'\x01\x00'
2026-07-14 17:34:32 [PIL.TiffImagePlugin] DEBUG: tag: XResolution (282) - type: rational (5) Tag Location: 34 - Data Location: 74 - value: b'H\x00\x00\x00\x01\x00\x00\x00'
2026-07-14 17:34:32 [PIL.TiffImagePlugin] DEBUG: tag: YResolution (283) - type: rational (5) Tag Location: 46 - Data Location: 82 - value: b'H\x00\x00\x00\x01\x00\x00\x00'
2026-07-14 17:34:32 [PIL.TiffImagePlugin] DEBUG: tag: ResolutionUnit (296) - type: short (3) - value: b'\x02\x00'
2026-07-14 17:34:32 [PIL.TiffImagePlugin] DEBUG: tag: ExifIFD (34665) - type: long (4) - value: b'Z\x00\x00\x00'
2026-07-14 17:34:32 [scrapy.core.scraper] DEBUG: Scraped from <200 https://api.pexels.com/v1/search?query=duck&per_page=80&page=1>
{'image_urls': ['https://images.pexels.com/photos/12188432/pexels-photo-12188432.jpeg?auto=compress&cs=tinysrgb&dpr=2&h=650&w=940'],
 'images': [{'checksum': '50b1312bfe01249ff433ce3ee199f9da',
             'path': 'duck/2aa8ab6bfcf42cb80e2969a6975d292135ff8ac5.jpg',
             'status': 'downloaded',
             'url': 'https://images.pexels.com/photos/12188432/pexels-photo-12188432.jpeg?auto=compress&cs=tinysrgb&dpr=2&h=650&w=940'}],
 'label': 'duck',
 'source_id': '12188432'}
2026-07-14 17:34:33 [scrapy.core.engine] DEBUG: Crawled (200) <GET https://images.pexels.com/photos/17863411/pexels-photo-17863411.jpeg?auto=compress&cs=tinysrgb&dpr=2&h=650&w=940> (referer: None)
2026-07-14 17:34:33 [scrapy.pipelines.files] DEBUG: File (downloaded): Downloaded file from <GET https://images.pexels.com/photos/17863411/pexels-photo-17863411.jpeg?auto=compress&cs=tinysrgb&dpr=2&h=650&w=940> referred in <None>
2026-07-14 17:34:33 [PIL.TiffImagePlugin] DEBUG: tag: Orientation (274) - type: short (3) - value: b'\x01\x00'
2026-07-14 17:34:33 [PIL.TiffImagePlugin] DEBUG: tag: XResolution (282) - type: rational (5) Tag Location: 34 - Data Location: 74 - value: b'H\x00\x00\x00\x01\x00\x00\x00'
2026-07-14 17:34:33 [PIL.TiffImagePlugin] DEBUG: tag: YResolution (283) - type: rational (5) Tag Location: 46 - Data Location: 82 - value: b'H\x00\x00\x00\x01\x00\x00\x00'
2026-07-14 17:34:33 [PIL.TiffImagePlugin] DEBUG: tag: ResolutionUnit (296) - type: short (3) - value: b'\x02\x00'
2026-07-14 17:34:33 [PIL.TiffImagePlugin] DEBUG: tag: ExifIFD (34665) - type: long (4) - value: b'Z\x00\x00\x00'
2026-07-14 17:34:33 [scrapy.core.scraper] DEBUG: Scraped from <200 https://api.pexels.com/v1/search?query=duck&per_page=80&page=1>
{'image_urls': ['https://images.pexels.com/photos/17863411/pexels-photo-17863411.jpeg?auto=compress&cs=tinysrgb&dpr=2&h=650&w=940'],
 'images': [{'checksum': '18561bbc45f4dc5bce7c77d0f242d096',
             'path': 'duck/8c187b355098098cd1cdfb242e9ec58387f68ae8.jpg',
             'status': 'downloaded',
             'url': 'https://images.pexels.com/photos/17863411/pexels-photo-17863411.jpeg?auto=compress&cs=tinysrgb&dpr=2&h=650&w=940'}],
 'label': 'duck',
 'source_id': '17863411'}
2026-07-14 17:34:33 [scrapy.core.engine] DEBUG: Crawled (200) <GET https://images.pexels.com/photos/7147240/pexels-photo-7147240.jpeg?auto=compress&cs=tinysrgb&dpr=2&h=650&w=940> (referer: None)
2026-07-14 17:34:33 [scrapy.pipelines.files] DEBUG: File (downloaded): Downloaded file from <GET https://images.pexels.com/photos/7147240/pexels-photo-7147240.jpeg?auto=compress&cs=tinysrgb&dpr=2&h=650&w=940> referred in <None>
2026-07-14 17:34:33 [PIL.TiffImagePlugin] DEBUG: tag: Orientation (274) - type: short (3) - value: b'\x01\x00'
2026-07-14 17:34:33 [PIL.TiffImagePlugin] DEBUG: tag: XResolution (282) - type: rational (5) Tag Location: 34 - Data Location: 598 - value: b'H\x00\x00\x00\x01\x00\x00\x00'
2026-07-14 17:34:33 [PIL.TiffImagePlugin] DEBUG: tag: YResolution (283) - type: rational (5) Tag Location: 46 - Data Location: 606 - value: b'H\x00\x00\x00\x01\x00\x00\x00'
2026-07-14 17:34:33 [PIL.TiffImagePlugin] DEBUG: tag: ResolutionUnit (296) - type: short (3) - value: b'\x02\x00'
2026-07-14 17:34:33 [PIL.TiffImagePlugin] DEBUG: tag: Copyright (33432) - type: string (2) Tag Location: 70 - Data Location: 86 - value: <table: 512 bytes>
2026-07-14 17:34:33 [PIL.TiffImagePlugin] DEBUG: tag: ExifIFD (34665) - type: long (4) - value: b'f\x02\x00\x00'
2026-07-14 17:34:33 [scrapy.core.scraper] DEBUG: Scraped from <200 https://api.pexels.com/v1/search?query=duck&per_page=80&page=1>
{'image_urls': ['https://images.pexels.com/photos/7147240/pexels-photo-7147240.jpeg?auto=compress&cs=tinysrgb&dpr=2&h=650&w=940'],
 'images': [{'checksum': '063f7b6790ba9033531a0e8069efebea',
             'path': 'duck/f58bc493537fbd5b1265c19d4337dbe2f1877b09.jpg',
             'status': 'downloaded',
             'url': 'https://images.pexels.com/photos/7147240/pexels-photo-7147240.jpeg?auto=compress&cs=tinysrgb&dpr=2&h=650&w=940'}],
 'label': 'duck',
 'source_id': '7147240'}
2026-07-14 17:34:33 [scrapy.core.engine] INFO: Closing spider (finished)
2026-07-14 17:34:33 [scrapy.statscollectors] INFO: Dumping Scrapy stats:
{'downloader/request_bytes': 105101,
 'downloader/request_count': 164,
 'downloader/request_method_count/GET': 164,
 'downloader/response_bytes': 32251282,
 'downloader/response_count': 164,
 'downloader/response_status_count/200': 161,
 'downloader/response_status_count/404': 2,
 'downloader/response_status_count/422': 1,
 'elapsed_time_seconds': 48.65599999999995,
 'file_count': 159,
 'file_status_count/downloaded': 159,
 'finish_reason': 'finished',
 'finish_time': datetime.datetime(2026, 7, 14, 15, 34, 33, 390098, tzinfo=datetime.timezone.utc),
 'httpcompression/response_bytes': 230074,
 'httpcompression/response_count': 2,
 'httperror/response_ignored_count': 2,
 'httperror/response_ignored_status_count/404': 2,
 'item_scraped_count': 160,
 'items_per_minute': 200.0,
 'log_count/DEBUG': 1368,
 'log_count/ERROR': 1,
 'log_count/INFO': 5,
 'log_count/WARNING': 2,
 'request_depth_max': 1,
 'response_received_count': 164,
 'responses_per_minute': 205.0,
 'scheduler/dequeued': 4,
 'scheduler/dequeued/memory': 4,
 'scheduler/enqueued': 4,
 'scheduler/enqueued/memory': 4,
 'start_time': datetime.datetime(2026, 7, 14, 15, 33, 44, 734242, tzinfo=datetime.timezone.utc)}
2026-07-14 17:34:33 [scrapy.core.engine] INFO: Spider closed (finished)
2026-07-14 17:35:15 [scrapy.utils.log] INFO: Scrapy 2.17.0 started (bot: duck_or_cat_scraper)
2026-07-14 17:35:15 [scrapy.utils.log] INFO: Versions:
{'lxml': '6.1.1',
 'libxml2': '2.11.9',
 'cssselect': '1.4.0',
 'parsel': '1.11.0',
 'w3lib': '2.4.1',
 'Twisted': '26.4.0',
 'Python': '3.12.0 (tags/v3.12.0:0fb18b0, Oct  2 2023, 13:03:39) [MSC v.1935 '
           '64 bit (AMD64)]',
 'pyOpenSSL': '26.3.0 (OpenSSL 4.0.1 9 Jun 2026)',
 'cryptography': '49.0.0',
 'Platform': 'Windows-11-10.0.26200-SP0'}
2026-07-14 17:35:15 [scrapy.crawler] DEBUG: Using AsyncCrawlerProcess
2026-07-14 17:35:15 [asyncio] DEBUG: Using selector: SelectSelector
2026-07-14 17:35:15 [scrapy.addons] INFO: Enabled addons:
[]
2026-07-14 17:35:15 [scrapy.utils.log] DEBUG: Using reactor: twisted.internet.asyncioreactor.AsyncioSelectorReactor
2026-07-14 17:35:15 [scrapy.utils.log] DEBUG: Using asyncio event loop: asyncio.windows_events._WindowsSelectorEventLoop
2026-07-14 17:35:15 [scrapy.extensions.telnet] INFO: Telnet Password: 0edec1b61c7e64a2
2026-07-14 17:35:15 [scrapy.middleware] INFO: Enabled extensions:
['scrapy.extensions.corestats.CoreStats',
 'scrapy.extensions.logcount.LogCount',
 'scrapy.extensions.telnet.TelnetConsole',
 'scrapy.extensions.logstats.LogStats']
2026-07-14 17:35:15 [scrapy.crawler] INFO: Overridden settings:
{'BOT_NAME': 'duck_or_cat_scraper',
 'CONCURRENT_REQUESTS': 8,
 'DOWNLOAD_DELAY': 0.25,
 'FEED_EXPORT_ENCODING': 'utf-8',
 'IMAGES_STORE': 'C:\\Dev\\duck-or-cat\\scraper\\duck_or_cat_scraper\\..\\..\\data\\raw',
 'LOG_FILE': 'scrapy.log',
 'LOG_LEVEL': 10,
 'NEWSPIDER_MODULE': 'duck_or_cat_scraper.spiders',
 'SPIDER_MODULES': ['duck_or_cat_scraper.spiders']}
2026-07-14 17:35:16 [scrapy.middleware] INFO: Enabled downloader middlewares:
['scrapy.downloadermiddlewares.offsite.OffsiteMiddleware',
 'scrapy.downloadermiddlewares.httpauth.HttpAuthMiddleware',
 'scrapy.downloadermiddlewares.downloadtimeout.DownloadTimeoutMiddleware',
 'scrapy.downloadermiddlewares.defaultheaders.DefaultHeadersMiddleware',
 'scrapy.downloadermiddlewares.useragent.UserAgentMiddleware',
 'scrapy.downloadermiddlewares.retry.RetryMiddleware',
 'scrapy.downloadermiddlewares.redirect.MetaRefreshMiddleware',
 'scrapy.downloadermiddlewares.httpcompression.HttpCompressionMiddleware',
 'scrapy.downloadermiddlewares.redirect.RedirectMiddleware',
 'scrapy.downloadermiddlewares.cookies.CookiesMiddleware',
 'scrapy.downloadermiddlewares.httpproxy.HttpProxyMiddleware',
 'scrapy.downloadermiddlewares.stats.DownloaderStats']
2026-07-14 17:35:16 [scrapy.middleware] INFO: Enabled spider middlewares:
['scrapy.spidermiddlewares.start.StartSpiderMiddleware',
 'scrapy.spidermiddlewares.httperror.HttpErrorMiddleware',
 'scrapy.spidermiddlewares.referer.RefererMiddleware',
 'scrapy.spidermiddlewares.urllength.UrlLengthMiddleware',
 'scrapy.spidermiddlewares.depth.DepthMiddleware']
2026-07-14 17:35:16 [scrapy.middleware] INFO: Enabled item pipelines:
['duck_or_cat_scraper.pipelines.DuckOrCatImagesPipeline']
2026-07-14 17:35:16 [scrapy.core.engine] INFO: Spider opened
2026-07-14 17:35:16 [scrapy.extensions.logstats] INFO: Crawled 0 pages (at 0 pages/min), scraped 0 items (at 0 items/min)
2026-07-14 17:35:16 [scrapy.extensions.telnet] INFO: Telnet console listening on 127.0.0.1:6023
2026-07-14 17:35:16 [scrapy.core.engine] DEBUG: Crawled (200) <GET https://api.pexels.com/v1/search?query=cat&per_page=80&page=1> (referer: None)
2026-07-14 17:35:16 [scrapy.pipelines.files] DEBUG: File (uptodate): Downloaded image from <GET https://images.pexels.com/photos/35224529/pexels-photo-35224529.jpeg?auto=compress&cs=tinysrgb&dpr=2&h=650&w=940> referred in <None>
2026-07-14 17:35:16 [scrapy.pipelines.files] DEBUG: File (uptodate): Downloaded image from <GET https://images.pexels.com/photos/32557420/pexels-photo-32557420.jpeg?auto=compress&cs=tinysrgb&dpr=2&h=650&w=940> referred in <None>
2026-07-14 17:35:16 [scrapy.pipelines.files] DEBUG: File (uptodate): Downloaded image from <GET https://images.pexels.com/photos/19511759/pexels-photo-19511759.jpeg?auto=compress&cs=tinysrgb&dpr=2&h=650&w=940> referred in <None>
2026-07-14 17:35:16 [scrapy.pipelines.files] DEBUG: File (uptodate): Downloaded image from <GET https://images.pexels.com/photos/37003918/pexels-photo-37003918.jpeg?auto=compress&cs=tinysrgb&dpr=2&h=650&w=940> referred in <None>
2026-07-14 17:35:16 [scrapy.pipelines.files] DEBUG: File (uptodate): Downloaded image from <GET https://images.pexels.com/photos/34345889/pexels-photo-34345889.jpeg?auto=compress&cs=tinysrgb&dpr=2&h=650&w=940> referred in <None>
2026-07-14 17:35:16 [scrapy.pipelines.files] DEBUG: File (uptodate): Downloaded image from <GET https://images.pexels.com/photos/29679393/pexels-photo-29679393.jpeg?auto=compress&cs=tinysrgb&dpr=2&h=650&w=940> referred in <None>
2026-07-14 17:35:16 [scrapy.pipelines.files] DEBUG: File (uptodate): Downloaded image from <GET https://images.pexels.com/photos/29020872/pexels-photo-29020872.jpeg?auto=compress&cs=tinysrgb&dpr=2&h=650&w=940> referred in <None>
2026-07-14 17:35:16 [scrapy.pipelines.files] DEBUG: File (uptodate): Downloaded image from <GET https://images.pexels.com/photos/16622819/pexels-photo-16622819.jpeg?auto=compress&cs=tinysrgb&dpr=2&h=650&w=940> referred in <None>
2026-07-14 17:35:16 [scrapy.pipelines.files] DEBUG: File (uptodate): Downloaded image from <GET https://images.pexels.com/photos/116835/pexels-photo-116835.jpeg?auto=compress&cs=tinysrgb&dpr=2&h=650&w=940> referred in <None>
2026-07-14 17:35:16 [scrapy.pipelines.files] DEBUG: File (uptodate): Downloaded image from <GET https://images.pexels.com/photos/32481757/pexels-photo-32481757.jpeg?auto=compress&cs=tinysrgb&dpr=2&h=650&w=940> referred in <None>
2026-07-14 17:35:16 [scrapy.pipelines.files] DEBUG: File (uptodate): Downloaded image from <GET https://images.pexels.com/photos/14178386/pexels-photo-14178386.jpeg?auto=compress&cs=tinysrgb&dpr=2&h=650&w=940> referred in <None>
2026-07-14 17:35:16 [scrapy.pipelines.files] DEBUG: File (uptodate): Downloaded image from <GET https://images.pexels.com/photos/36377413/pexels-photo-36377413.jpeg?auto=compress&cs=tinysrgb&dpr=2&h=650&w=940> referred in <None>
2026-07-14 17:35:16 [scrapy.pipelines.files] DEBUG: File (uptodate): Downloaded image from <GET https://images.pexels.com/photos/7171995/pexels-photo-7171995.jpeg?auto=compress&cs=tinysrgb&dpr=2&h=650&w=940> referred in <None>
2026-07-14 17:35:16 [scrapy.pipelines.files] DEBUG: File (uptodate): Downloaded image from <GET https://images.pexels.com/photos/34464846/pexels-photo-34464846.jpeg?auto=compress&cs=tinysrgb&dpr=2&h=650&w=940> referred in <None>
2026-07-14 17:35:16 [scrapy.pipelines.files] DEBUG: File (uptodate): Downloaded image from <GET https://images.pexels.com/photos/7516115/pexels-photo-7516115.jpeg?auto=compress&cs=tinysrgb&dpr=2&h=650&w=940> referred in <None>
2026-07-14 17:35:16 [scrapy.pipelines.files] DEBUG: File (uptodate): Downloaded image from <GET https://images.pexels.com/photos/35620586/pexels-photo-35620586.jpeg?auto=compress&cs=tinysrgb&dpr=2&h=650&w=940> referred in <None>
2026-07-14 17:35:16 [scrapy.pipelines.files] DEBUG: File (uptodate): Downloaded image from <GET https://images.pexels.com/photos/33212065/pexels-photo-33212065.jpeg?auto=compress&cs=tinysrgb&dpr=2&h=650&w=940> referred in <None>
2026-07-14 17:35:16 [scrapy.pipelines.files] DEBUG: File (uptodate): Downloaded image from <GET https://images.pexels.com/photos/28824163/pexels-photo-28824163.jpeg?auto=compress&cs=tinysrgb&dpr=2&h=650&w=940> referred in <None>
2026-07-14 17:35:16 [scrapy.pipelines.files] DEBUG: File (uptodate): Downloaded image from <GET https://images.pexels.com/photos/33585491/pexels-photo-33585491.jpeg?auto=compress&cs=tinysrgb&dpr=2&h=650&w=940> referred in <None>
2026-07-14 17:35:16 [scrapy.pipelines.files] DEBUG: File (uptodate): Downloaded image from <GET https://images.pexels.com/photos/6897077/pexels-photo-6897077.jpeg?auto=compress&cs=tinysrgb&dpr=2&h=650&w=940> referred in <None>
2026-07-14 17:35:16 [scrapy.pipelines.files] DEBUG: File (uptodate): Downloaded image from <GET https://images.pexels.com/photos/16222025/pexels-photo-16222025.jpeg?auto=compress&cs=tinysrgb&dpr=2&h=650&w=940> referred in <None>
2026-07-14 17:35:16 [scrapy.pipelines.files] DEBUG: File (uptodate): Downloaded image from <GET https://images.pexels.com/photos/15265098/pexels-photo-15265098.jpeg?auto=compress&cs=tinysrgb&dpr=2&h=650&w=940> referred in <None>
2026-07-14 17:35:16 [scrapy.pipelines.files] DEBUG: File (uptodate): Downloaded image from <GET https://images.pexels.com/photos/30818957/pexels-photo-30818957.jpeg?auto=compress&cs=tinysrgb&dpr=2&h=650&w=940> referred in <None>
2026-07-14 17:35:16 [scrapy.pipelines.files] DEBUG: File (uptodate): Downloaded image from <GET https://images.pexels.com/photos/11445088/pexels-photo-11445088.jpeg?auto=compress&cs=tinysrgb&dpr=2&h=650&w=940> referred in <None>
2026-07-14 17:35:16 [scrapy.pipelines.files] DEBUG: File (uptodate): Downloaded image from <GET https://images.pexels.com/photos/12544638/pexels-photo-12544638.png?auto=compress&cs=tinysrgb&dpr=2&h=650&w=940> referred in <None>
2026-07-14 17:35:16 [scrapy.pipelines.files] DEBUG: File (uptodate): Downloaded image from <GET https://images.pexels.com/photos/866496/pexels-photo-866496.jpeg?auto=compress&cs=tinysrgb&dpr=2&h=650&w=940> referred in <None>
2026-07-14 17:35:16 [scrapy.pipelines.files] DEBUG: File (uptodate): Downloaded image from <GET https://images.pexels.com/photos/10254185/pexels-photo-10254185.jpeg?auto=compress&cs=tinysrgb&dpr=2&h=650&w=940> referred in <None>
2026-07-14 17:35:16 [scrapy.pipelines.files] DEBUG: File (uptodate): Downloaded image from <GET https://images.pexels.com/photos/14178389/pexels-photo-14178389.jpeg?auto=compress&cs=tinysrgb&dpr=2&h=650&w=940> referred in <None>
2026-07-14 17:35:16 [scrapy.pipelines.files] DEBUG: File (uptodate): Downloaded image from <GET https://images.pexels.com/photos/37973521/pexels-photo-37973521.jpeg?auto=compress&cs=tinysrgb&dpr=2&h=650&w=940> referred in <None>
2026-07-14 17:35:16 [scrapy.pipelines.files] DEBUG: File (uptodate): Downloaded image from <GET https://images.pexels.com/photos/29196411/pexels-photo-29196411.jpeg?auto=compress&cs=tinysrgb&dpr=2&h=650&w=940> referred in <None>
2026-07-14 17:35:16 [scrapy.pipelines.files] DEBUG: File (uptodate): Downloaded image from <GET https://images.pexels.com/photos/37667519/pexels-photo-37667519.jpeg?auto=compress&cs=tinysrgb&dpr=2&h=650&w=940> referred in <None>
2026-07-14 17:35:16 [scrapy.pipelines.files] DEBUG: File (uptodate): Downloaded image from <GET https://images.pexels.com/photos/1754986/pexels-photo-1754986.jpeg?auto=compress&cs=tinysrgb&dpr=2&h=650&w=940> referred in <None>
2026-07-14 17:35:16 [scrapy.pipelines.files] DEBUG: File (uptodate): Downloaded image from <GET https://images.pexels.com/photos/7211205/pexels-photo-7211205.jpeg?auto=compress&cs=tinysrgb&dpr=2&h=650&w=940> referred in <None>
2026-07-14 17:35:16 [scrapy.pipelines.files] DEBUG: File (uptodate): Downloaded image from <GET https://images.pexels.com/photos/30002393/pexels-photo-30002393.jpeg?auto=compress&cs=tinysrgb&dpr=2&h=650&w=940> referred in <None>
2026-07-14 17:35:16 [scrapy.pipelines.files] DEBUG: File (uptodate): Downloaded image from <GET https://images.pexels.com/photos/35409277/pexels-photo-35409277.jpeg?auto=compress&cs=tinysrgb&dpr=2&h=650&w=940> referred in <None>
2026-07-14 17:35:16 [scrapy.pipelines.files] DEBUG: File (uptodate): Downloaded image from <GET https://images.pexels.com/photos/38151502/pexels-photo-38151502.jpeg?auto=compress&cs=tinysrgb&dpr=2&h=650&w=940> referred in <None>
2026-07-14 17:35:16 [scrapy.pipelines.files] DEBUG: File (uptodate): Downloaded image from <GET https://images.pexels.com/photos/30002394/pexels-photo-30002394.jpeg?auto=compress&cs=tinysrgb&dpr=2&h=650&w=940> referred in <None>
2026-07-14 17:35:16 [scrapy.pipelines.files] DEBUG: File (uptodate): Downloaded image from <GET https://images.pexels.com/photos/11577770/pexels-photo-11577770.jpeg?auto=compress&cs=tinysrgb&dpr=2&h=650&w=940> referred in <None>
2026-07-14 17:35:16 [scrapy.pipelines.files] DEBUG: File (uptodate): Downloaded image from <GET https://images.pexels.com/photos/6001401/pexels-photo-6001401.jpeg?auto=compress&cs=tinysrgb&dpr=2&h=650&w=940> referred in <None>
2026-07-14 17:35:16 [scrapy.pipelines.files] DEBUG: File (uptodate): Downloaded image from <GET https://images.pexels.com/photos/32837319/pexels-photo-32837319.jpeg?auto=compress&cs=tinysrgb&dpr=2&h=650&w=940> referred in <None>
2026-07-14 17:35:16 [scrapy.pipelines.files] DEBUG: File (uptodate): Downloaded image from <GET https://images.pexels.com/photos/33585487/pexels-photo-33585487.jpeg?auto=compress&cs=tinysrgb&dpr=2&h=650&w=940> referred in <None>
2026-07-14 17:35:16 [scrapy.pipelines.files] DEBUG: File (uptodate): Downloaded image from <GET https://images.pexels.com/photos/30002390/pexels-photo-30002390.jpeg?auto=compress&cs=tinysrgb&dpr=2&h=650&w=940> referred in <None>
2026-07-14 17:35:16 [scrapy.pipelines.files] DEBUG: File (uptodate): Downloaded image from <GET https://images.pexels.com/photos/30374843/pexels-photo-30374843.jpeg?auto=compress&cs=tinysrgb&dpr=2&h=650&w=940> referred in <None>
2026-07-14 17:35:16 [scrapy.pipelines.files] DEBUG: File (uptodate): Downloaded image from <GET https://images.pexels.com/photos/680994/pexels-photo-680994.jpeg?auto=compress&cs=tinysrgb&dpr=2&h=650&w=940> referred in <None>
2026-07-14 17:35:16 [scrapy.pipelines.files] DEBUG: File (uptodate): Downloaded image from <GET https://images.pexels.com/photos/13081375/pexels-photo-13081375.jpeg?auto=compress&cs=tinysrgb&dpr=2&h=650&w=940> referred in <None>
2026-07-14 17:35:16 [scrapy.pipelines.files] DEBUG: File (uptodate): Downloaded image from <GET https://images.pexels.com/photos/35569231/pexels-photo-35569231.jpeg?auto=compress&cs=tinysrgb&dpr=2&h=650&w=940> referred in <None>
2026-07-14 17:35:16 [scrapy.pipelines.files] DEBUG: File (uptodate): Downloaded image from <GET https://images.pexels.com/photos/20419763/pexels-photo-20419763.jpeg?auto=compress&cs=tinysrgb&dpr=2&h=650&w=940> referred in <None>
2026-07-14 17:35:16 [scrapy.pipelines.files] DEBUG: File (uptodate): Downloaded image from <GET https://images.pexels.com/photos/31467115/pexels-photo-31467115.jpeg?auto=compress&cs=tinysrgb&dpr=2&h=650&w=940> referred in <None>
2026-07-14 17:35:16 [scrapy.pipelines.files] DEBUG: File (uptodate): Downloaded image from <GET https://images.pexels.com/photos/36937387/pexels-photo-36937387.jpeg?auto=compress&cs=tinysrgb&dpr=2&h=650&w=940> referred in <None>
2026-07-14 17:35:16 [scrapy.pipelines.files] DEBUG: File (uptodate): Downloaded image from <GET https://images.pexels.com/photos/8942609/pexels-photo-8942609.jpeg?auto=compress&cs=tinysrgb&dpr=2&h=650&w=940> referred in <None>
2026-07-14 17:35:16 [scrapy.pipelines.files] DEBUG: File (uptodate): Downloaded image from <GET https://images.pexels.com/photos/18693415/pexels-photo-18693415.jpeg?auto=compress&cs=tinysrgb&dpr=2&h=650&w=940> referred in <None>
2026-07-14 17:35:16 [scrapy.pipelines.files] DEBUG: File (uptodate): Downloaded image from <GET https://images.pexels.com/photos/32727347/pexels-photo-32727347.jpeg?auto=compress&cs=tinysrgb&dpr=2&h=650&w=940> referred in <None>
2026-07-14 17:35:16 [scrapy.pipelines.files] DEBUG: File (uptodate): Downloaded image from <GET https://images.pexels.com/photos/10254198/pexels-photo-10254198.jpeg?auto=compress&cs=tinysrgb&dpr=2&h=650&w=940> referred in <None>
2026-07-14 17:35:16 [scrapy.pipelines.files] DEBUG: File (uptodate): Downloaded image from <GET https://images.pexels.com/photos/6964449/pexels-photo-6964449.jpeg?auto=compress&cs=tinysrgb&dpr=2&h=650&w=940> referred in <None>
2026-07-14 17:35:16 [scrapy.pipelines.files] DEBUG: File (uptodate): Downloaded image from <GET https://images.pexels.com/photos/8867046/pexels-photo-8867046.jpeg?auto=compress&cs=tinysrgb&dpr=2&h=650&w=940> referred in <None>
2026-07-14 17:35:16 [scrapy.pipelines.files] DEBUG: File (uptodate): Downloaded image from <GET https://images.pexels.com/photos/11187356/pexels-photo-11187356.jpeg?auto=compress&cs=tinysrgb&dpr=2&h=650&w=940> referred in <None>
2026-07-14 17:35:16 [scrapy.pipelines.files] DEBUG: File (uptodate): Downloaded image from <GET https://images.pexels.com/photos/27153320/pexels-photo-27153320.jpeg?auto=compress&cs=tinysrgb&dpr=2&h=650&w=940> referred in <None>
2026-07-14 17:35:16 [scrapy.pipelines.files] DEBUG: File (uptodate): Downloaded image from <GET https://images.pexels.com/photos/10366049/pexels-photo-10366049.jpeg?auto=compress&cs=tinysrgb&dpr=2&h=650&w=940> referred in <None>
2026-07-14 17:35:16 [scrapy.pipelines.files] DEBUG: File (uptodate): Downloaded image from <GET https://images.pexels.com/photos/28321203/pexels-photo-28321203.jpeg?auto=compress&cs=tinysrgb&dpr=2&h=650&w=940> referred in <None>
2026-07-14 17:35:16 [scrapy.pipelines.files] DEBUG: File (uptodate): Downloaded image from <GET https://images.pexels.com/photos/4097049/pexels-photo-4097049.jpeg?auto=compress&cs=tinysrgb&dpr=2&h=650&w=940> referred in <None>
2026-07-14 17:35:16 [scrapy.pipelines.files] DEBUG: File (uptodate): Downloaded image from <GET https://images.pexels.com/photos/32119894/pexels-photo-32119894.jpeg?auto=compress&cs=tinysrgb&dpr=2&h=650&w=940> referred in <None>
2026-07-14 17:35:16 [scrapy.pipelines.files] DEBUG: File (uptodate): Downloaded image from <GET https://images.pexels.com/photos/20338832/pexels-photo-20338832.jpeg?auto=compress&cs=tinysrgb&dpr=2&h=650&w=940> referred in <None>
2026-07-14 17:35:16 [scrapy.pipelines.files] DEBUG: File (uptodate): Downloaded image from <GET https://images.pexels.com/photos/14572715/pexels-photo-14572715.jpeg?auto=compress&cs=tinysrgb&dpr=2&h=650&w=940> referred in <None>
2026-07-14 17:35:16 [scrapy.pipelines.files] DEBUG: File (uptodate): Downloaded image from <GET https://images.pexels.com/photos/4734723/pexels-photo-4734723.jpeg?auto=compress&cs=tinysrgb&dpr=2&h=650&w=940> referred in <None>
2026-07-14 17:35:16 [scrapy.pipelines.files] DEBUG: File (uptodate): Downloaded image from <GET https://images.pexels.com/photos/16476075/pexels-photo-16476075.jpeg?auto=compress&cs=tinysrgb&dpr=2&h=650&w=940> referred in <None>
2026-07-14 17:35:16 [scrapy.pipelines.files] DEBUG: File (uptodate): Downloaded image from <GET https://images.pexels.com/photos/30002405/pexels-photo-30002405.jpeg?auto=compress&cs=tinysrgb&dpr=2&h=650&w=940> referred in <None>
2026-07-14 17:35:16 [scrapy.pipelines.files] DEBUG: File (uptodate): Downloaded image from <GET https://images.pexels.com/photos/33585484/pexels-photo-33585484.jpeg?auto=compress&cs=tinysrgb&dpr=2&h=650&w=940> referred in <None>
2026-07-14 17:35:16 [scrapy.pipelines.files] DEBUG: File (uptodate): Downloaded image from <GET https://images.pexels.com/photos/4961908/pexels-photo-4961908.jpeg?auto=compress&cs=tinysrgb&dpr=2&h=650&w=940> referred in <None>
2026-07-14 17:35:16 [scrapy.pipelines.files] DEBUG: File (uptodate): Downloaded image from <GET https://images.pexels.com/photos/755834/pexels-photo-755834.jpeg?auto=compress&cs=tinysrgb&dpr=2&h=650&w=940> referred in <None>
2026-07-14 17:35:16 [scrapy.pipelines.files] DEBUG: File (uptodate): Downloaded image from <GET https://images.pexels.com/photos/11238585/pexels-photo-11238585.jpeg?auto=compress&cs=tinysrgb&dpr=2&h=650&w=940> referred in <None>
2026-07-14 17:35:16 [scrapy.pipelines.files] DEBUG: File (uptodate): Downloaded image from <GET https://images.pexels.com/photos/33585483/pexels-photo-33585483.jpeg?auto=compress&cs=tinysrgb&dpr=2&h=650&w=940> referred in <None>
2026-07-14 17:35:16 [scrapy.pipelines.files] DEBUG: File (uptodate): Downloaded image from <GET https://images.pexels.com/photos/1327888/pexels-photo-1327888.jpeg?auto=compress&cs=tinysrgb&dpr=2&h=650&w=940> referred in <None>
2026-07-14 17:35:16 [scrapy.pipelines.files] DEBUG: File (uptodate): Downloaded image from <GET https://images.pexels.com/photos/32727348/pexels-photo-32727348.jpeg?auto=compress&cs=tinysrgb&dpr=2&h=650&w=940> referred in <None>
2026-07-14 17:35:16 [scrapy.pipelines.files] DEBUG: File (uptodate): Downloaded image from <GET https://images.pexels.com/photos/27638232/pexels-photo-27638232.jpeg?auto=compress&cs=tinysrgb&dpr=2&h=650&w=940> referred in <None>
2026-07-14 17:35:16 [scrapy.pipelines.files] DEBUG: File (uptodate): Downloaded image from <GET https://images.pexels.com/photos/7790029/pexels-photo-7790029.jpeg?auto=compress&cs=tinysrgb&dpr=2&h=650&w=940> referred in <None>
2026-07-14 17:35:16 [scrapy.pipelines.files] DEBUG: File (uptodate): Downloaded image from <GET https://images.pexels.com/photos/762986/pexels-photo-762986.jpeg?auto=compress&cs=tinysrgb&dpr=2&h=650&w=940> referred in <None>
2026-07-14 17:35:16 [scrapy.pipelines.files] DEBUG: File (uptodate): Downloaded image from <GET https://images.pexels.com/photos/16412582/pexels-photo-16412582.jpeg?auto=compress&cs=tinysrgb&dpr=2&h=650&w=940> referred in <None>
2026-07-14 17:35:16 [scrapy.pipelines.files] DEBUG: File (uptodate): Downloaded image from <GET https://images.pexels.com/photos/9709428/pexels-photo-9709428.jpeg?auto=compress&cs=tinysrgb&dpr=2&h=650&w=940> referred in <None>
2026-07-14 17:35:17 [scrapy.pipelines.files] DEBUG: File (uptodate): Downloaded image from <GET https://images.pexels.com/photos/32727346/pexels-photo-32727346.jpeg?auto=compress&cs=tinysrgb&dpr=2&h=650&w=940> referred in <None>
2026-07-14 17:35:17 [scrapy.pipelines.files] DEBUG: File (uptodate): Downloaded image from <GET https://images.pexels.com/photos/30239303/pexels-photo-30239303.jpeg?auto=compress&cs=tinysrgb&dpr=2&h=650&w=940> referred in <None>
2026-07-14 17:35:17 [scrapy.core.scraper] DEBUG: Scraped from <200 https://api.pexels.com/v1/search?query=cat&per_page=80&page=1>
{'image_urls': ['https://images.pexels.com/photos/35224529/pexels-photo-35224529.jpeg?auto=compress&cs=tinysrgb&dpr=2&h=650&w=940'],
 'images': [{'checksum': '3057f8a9678968617383f628f38d3499',
             'path': 'cat/c0212e00c0782bae7ff2bec9ef09aa1d0c244005.jpg',
             'status': 'uptodate',
             'url': 'https://images.pexels.com/photos/35224529/pexels-photo-35224529.jpeg?auto=compress&cs=tinysrgb&dpr=2&h=650&w=940'}],
 'label': 'cat',
 'source_id': '35224529'}
2026-07-14 17:35:17 [scrapy.core.scraper] DEBUG: Scraped from <200 https://api.pexels.com/v1/search?query=cat&per_page=80&page=1>
{'image_urls': ['https://images.pexels.com/photos/32557420/pexels-photo-32557420.jpeg?auto=compress&cs=tinysrgb&dpr=2&h=650&w=940'],
 'images': [{'checksum': '1785556cd9f8365c81b7d8674dc1ed55',
             'path': 'cat/2a9274866a9485d0ced1b01d1c7046b4b1f87fde.jpg',
             'status': 'uptodate',
             'url': 'https://images.pexels.com/photos/32557420/pexels-photo-32557420.jpeg?auto=compress&cs=tinysrgb&dpr=2&h=650&w=940'}],
 'label': 'cat',
 'source_id': '32557420'}
2026-07-14 17:35:17 [scrapy.core.scraper] DEBUG: Scraped from <200 https://api.pexels.com/v1/search?query=cat&per_page=80&page=1>
{'image_urls': ['https://images.pexels.com/photos/19511759/pexels-photo-19511759.jpeg?auto=compress&cs=tinysrgb&dpr=2&h=650&w=940'],
 'images': [{'checksum': 'fc712f1d4bd8005c6cf3d32fb9f79c66',
             'path': 'cat/f151497430ba2b7b24610e9dce46bc0df5cecf5a.jpg',
             'status': 'uptodate',
             'url': 'https://images.pexels.com/photos/19511759/pexels-photo-19511759.jpeg?auto=compress&cs=tinysrgb&dpr=2&h=650&w=940'}],
 'label': 'cat',
 'source_id': '19511759'}
2026-07-14 17:35:17 [scrapy.core.scraper] DEBUG: Scraped from <200 https://api.pexels.com/v1/search?query=cat&per_page=80&page=1>
{'image_urls': ['https://images.pexels.com/photos/37003918/pexels-photo-37003918.jpeg?auto=compress&cs=tinysrgb&dpr=2&h=650&w=940'],
 'images': [{'checksum': 'de4ac8d5441f8c069fa122b3651f3ce0',
             'path': 'cat/4849c408e8c99c74c684c0676b247080aa5621a0.jpg',
             'status': 'uptodate',
             'url': 'https://images.pexels.com/photos/37003918/pexels-photo-37003918.jpeg?auto=compress&cs=tinysrgb&dpr=2&h=650&w=940'}],
 'label': 'cat',
 'source_id': '37003918'}
2026-07-14 17:35:17 [scrapy.core.scraper] DEBUG: Scraped from <200 https://api.pexels.com/v1/search?query=cat&per_page=80&page=1>
{'image_urls': ['https://images.pexels.com/photos/29679393/pexels-photo-29679393.jpeg?auto=compress&cs=tinysrgb&dpr=2&h=650&w=940'],
 'images': [{'checksum': '75c69ee51843fe1d985599b6c14436c9',
             'path': 'cat/7cb7445523ce5040581449172ff3488afc824453.jpg',
             'status': 'uptodate',
             'url': 'https://images.pexels.com/photos/29679393/pexels-photo-29679393.jpeg?auto=compress&cs=tinysrgb&dpr=2&h=650&w=940'}],
 'label': 'cat',
 'source_id': '29679393'}
2026-07-14 17:35:17 [scrapy.core.scraper] DEBUG: Scraped from <200 https://api.pexels.com/v1/search?query=cat&per_page=80&page=1>
{'image_urls': ['https://images.pexels.com/photos/34345889/pexels-photo-34345889.jpeg?auto=compress&cs=tinysrgb&dpr=2&h=650&w=940'],
 'images': [{'checksum': '9fa0ff04d3baf2d0413f6cae4ab79c70',
             'path': 'cat/36456589ce77b1b93c75205c9c8a88a3851f882d.jpg',
             'status': 'uptodate',
             'url': 'https://images.pexels.com/photos/34345889/pexels-photo-34345889.jpeg?auto=compress&cs=tinysrgb&dpr=2&h=650&w=940'}],
 'label': 'cat',
 'source_id': '34345889'}
2026-07-14 17:35:17 [scrapy.core.scraper] DEBUG: Scraped from <200 https://api.pexels.com/v1/search?query=cat&per_page=80&page=1>
{'image_urls': ['https://images.pexels.com/photos/16622819/pexels-photo-16622819.jpeg?auto=compress&cs=tinysrgb&dpr=2&h=650&w=940'],
 'images': [{'checksum': '2e491512682d69e56e2a03b3cec0c470',
             'path': 'cat/fc4e44a3bb414de75bfad33035f7aa3f11e55777.jpg',
             'status': 'uptodate',
             'url': 'https://images.pexels.com/photos/16622819/pexels-photo-16622819.jpeg?auto=compress&cs=tinysrgb&dpr=2&h=650&w=940'}],
 'label': 'cat',
 'source_id': '16622819'}
2026-07-14 17:35:17 [scrapy.core.scraper] DEBUG: Scraped from <200 https://api.pexels.com/v1/search?query=cat&per_page=80&page=1>
{'image_urls': ['https://images.pexels.com/photos/29020872/pexels-photo-29020872.jpeg?auto=compress&cs=tinysrgb&dpr=2&h=650&w=940'],
 'images': [{'checksum': '8739b7b204bb3800cb6abf95bef30e61',
             'path': 'cat/b4c9d918541f110f42b645ff2e091e961af0a932.jpg',
             'status': 'uptodate',
             'url': 'https://images.pexels.com/photos/29020872/pexels-photo-29020872.jpeg?auto=compress&cs=tinysrgb&dpr=2&h=650&w=940'}],
 'label': 'cat',
 'source_id': '29020872'}
2026-07-14 17:35:17 [scrapy.core.scraper] DEBUG: Scraped from <200 https://api.pexels.com/v1/search?query=cat&per_page=80&page=1>
{'image_urls': ['https://images.pexels.com/photos/116835/pexels-photo-116835.jpeg?auto=compress&cs=tinysrgb&dpr=2&h=650&w=940'],
 'images': [{'checksum': '70626ecab813fa26a1d4a5af1e86a715',
             'path': 'cat/d2482db4ebf347f66e460acff6c42241f2d5f3e6.jpg',
             'status': 'uptodate',
             'url': 'https://images.pexels.com/photos/116835/pexels-photo-116835.jpeg?auto=compress&cs=tinysrgb&dpr=2&h=650&w=940'}],
 'label': 'cat',
 'source_id': '116835'}
2026-07-14 17:35:17 [scrapy.core.scraper] DEBUG: Scraped from <200 https://api.pexels.com/v1/search?query=cat&per_page=80&page=1>
{'image_urls': ['https://images.pexels.com/photos/32481757/pexels-photo-32481757.jpeg?auto=compress&cs=tinysrgb&dpr=2&h=650&w=940'],
 'images': [{'checksum': '56ff41daad3cf32ba6d29a79950e40ed',
             'path': 'cat/dacc0a509742311d4386d59e6acc68b8e2f04d5e.jpg',
             'status': 'uptodate',
             'url': 'https://images.pexels.com/photos/32481757/pexels-photo-32481757.jpeg?auto=compress&cs=tinysrgb&dpr=2&h=650&w=940'}],
 'label': 'cat',
 'source_id': '32481757'}
2026-07-14 17:35:17 [scrapy.core.scraper] DEBUG: Scraped from <200 https://api.pexels.com/v1/search?query=cat&per_page=80&page=1>
{'image_urls': ['https://images.pexels.com/photos/36377413/pexels-photo-36377413.jpeg?auto=compress&cs=tinysrgb&dpr=2&h=650&w=940'],
 'images': [{'checksum': 'be8bafddb19921b1b24158f7c5e06a0c',
             'path': 'cat/62cda930bc32755258f9ef97e8a458585eb45a9f.jpg',
             'status': 'uptodate',
             'url': 'https://images.pexels.com/photos/36377413/pexels-photo-36377413.jpeg?auto=compress&cs=tinysrgb&dpr=2&h=650&w=940'}],
 'label': 'cat',
 'source_id': '36377413'}
2026-07-14 17:35:17 [scrapy.core.scraper] DEBUG: Scraped from <200 https://api.pexels.com/v1/search?query=cat&per_page=80&page=1>
{'image_urls': ['https://images.pexels.com/photos/14178386/pexels-photo-14178386.jpeg?auto=compress&cs=tinysrgb&dpr=2&h=650&w=940'],
 'images': [{'checksum': '72e189603a724a1c044bf71dcbf071d0',
             'path': 'cat/5cc119e79a5cbc7a11748469cefcdb55fa9d0442.jpg',
             'status': 'uptodate',
             'url': 'https://images.pexels.com/photos/14178386/pexels-photo-14178386.jpeg?auto=compress&cs=tinysrgb&dpr=2&h=650&w=940'}],
 'label': 'cat',
 'source_id': '14178386'}
2026-07-14 17:35:17 [scrapy.core.scraper] DEBUG: Scraped from <200 https://api.pexels.com/v1/search?query=cat&per_page=80&page=1>
{'image_urls': ['https://images.pexels.com/photos/34464846/pexels-photo-34464846.jpeg?auto=compress&cs=tinysrgb&dpr=2&h=650&w=940'],
 'images': [{'checksum': '1455c0be68d2934b384637e3f1dab699',
             'path': 'cat/65850e2702fe673f38efe65753e92933f11e8a7c.jpg',
             'status': 'uptodate',
             'url': 'https://images.pexels.com/photos/34464846/pexels-photo-34464846.jpeg?auto=compress&cs=tinysrgb&dpr=2&h=650&w=940'}],
 'label': 'cat',
 'source_id': '34464846'}
2026-07-14 17:35:17 [scrapy.core.scraper] DEBUG: Scraped from <200 https://api.pexels.com/v1/search?query=cat&per_page=80&page=1>
{'image_urls': ['https://images.pexels.com/photos/7171995/pexels-photo-7171995.jpeg?auto=compress&cs=tinysrgb&dpr=2&h=650&w=940'],
 'images': [{'checksum': '640461cacddfdf48dadf2a3bbcb7f2c5',
             'path': 'cat/f21120e87c8be26a73c9dfe33bbe19715768f412.jpg',
             'status': 'uptodate',
             'url': 'https://images.pexels.com/photos/7171995/pexels-photo-7171995.jpeg?auto=compress&cs=tinysrgb&dpr=2&h=650&w=940'}],
 'label': 'cat',
 'source_id': '7171995'}
2026-07-14 17:35:17 [scrapy.core.scraper] DEBUG: Scraped from <200 https://api.pexels.com/v1/search?query=cat&per_page=80&page=1>
{'image_urls': ['https://images.pexels.com/photos/7516115/pexels-photo-7516115.jpeg?auto=compress&cs=tinysrgb&dpr=2&h=650&w=940'],
 'images': [{'checksum': '301c69a97e05989bc29df3be52b244d2',
             'path': 'cat/718495d73ed3cd6a0dcaf6228564ca5516225f0b.jpg',
             'status': 'uptodate',
             'url': 'https://images.pexels.com/photos/7516115/pexels-photo-7516115.jpeg?auto=compress&cs=tinysrgb&dpr=2&h=650&w=940'}],
 'label': 'cat',
 'source_id': '7516115'}
2026-07-14 17:35:17 [scrapy.core.scraper] DEBUG: Scraped from <200 https://api.pexels.com/v1/search?query=cat&per_page=80&page=1>
{'image_urls': ['https://images.pexels.com/photos/33212065/pexels-photo-33212065.jpeg?auto=compress&cs=tinysrgb&dpr=2&h=650&w=940'],
 'images': [{'checksum': '2c5edcd1e77258c61a2cf941166b6814',
             'path': 'cat/b611cb2fcbeea4f1a3eb8647ccca0058d27cfc4c.jpg',
             'status': 'uptodate',
             'url': 'https://images.pexels.com/photos/33212065/pexels-photo-33212065.jpeg?auto=compress&cs=tinysrgb&dpr=2&h=650&w=940'}],
 'label': 'cat',
 'source_id': '33212065'}
2026-07-14 17:35:17 [scrapy.core.scraper] DEBUG: Scraped from <200 https://api.pexels.com/v1/search?query=cat&per_page=80&page=1>
{'image_urls': ['https://images.pexels.com/photos/35620586/pexels-photo-35620586.jpeg?auto=compress&cs=tinysrgb&dpr=2&h=650&w=940'],
 'images': [{'checksum': '5e88313c5735c4c0588b6df71ad16c5f',
             'path': 'cat/531de5f5a130a6391215896a66e9bf46d96d92c4.jpg',
             'status': 'uptodate',
             'url': 'https://images.pexels.com/photos/35620586/pexels-photo-35620586.jpeg?auto=compress&cs=tinysrgb&dpr=2&h=650&w=940'}],
 'label': 'cat',
 'source_id': '35620586'}
2026-07-14 17:35:17 [scrapy.core.scraper] DEBUG: Scraped from <200 https://api.pexels.com/v1/search?query=cat&per_page=80&page=1>
{'image_urls': ['https://images.pexels.com/photos/28824163/pexels-photo-28824163.jpeg?auto=compress&cs=tinysrgb&dpr=2&h=650&w=940'],
 'images': [{'checksum': 'ed4e56336d02d90a086625902b39811e',
             'path': 'cat/0fc7cd1852cd6976b2d56f304e312d423a6be46f.jpg',
             'status': 'uptodate',
             'url': 'https://images.pexels.com/photos/28824163/pexels-photo-28824163.jpeg?auto=compress&cs=tinysrgb&dpr=2&h=650&w=940'}],
 'label': 'cat',
 'source_id': '28824163'}
2026-07-14 17:35:17 [scrapy.core.scraper] DEBUG: Scraped from <200 https://api.pexels.com/v1/search?query=cat&per_page=80&page=1>
{'image_urls': ['https://images.pexels.com/photos/33585491/pexels-photo-33585491.jpeg?auto=compress&cs=tinysrgb&dpr=2&h=650&w=940'],
 'images': [{'checksum': '354f20ea66ffaf5a32edda70f0a3f1e5',
             'path': 'cat/0cd027f81da9f15ae7d033731e2f209a6dbc52da.jpg',
             'status': 'uptodate',
             'url': 'https://images.pexels.com/photos/33585491/pexels-photo-33585491.jpeg?auto=compress&cs=tinysrgb&dpr=2&h=650&w=940'}],
 'label': 'cat',
 'source_id': '33585491'}
2026-07-14 17:35:17 [scrapy.core.scraper] DEBUG: Scraped from <200 https://api.pexels.com/v1/search?query=cat&per_page=80&page=1>
{'image_urls': ['https://images.pexels.com/photos/16222025/pexels-photo-16222025.jpeg?auto=compress&cs=tinysrgb&dpr=2&h=650&w=940'],
 'images': [{'checksum': '9a8b09a334ef97c066da84eb24dbed49',
             'path': 'cat/e2c5ae6e4ae1a98be0b272cfc234d556be341015.jpg',
             'status': 'uptodate',
             'url': 'https://images.pexels.com/photos/16222025/pexels-photo-16222025.jpeg?auto=compress&cs=tinysrgb&dpr=2&h=650&w=940'}],
 'label': 'cat',
 'source_id': '16222025'}
2026-07-14 17:35:17 [scrapy.core.scraper] DEBUG: Scraped from <200 https://api.pexels.com/v1/search?query=cat&per_page=80&page=1>
{'image_urls': ['https://images.pexels.com/photos/6897077/pexels-photo-6897077.jpeg?auto=compress&cs=tinysrgb&dpr=2&h=650&w=940'],
 'images': [{'checksum': 'd6ea56f988f30b5be094687f3bc6a967',
             'path': 'cat/c02c14974c08a6468cc9d58748591f790669861a.jpg',
             'status': 'uptodate',
             'url': 'https://images.pexels.com/photos/6897077/pexels-photo-6897077.jpeg?auto=compress&cs=tinysrgb&dpr=2&h=650&w=940'}],
 'label': 'cat',
 'source_id': '6897077'}
2026-07-14 17:35:17 [scrapy.core.scraper] DEBUG: Scraped from <200 https://api.pexels.com/v1/search?query=cat&per_page=80&page=1>
{'image_urls': ['https://images.pexels.com/photos/30818957/pexels-photo-30818957.jpeg?auto=compress&cs=tinysrgb&dpr=2&h=650&w=940'],
 'images': [{'checksum': '5bd7ca142c003999ab8232a781269715',
             'path': 'cat/2c32b63a7c4b3cc1dbe5c13c7053bb2d7152bc42.jpg',
             'status': 'uptodate',
             'url': 'https://images.pexels.com/photos/30818957/pexels-photo-30818957.jpeg?auto=compress&cs=tinysrgb&dpr=2&h=650&w=940'}],
 'label': 'cat',
 'source_id': '30818957'}
2026-07-14 17:35:17 [scrapy.core.scraper] DEBUG: Scraped from <200 https://api.pexels.com/v1/search?query=cat&per_page=80&page=1>
{'image_urls': ['https://images.pexels.com/photos/15265098/pexels-photo-15265098.jpeg?auto=compress&cs=tinysrgb&dpr=2&h=650&w=940'],
 'images': [{'checksum': '0cc5b1f8e79a9f684525efa03f2065cf',
             'path': 'cat/ee9c15815f2db05b6f2615fc6c7d49c5bb6c45fa.jpg',
             'status': 'uptodate',
             'url': 'https://images.pexels.com/photos/15265098/pexels-photo-15265098.jpeg?auto=compress&cs=tinysrgb&dpr=2&h=650&w=940'}],
 'label': 'cat',
 'source_id': '15265098'}
2026-07-14 17:35:17 [scrapy.core.scraper] DEBUG: Scraped from <200 https://api.pexels.com/v1/search?query=cat&per_page=80&page=1>
{'image_urls': ['https://images.pexels.com/photos/12544638/pexels-photo-12544638.png?auto=compress&cs=tinysrgb&dpr=2&h=650&w=940'],
 'images': [{'checksum': '8cad55f9a765a5a9dc88d53d5cdd2146',
             'path': 'cat/853675a46dc30ce2dd0330ddefa9c7fd07e77413.jpg',
             'status': 'uptodate',
             'url': 'https://images.pexels.com/photos/12544638/pexels-photo-12544638.png?auto=compress&cs=tinysrgb&dpr=2&h=650&w=940'}],
 'label': 'cat',
 'source_id': '12544638'}
2026-07-14 17:35:17 [scrapy.core.scraper] DEBUG: Scraped from <200 https://api.pexels.com/v1/search?query=cat&per_page=80&page=1>
{'image_urls': ['https://images.pexels.com/photos/11445088/pexels-photo-11445088.jpeg?auto=compress&cs=tinysrgb&dpr=2&h=650&w=940'],
 'images': [{'checksum': '1162811083aa8b1d5c08019c30791f6c',
             'path': 'cat/d56ba55a0ecc2202bb39c0af23d149a631f4aef8.jpg',
             'status': 'uptodate',
             'url': 'https://images.pexels.com/photos/11445088/pexels-photo-11445088.jpeg?auto=compress&cs=tinysrgb&dpr=2&h=650&w=940'}],
 'label': 'cat',
 'source_id': '11445088'}
2026-07-14 17:35:17 [scrapy.core.scraper] DEBUG: Scraped from <200 https://api.pexels.com/v1/search?query=cat&per_page=80&page=1>
{'image_urls': ['https://images.pexels.com/photos/866496/pexels-photo-866496.jpeg?auto=compress&cs=tinysrgb&dpr=2&h=650&w=940'],
 'images': [{'checksum': '2d5bab6f67513d34f0af43f6e6c9f247',
             'path': 'cat/c70696a6593096b3f5662707e33ce0d365ad45a4.jpg',
             'status': 'uptodate',
             'url': 'https://images.pexels.com/photos/866496/pexels-photo-866496.jpeg?auto=compress&cs=tinysrgb&dpr=2&h=650&w=940'}],
 'label': 'cat',
 'source_id': '866496'}
2026-07-14 17:35:17 [scrapy.core.scraper] DEBUG: Scraped from <200 https://api.pexels.com/v1/search?query=cat&per_page=80&page=1>
{'image_urls': ['https://images.pexels.com/photos/14178389/pexels-photo-14178389.jpeg?auto=compress&cs=tinysrgb&dpr=2&h=650&w=940'],
 'images': [{'checksum': 'ed4fd91ffd5393ad2e8e76f0a734205d',
             'path': 'cat/732640297abca1a1c03c83cfe05f30e7a3d0d260.jpg',
             'status': 'uptodate',
             'url': 'https://images.pexels.com/photos/14178389/pexels-photo-14178389.jpeg?auto=compress&cs=tinysrgb&dpr=2&h=650&w=940'}],
 'label': 'cat',
 'source_id': '14178389'}
2026-07-14 17:35:17 [scrapy.core.scraper] DEBUG: Scraped from <200 https://api.pexels.com/v1/search?query=cat&per_page=80&page=1>
{'image_urls': ['https://images.pexels.com/photos/10254185/pexels-photo-10254185.jpeg?auto=compress&cs=tinysrgb&dpr=2&h=650&w=940'],
 'images': [{'checksum': '8fec9e1b23e999f0d4a865e03b1a12cb',
             'path': 'cat/dd9729ef17f7010c76bbf066cc47f72742f207bb.jpg',
             'status': 'uptodate',
             'url': 'https://images.pexels.com/photos/10254185/pexels-photo-10254185.jpeg?auto=compress&cs=tinysrgb&dpr=2&h=650&w=940'}],
 'label': 'cat',
 'source_id': '10254185'}
2026-07-14 17:35:17 [scrapy.core.scraper] DEBUG: Scraped from <200 https://api.pexels.com/v1/search?query=cat&per_page=80&page=1>
{'image_urls': ['https://images.pexels.com/photos/37973521/pexels-photo-37973521.jpeg?auto=compress&cs=tinysrgb&dpr=2&h=650&w=940'],
 'images': [{'checksum': '576547295acafc8c48c8f5c824d4a127',
             'path': 'cat/67f17fa2c4ad363dba5782329c1eb1d8f33185f8.jpg',
             'status': 'uptodate',
             'url': 'https://images.pexels.com/photos/37973521/pexels-photo-37973521.jpeg?auto=compress&cs=tinysrgb&dpr=2&h=650&w=940'}],
 'label': 'cat',
 'source_id': '37973521'}
2026-07-14 17:35:17 [scrapy.core.scraper] DEBUG: Scraped from <200 https://api.pexels.com/v1/search?query=cat&per_page=80&page=1>
{'image_urls': ['https://images.pexels.com/photos/29196411/pexels-photo-29196411.jpeg?auto=compress&cs=tinysrgb&dpr=2&h=650&w=940'],
 'images': [{'checksum': 'c5ed44f8620fa3e6e4bebdc0e3752af5',
             'path': 'cat/042e12c02f27176b1f635c7af9246cf24bdbdee8.jpg',
             'status': 'uptodate',
             'url': 'https://images.pexels.com/photos/29196411/pexels-photo-29196411.jpeg?auto=compress&cs=tinysrgb&dpr=2&h=650&w=940'}],
 'label': 'cat',
 'source_id': '29196411'}
2026-07-14 17:35:17 [scrapy.core.scraper] DEBUG: Scraped from <200 https://api.pexels.com/v1/search?query=cat&per_page=80&page=1>
{'image_urls': ['https://images.pexels.com/photos/37667519/pexels-photo-37667519.jpeg?auto=compress&cs=tinysrgb&dpr=2&h=650&w=940'],
 'images': [{'checksum': '6b0d56a8a9cd5bc19786916535df70d3',
             'path': 'cat/560736392fca1a748886afe32482b3b2e71c2ace.jpg',
             'status': 'uptodate',
             'url': 'https://images.pexels.com/photos/37667519/pexels-photo-37667519.jpeg?auto=compress&cs=tinysrgb&dpr=2&h=650&w=940'}],
 'label': 'cat',
 'source_id': '37667519'}
2026-07-14 17:35:17 [scrapy.core.scraper] DEBUG: Scraped from <200 https://api.pexels.com/v1/search?query=cat&per_page=80&page=1>
{'image_urls': ['https://images.pexels.com/photos/7211205/pexels-photo-7211205.jpeg?auto=compress&cs=tinysrgb&dpr=2&h=650&w=940'],
 'images': [{'checksum': '6dd464e630265b6f09a2336d196e9008',
             'path': 'cat/0ef8a36fd6a49eafd33b55af28cb18b885d932ff.jpg',
             'status': 'uptodate',
             'url': 'https://images.pexels.com/photos/7211205/pexels-photo-7211205.jpeg?auto=compress&cs=tinysrgb&dpr=2&h=650&w=940'}],
 'label': 'cat',
 'source_id': '7211205'}
2026-07-14 17:35:17 [scrapy.core.scraper] DEBUG: Scraped from <200 https://api.pexels.com/v1/search?query=cat&per_page=80&page=1>
{'image_urls': ['https://images.pexels.com/photos/1754986/pexels-photo-1754986.jpeg?auto=compress&cs=tinysrgb&dpr=2&h=650&w=940'],
 'images': [{'checksum': '9977f63645aac1bbd3640216b0babe28',
             'path': 'cat/b3ec84b311e44b87c047c93d98e9953f34b48931.jpg',
             'status': 'uptodate',
             'url': 'https://images.pexels.com/photos/1754986/pexels-photo-1754986.jpeg?auto=compress&cs=tinysrgb&dpr=2&h=650&w=940'}],
 'label': 'cat',
 'source_id': '1754986'}
2026-07-14 17:35:17 [scrapy.core.scraper] DEBUG: Scraped from <200 https://api.pexels.com/v1/search?query=cat&per_page=80&page=1>
{'image_urls': ['https://images.pexels.com/photos/38151502/pexels-photo-38151502.jpeg?auto=compress&cs=tinysrgb&dpr=2&h=650&w=940'],
 'images': [{'checksum': '7da022866110b206dd41dda944bf10f8',
             'path': 'cat/a93966cedd3d67c152edcb00a3e19a834efae452.jpg',
             'status': 'uptodate',
             'url': 'https://images.pexels.com/photos/38151502/pexels-photo-38151502.jpeg?auto=compress&cs=tinysrgb&dpr=2&h=650&w=940'}],
 'label': 'cat',
 'source_id': '38151502'}
2026-07-14 17:35:17 [scrapy.core.scraper] DEBUG: Scraped from <200 https://api.pexels.com/v1/search?query=cat&per_page=80&page=1>
{'image_urls': ['https://images.pexels.com/photos/30002393/pexels-photo-30002393.jpeg?auto=compress&cs=tinysrgb&dpr=2&h=650&w=940'],
 'images': [{'checksum': 'ea1848cb449d021118ca2ac113fe106f',
             'path': 'cat/0bfa620e9d7ae9d42138a8ff7f6ff32d16b1e3e2.jpg',
             'status': 'uptodate',
             'url': 'https://images.pexels.com/photos/30002393/pexels-photo-30002393.jpeg?auto=compress&cs=tinysrgb&dpr=2&h=650&w=940'}],
 'label': 'cat',
 'source_id': '30002393'}
2026-07-14 17:35:17 [scrapy.core.scraper] DEBUG: Scraped from <200 https://api.pexels.com/v1/search?query=cat&per_page=80&page=1>
{'image_urls': ['https://images.pexels.com/photos/35409277/pexels-photo-35409277.jpeg?auto=compress&cs=tinysrgb&dpr=2&h=650&w=940'],
 'images': [{'checksum': '4dff7d6ae8fbfb6cddd4ca344d9f84f1',
             'path': 'cat/4e3b6fe61644c19481351739a52742cd6508f729.jpg',
             'status': 'uptodate',
             'url': 'https://images.pexels.com/photos/35409277/pexels-photo-35409277.jpeg?auto=compress&cs=tinysrgb&dpr=2&h=650&w=940'}],
 'label': 'cat',
 'source_id': '35409277'}
2026-07-14 17:35:17 [scrapy.core.scraper] DEBUG: Scraped from <200 https://api.pexels.com/v1/search?query=cat&per_page=80&page=1>
{'image_urls': ['https://images.pexels.com/photos/30002394/pexels-photo-30002394.jpeg?auto=compress&cs=tinysrgb&dpr=2&h=650&w=940'],
 'images': [{'checksum': '7075adfef289d3beaa2ac8dd4432fe02',
             'path': 'cat/3db5b53535b7ded4a348eb0ef9418a9799ab5b8d.jpg',
             'status': 'uptodate',
             'url': 'https://images.pexels.com/photos/30002394/pexels-photo-30002394.jpeg?auto=compress&cs=tinysrgb&dpr=2&h=650&w=940'}],
 'label': 'cat',
 'source_id': '30002394'}
2026-07-14 17:35:17 [scrapy.core.scraper] DEBUG: Scraped from <200 https://api.pexels.com/v1/search?query=cat&per_page=80&page=1>
{'image_urls': ['https://images.pexels.com/photos/6001401/pexels-photo-6001401.jpeg?auto=compress&cs=tinysrgb&dpr=2&h=650&w=940'],
 'images': [{'checksum': 'b64a48a4ef4903f3298903f3d0220230',
             'path': 'cat/b4ff9a94d6f8938a051a3fc2387e5179eb1b408a.jpg',
             'status': 'uptodate',
             'url': 'https://images.pexels.com/photos/6001401/pexels-photo-6001401.jpeg?auto=compress&cs=tinysrgb&dpr=2&h=650&w=940'}],
 'label': 'cat',
 'source_id': '6001401'}
2026-07-14 17:35:17 [scrapy.core.scraper] DEBUG: Scraped from <200 https://api.pexels.com/v1/search?query=cat&per_page=80&page=1>
{'image_urls': ['https://images.pexels.com/photos/11577770/pexels-photo-11577770.jpeg?auto=compress&cs=tinysrgb&dpr=2&h=650&w=940'],
 'images': [{'checksum': '48da34ff51d41631282382e35593b894',
             'path': 'cat/44a040a1b286dab38bab034050c23da0ea23d2d6.jpg',
             'status': 'uptodate',
             'url': 'https://images.pexels.com/photos/11577770/pexels-photo-11577770.jpeg?auto=compress&cs=tinysrgb&dpr=2&h=650&w=940'}],
 'label': 'cat',
 'source_id': '11577770'}
2026-07-14 17:35:17 [scrapy.core.scraper] DEBUG: Scraped from <200 https://api.pexels.com/v1/search?query=cat&per_page=80&page=1>
{'image_urls': ['https://images.pexels.com/photos/30002390/pexels-photo-30002390.jpeg?auto=compress&cs=tinysrgb&dpr=2&h=650&w=940'],
 'images': [{'checksum': 'c4d200a5d8e2db21b51a2e8b66f8e46b',
             'path': 'cat/2f13bcf1db2c81b0b449c3044869bbcb88363967.jpg',
             'status': 'uptodate',
             'url': 'https://images.pexels.com/photos/30002390/pexels-photo-30002390.jpeg?auto=compress&cs=tinysrgb&dpr=2&h=650&w=940'}],
 'label': 'cat',
 'source_id': '30002390'}
2026-07-14 17:35:17 [scrapy.core.scraper] DEBUG: Scraped from <200 https://api.pexels.com/v1/search?query=cat&per_page=80&page=1>
{'image_urls': ['https://images.pexels.com/photos/33585487/pexels-photo-33585487.jpeg?auto=compress&cs=tinysrgb&dpr=2&h=650&w=940'],
 'images': [{'checksum': 'd3038da2ece238e5eeb26797e76546e8',
             'path': 'cat/f1e4d361dbdee6d5dc8877b19e1b630c8b6df00f.jpg',
             'status': 'uptodate',
             'url': 'https://images.pexels.com/photos/33585487/pexels-photo-33585487.jpeg?auto=compress&cs=tinysrgb&dpr=2&h=650&w=940'}],
 'label': 'cat',
 'source_id': '33585487'}
2026-07-14 17:35:17 [scrapy.core.scraper] DEBUG: Scraped from <200 https://api.pexels.com/v1/search?query=cat&per_page=80&page=1>
{'image_urls': ['https://images.pexels.com/photos/32837319/pexels-photo-32837319.jpeg?auto=compress&cs=tinysrgb&dpr=2&h=650&w=940'],
 'images': [{'checksum': '3034d9b869673d42b05d93ebaa62540c',
             'path': 'cat/ea1dec70e15bc41289a20129c0e9e6f715f3ae51.jpg',
             'status': 'uptodate',
             'url': 'https://images.pexels.com/photos/32837319/pexels-photo-32837319.jpeg?auto=compress&cs=tinysrgb&dpr=2&h=650&w=940'}],
 'label': 'cat',
 'source_id': '32837319'}
2026-07-14 17:35:17 [scrapy.core.scraper] DEBUG: Scraped from <200 https://api.pexels.com/v1/search?query=cat&per_page=80&page=1>
{'image_urls': ['https://images.pexels.com/photos/680994/pexels-photo-680994.jpeg?auto=compress&cs=tinysrgb&dpr=2&h=650&w=940'],
 'images': [{'checksum': 'd1c88ec9fd69683dcfcf910a1292d935',
             'path': 'cat/9d50a07dc2be3901bdd242c1e6d457e58d9a548e.jpg',
             'status': 'uptodate',
             'url': 'https://images.pexels.com/photos/680994/pexels-photo-680994.jpeg?auto=compress&cs=tinysrgb&dpr=2&h=650&w=940'}],
 'label': 'cat',
 'source_id': '680994'}
2026-07-14 17:35:17 [scrapy.core.scraper] DEBUG: Scraped from <200 https://api.pexels.com/v1/search?query=cat&per_page=80&page=1>
{'image_urls': ['https://images.pexels.com/photos/30374843/pexels-photo-30374843.jpeg?auto=compress&cs=tinysrgb&dpr=2&h=650&w=940'],
 'images': [{'checksum': 'dab587abde3613287539bace794f3748',
             'path': 'cat/2e4a64c82481dd7d636ec737ff5903c55e0b7b75.jpg',
             'status': 'uptodate',
             'url': 'https://images.pexels.com/photos/30374843/pexels-photo-30374843.jpeg?auto=compress&cs=tinysrgb&dpr=2&h=650&w=940'}],
 'label': 'cat',
 'source_id': '30374843'}
2026-07-14 17:35:17 [scrapy.core.scraper] DEBUG: Scraped from <200 https://api.pexels.com/v1/search?query=cat&per_page=80&page=1>
{'image_urls': ['https://images.pexels.com/photos/35569231/pexels-photo-35569231.jpeg?auto=compress&cs=tinysrgb&dpr=2&h=650&w=940'],
 'images': [{'checksum': 'ae356f19e72a1448c39326ff688bfd4f',
             'path': 'cat/e4cfb3f934a9693e4aa6a9383cac1fede969c669.jpg',
             'status': 'uptodate',
             'url': 'https://images.pexels.com/photos/35569231/pexels-photo-35569231.jpeg?auto=compress&cs=tinysrgb&dpr=2&h=650&w=940'}],
 'label': 'cat',
 'source_id': '35569231'}
2026-07-14 17:35:17 [scrapy.core.scraper] DEBUG: Scraped from <200 https://api.pexels.com/v1/search?query=cat&per_page=80&page=1>
{'image_urls': ['https://images.pexels.com/photos/13081375/pexels-photo-13081375.jpeg?auto=compress&cs=tinysrgb&dpr=2&h=650&w=940'],
 'images': [{'checksum': '545b0650cbde8ced5472966b146ddb96',
             'path': 'cat/dbc8d29e87623b2c136ed837d1265690c36f3ba2.jpg',
             'status': 'uptodate',
             'url': 'https://images.pexels.com/photos/13081375/pexels-photo-13081375.jpeg?auto=compress&cs=tinysrgb&dpr=2&h=650&w=940'}],
 'label': 'cat',
 'source_id': '13081375'}
2026-07-14 17:35:17 [scrapy.core.scraper] DEBUG: Scraped from <200 https://api.pexels.com/v1/search?query=cat&per_page=80&page=1>
{'image_urls': ['https://images.pexels.com/photos/31467115/pexels-photo-31467115.jpeg?auto=compress&cs=tinysrgb&dpr=2&h=650&w=940'],
 'images': [{'checksum': '8bb0612a8094a9fc7f043071e0c5a6d3',
             'path': 'cat/0c7c4195c453dc2d99bf90964766bc11f7664e84.jpg',
             'status': 'uptodate',
             'url': 'https://images.pexels.com/photos/31467115/pexels-photo-31467115.jpeg?auto=compress&cs=tinysrgb&dpr=2&h=650&w=940'}],
 'label': 'cat',
 'source_id': '31467115'}
2026-07-14 17:35:17 [scrapy.core.scraper] DEBUG: Scraped from <200 https://api.pexels.com/v1/search?query=cat&per_page=80&page=1>
{'image_urls': ['https://images.pexels.com/photos/20419763/pexels-photo-20419763.jpeg?auto=compress&cs=tinysrgb&dpr=2&h=650&w=940'],
 'images': [{'checksum': 'f963159e888ce8e41e31c183bceae854',
             'path': 'cat/8cbc742983df799188f7109817f75fe49efe2869.jpg',
             'status': 'uptodate',
             'url': 'https://images.pexels.com/photos/20419763/pexels-photo-20419763.jpeg?auto=compress&cs=tinysrgb&dpr=2&h=650&w=940'}],
 'label': 'cat',
 'source_id': '20419763'}
2026-07-14 17:35:17 [scrapy.core.scraper] DEBUG: Scraped from <200 https://api.pexels.com/v1/search?query=cat&per_page=80&page=1>
{'image_urls': ['https://images.pexels.com/photos/8942609/pexels-photo-8942609.jpeg?auto=compress&cs=tinysrgb&dpr=2&h=650&w=940'],
 'images': [{'checksum': '38de76903ba09a452e7b60e741e6d95b',
             'path': 'cat/abfd9bf99d393fbf204343de1c651672f2f8cdf6.jpg',
             'status': 'uptodate',
             'url': 'https://images.pexels.com/photos/8942609/pexels-photo-8942609.jpeg?auto=compress&cs=tinysrgb&dpr=2&h=650&w=940'}],
 'label': 'cat',
 'source_id': '8942609'}
2026-07-14 17:35:17 [scrapy.core.scraper] DEBUG: Scraped from <200 https://api.pexels.com/v1/search?query=cat&per_page=80&page=1>
{'image_urls': ['https://images.pexels.com/photos/36937387/pexels-photo-36937387.jpeg?auto=compress&cs=tinysrgb&dpr=2&h=650&w=940'],
 'images': [{'checksum': '4ec02948fbc98274516991cee044de49',
             'path': 'cat/2327a122570c1c7613afd16f0878a6a02cea4ab6.jpg',
             'status': 'uptodate',
             'url': 'https://images.pexels.com/photos/36937387/pexels-photo-36937387.jpeg?auto=compress&cs=tinysrgb&dpr=2&h=650&w=940'}],
 'label': 'cat',
 'source_id': '36937387'}
2026-07-14 17:35:17 [scrapy.core.scraper] DEBUG: Scraped from <200 https://api.pexels.com/v1/search?query=cat&per_page=80&page=1>
{'image_urls': ['https://images.pexels.com/photos/32727347/pexels-photo-32727347.jpeg?auto=compress&cs=tinysrgb&dpr=2&h=650&w=940'],
 'images': [{'checksum': '38766fb97aeac9b8f00c77a5c1d08601',
             'path': 'cat/eea822b671438f54f0cff988d957e1ccfc001f94.jpg',
             'status': 'uptodate',
             'url': 'https://images.pexels.com/photos/32727347/pexels-photo-32727347.jpeg?auto=compress&cs=tinysrgb&dpr=2&h=650&w=940'}],
 'label': 'cat',
 'source_id': '32727347'}
2026-07-14 17:35:17 [scrapy.core.scraper] DEBUG: Scraped from <200 https://api.pexels.com/v1/search?query=cat&per_page=80&page=1>
{'image_urls': ['https://images.pexels.com/photos/18693415/pexels-photo-18693415.jpeg?auto=compress&cs=tinysrgb&dpr=2&h=650&w=940'],
 'images': [{'checksum': '097e5e4a09422fdcb01afe687afaacc8',
             'path': 'cat/0db262b6096063163c620464586eeeec90140297.jpg',
             'status': 'uptodate',
             'url': 'https://images.pexels.com/photos/18693415/pexels-photo-18693415.jpeg?auto=compress&cs=tinysrgb&dpr=2&h=650&w=940'}],
 'label': 'cat',
 'source_id': '18693415'}
2026-07-14 17:35:17 [scrapy.core.scraper] DEBUG: Scraped from <200 https://api.pexels.com/v1/search?query=cat&per_page=80&page=1>
{'image_urls': ['https://images.pexels.com/photos/6964449/pexels-photo-6964449.jpeg?auto=compress&cs=tinysrgb&dpr=2&h=650&w=940'],
 'images': [{'checksum': '216c7448312bdaf9b3c178cbfe5ec076',
             'path': 'cat/a663673355d8003b4a9479e5e664b4f41f5363a2.jpg',
             'status': 'uptodate',
             'url': 'https://images.pexels.com/photos/6964449/pexels-photo-6964449.jpeg?auto=compress&cs=tinysrgb&dpr=2&h=650&w=940'}],
 'label': 'cat',
 'source_id': '6964449'}
2026-07-14 17:35:17 [scrapy.core.scraper] DEBUG: Scraped from <200 https://api.pexels.com/v1/search?query=cat&per_page=80&page=1>
{'image_urls': ['https://images.pexels.com/photos/10254198/pexels-photo-10254198.jpeg?auto=compress&cs=tinysrgb&dpr=2&h=650&w=940'],
 'images': [{'checksum': '4a4591b2df0a3d1738276faecb92b746',
             'path': 'cat/538edf8563edd6b749c106f3634d50a9d2511a6c.jpg',
             'status': 'uptodate',
             'url': 'https://images.pexels.com/photos/10254198/pexels-photo-10254198.jpeg?auto=compress&cs=tinysrgb&dpr=2&h=650&w=940'}],
 'label': 'cat',
 'source_id': '10254198'}
2026-07-14 17:35:17 [scrapy.core.scraper] DEBUG: Scraped from <200 https://api.pexels.com/v1/search?query=cat&per_page=80&page=1>
{'image_urls': ['https://images.pexels.com/photos/11187356/pexels-photo-11187356.jpeg?auto=compress&cs=tinysrgb&dpr=2&h=650&w=940'],
 'images': [{'checksum': '5ac84340aa955575aed6106efb79926f',
             'path': 'cat/93c1aa8a5f1e3540cad14377d6ec2e3fa624dada.jpg',
             'status': 'uptodate',
             'url': 'https://images.pexels.com/photos/11187356/pexels-photo-11187356.jpeg?auto=compress&cs=tinysrgb&dpr=2&h=650&w=940'}],
 'label': 'cat',
 'source_id': '11187356'}
2026-07-14 17:35:17 [scrapy.core.scraper] DEBUG: Scraped from <200 https://api.pexels.com/v1/search?query=cat&per_page=80&page=1>
{'image_urls': ['https://images.pexels.com/photos/8867046/pexels-photo-8867046.jpeg?auto=compress&cs=tinysrgb&dpr=2&h=650&w=940'],
 'images': [{'checksum': '67324638c2d8626f10646d360c9cb53a',
             'path': 'cat/52d0839bedb48c93b1067e257a607ae31f4fbebf.jpg',
             'status': 'uptodate',
             'url': 'https://images.pexels.com/photos/8867046/pexels-photo-8867046.jpeg?auto=compress&cs=tinysrgb&dpr=2&h=650&w=940'}],
 'label': 'cat',
 'source_id': '8867046'}
2026-07-14 17:35:17 [scrapy.core.scraper] DEBUG: Scraped from <200 https://api.pexels.com/v1/search?query=cat&per_page=80&page=1>
{'image_urls': ['https://images.pexels.com/photos/27153320/pexels-photo-27153320.jpeg?auto=compress&cs=tinysrgb&dpr=2&h=650&w=940'],
 'images': [{'checksum': '3e8613db75cd6048f8a66f2b42c82fff',
             'path': 'cat/f90b733518ab24e90f7344770f84135187b77adf.jpg',
             'status': 'uptodate',
             'url': 'https://images.pexels.com/photos/27153320/pexels-photo-27153320.jpeg?auto=compress&cs=tinysrgb&dpr=2&h=650&w=940'}],
 'label': 'cat',
 'source_id': '27153320'}
2026-07-14 17:35:17 [scrapy.core.scraper] DEBUG: Scraped from <200 https://api.pexels.com/v1/search?query=cat&per_page=80&page=1>
{'image_urls': ['https://images.pexels.com/photos/10366049/pexels-photo-10366049.jpeg?auto=compress&cs=tinysrgb&dpr=2&h=650&w=940'],
 'images': [{'checksum': '5d795ef11cbb401dc23f28d5df9563bf',
             'path': 'cat/73ebc6a6fbbee622a3f7e7be6db8b5169fd39e2c.jpg',
             'status': 'uptodate',
             'url': 'https://images.pexels.com/photos/10366049/pexels-photo-10366049.jpeg?auto=compress&cs=tinysrgb&dpr=2&h=650&w=940'}],
 'label': 'cat',
 'source_id': '10366049'}
2026-07-14 17:35:17 [scrapy.core.scraper] DEBUG: Scraped from <200 https://api.pexels.com/v1/search?query=cat&per_page=80&page=1>
{'image_urls': ['https://images.pexels.com/photos/4097049/pexels-photo-4097049.jpeg?auto=compress&cs=tinysrgb&dpr=2&h=650&w=940'],
 'images': [{'checksum': 'd21a61b53c113461af83e84f1c589439',
             'path': 'cat/cfc6e40e7cf079f96e5d6d9c2d6032c738bff549.jpg',
             'status': 'uptodate',
             'url': 'https://images.pexels.com/photos/4097049/pexels-photo-4097049.jpeg?auto=compress&cs=tinysrgb&dpr=2&h=650&w=940'}],
 'label': 'cat',
 'source_id': '4097049'}
2026-07-14 17:35:17 [scrapy.core.scraper] DEBUG: Scraped from <200 https://api.pexels.com/v1/search?query=cat&per_page=80&page=1>
{'image_urls': ['https://images.pexels.com/photos/28321203/pexels-photo-28321203.jpeg?auto=compress&cs=tinysrgb&dpr=2&h=650&w=940'],
 'images': [{'checksum': '12bb149526de7b3c0060748bf330b07d',
             'path': 'cat/f9664de64d5f7284102c4a4c99fc01c8e41858f6.jpg',
             'status': 'uptodate',
             'url': 'https://images.pexels.com/photos/28321203/pexels-photo-28321203.jpeg?auto=compress&cs=tinysrgb&dpr=2&h=650&w=940'}],
 'label': 'cat',
 'source_id': '28321203'}
2026-07-14 17:35:17 [scrapy.core.scraper] DEBUG: Scraped from <200 https://api.pexels.com/v1/search?query=cat&per_page=80&page=1>
{'image_urls': ['https://images.pexels.com/photos/32119894/pexels-photo-32119894.jpeg?auto=compress&cs=tinysrgb&dpr=2&h=650&w=940'],
 'images': [{'checksum': 'f5d5968d4cd427e61d96fcb1052da350',
             'path': 'cat/3468adaee14b482561e2ec861f82705c564b5196.jpg',
             'status': 'uptodate',
             'url': 'https://images.pexels.com/photos/32119894/pexels-photo-32119894.jpeg?auto=compress&cs=tinysrgb&dpr=2&h=650&w=940'}],
 'label': 'cat',
 'source_id': '32119894'}
2026-07-14 17:35:17 [scrapy.core.scraper] DEBUG: Scraped from <200 https://api.pexels.com/v1/search?query=cat&per_page=80&page=1>
{'image_urls': ['https://images.pexels.com/photos/20338832/pexels-photo-20338832.jpeg?auto=compress&cs=tinysrgb&dpr=2&h=650&w=940'],
 'images': [{'checksum': '43d23d8c898d6ffbc80c7c0c0a2531ef',
             'path': 'cat/6fcd7c842b6f4c31de8edd79fd1ea60b6a60e4c2.jpg',
             'status': 'uptodate',
             'url': 'https://images.pexels.com/photos/20338832/pexels-photo-20338832.jpeg?auto=compress&cs=tinysrgb&dpr=2&h=650&w=940'}],
 'label': 'cat',
 'source_id': '20338832'}
2026-07-14 17:35:17 [scrapy.core.scraper] DEBUG: Scraped from <200 https://api.pexels.com/v1/search?query=cat&per_page=80&page=1>
{'image_urls': ['https://images.pexels.com/photos/14572715/pexels-photo-14572715.jpeg?auto=compress&cs=tinysrgb&dpr=2&h=650&w=940'],
 'images': [{'checksum': '4c03ba99b8fb3a365277edf8b0c0606a',
             'path': 'cat/04e66d4cdd2011829b78c6c5e9e12008facc7316.jpg',
             'status': 'uptodate',
             'url': 'https://images.pexels.com/photos/14572715/pexels-photo-14572715.jpeg?auto=compress&cs=tinysrgb&dpr=2&h=650&w=940'}],
 'label': 'cat',
 'source_id': '14572715'}
2026-07-14 17:35:17 [scrapy.core.scraper] DEBUG: Scraped from <200 https://api.pexels.com/v1/search?query=cat&per_page=80&page=1>
{'image_urls': ['https://images.pexels.com/photos/4734723/pexels-photo-4734723.jpeg?auto=compress&cs=tinysrgb&dpr=2&h=650&w=940'],
 'images': [{'checksum': '5f6326639d59983944ed6830d396b670',
             'path': 'cat/4e7c58c3c29e3974e13f3b34829cc3899756c120.jpg',
             'status': 'uptodate',
             'url': 'https://images.pexels.com/photos/4734723/pexels-photo-4734723.jpeg?auto=compress&cs=tinysrgb&dpr=2&h=650&w=940'}],
 'label': 'cat',
 'source_id': '4734723'}
2026-07-14 17:35:17 [scrapy.core.scraper] DEBUG: Scraped from <200 https://api.pexels.com/v1/search?query=cat&per_page=80&page=1>
{'image_urls': ['https://images.pexels.com/photos/16476075/pexels-photo-16476075.jpeg?auto=compress&cs=tinysrgb&dpr=2&h=650&w=940'],
 'images': [{'checksum': '149be6b1c9f38622b30a99dbcc0d6e60',
             'path': 'cat/b4096520cfc6dff2df59fcc1b62f05bc91c006f7.jpg',
             'status': 'uptodate',
             'url': 'https://images.pexels.com/photos/16476075/pexels-photo-16476075.jpeg?auto=compress&cs=tinysrgb&dpr=2&h=650&w=940'}],
 'label': 'cat',
 'source_id': '16476075'}
2026-07-14 17:35:17 [scrapy.core.scraper] DEBUG: Scraped from <200 https://api.pexels.com/v1/search?query=cat&per_page=80&page=1>
{'image_urls': ['https://images.pexels.com/photos/30002405/pexels-photo-30002405.jpeg?auto=compress&cs=tinysrgb&dpr=2&h=650&w=940'],
 'images': [{'checksum': '7c4a732f1d0ea87acad445ec046f8ed5',
             'path': 'cat/4123470268f6f2923c7666c0015d97548c0ee07a.jpg',
             'status': 'uptodate',
             'url': 'https://images.pexels.com/photos/30002405/pexels-photo-30002405.jpeg?auto=compress&cs=tinysrgb&dpr=2&h=650&w=940'}],
 'label': 'cat',
 'source_id': '30002405'}
2026-07-14 17:35:17 [scrapy.core.scraper] DEBUG: Scraped from <200 https://api.pexels.com/v1/search?query=cat&per_page=80&page=1>
{'image_urls': ['https://images.pexels.com/photos/33585484/pexels-photo-33585484.jpeg?auto=compress&cs=tinysrgb&dpr=2&h=650&w=940'],
 'images': [{'checksum': '36e2d4ba7ae1d97d9126f74cfe40fd0a',
             'path': 'cat/be5010475f7ab26c5f452b87d76d9baf4e6a1a42.jpg',
             'status': 'uptodate',
             'url': 'https://images.pexels.com/photos/33585484/pexels-photo-33585484.jpeg?auto=compress&cs=tinysrgb&dpr=2&h=650&w=940'}],
 'label': 'cat',
 'source_id': '33585484'}
2026-07-14 17:35:17 [scrapy.core.scraper] DEBUG: Scraped from <200 https://api.pexels.com/v1/search?query=cat&per_page=80&page=1>
{'image_urls': ['https://images.pexels.com/photos/4961908/pexels-photo-4961908.jpeg?auto=compress&cs=tinysrgb&dpr=2&h=650&w=940'],
 'images': [{'checksum': '8c06bd9f62cae0b4062bad31aacedd38',
             'path': 'cat/81314cc084d94b19879bc135064da7697a8fc033.jpg',
             'status': 'uptodate',
             'url': 'https://images.pexels.com/photos/4961908/pexels-photo-4961908.jpeg?auto=compress&cs=tinysrgb&dpr=2&h=650&w=940'}],
 'label': 'cat',
 'source_id': '4961908'}
2026-07-14 17:35:17 [scrapy.core.scraper] DEBUG: Scraped from <200 https://api.pexels.com/v1/search?query=cat&per_page=80&page=1>
{'image_urls': ['https://images.pexels.com/photos/755834/pexels-photo-755834.jpeg?auto=compress&cs=tinysrgb&dpr=2&h=650&w=940'],
 'images': [{'checksum': 'f820b9373d0b427a1c58783494595be5',
             'path': 'cat/39ecc6b5622a082269fe9107453aa3d8eae2a6fe.jpg',
             'status': 'uptodate',
             'url': 'https://images.pexels.com/photos/755834/pexels-photo-755834.jpeg?auto=compress&cs=tinysrgb&dpr=2&h=650&w=940'}],
 'label': 'cat',
 'source_id': '755834'}
2026-07-14 17:35:17 [scrapy.core.scraper] DEBUG: Scraped from <200 https://api.pexels.com/v1/search?query=cat&per_page=80&page=1>
{'image_urls': ['https://images.pexels.com/photos/11238585/pexels-photo-11238585.jpeg?auto=compress&cs=tinysrgb&dpr=2&h=650&w=940'],
 'images': [{'checksum': '6f7d1a91e28401205c96808779a4ace2',
             'path': 'cat/bbe00a7dc3b7af2d1bb5ba75db95bce334525cc0.jpg',
             'status': 'uptodate',
             'url': 'https://images.pexels.com/photos/11238585/pexels-photo-11238585.jpeg?auto=compress&cs=tinysrgb&dpr=2&h=650&w=940'}],
 'label': 'cat',
 'source_id': '11238585'}
2026-07-14 17:35:17 [scrapy.core.scraper] DEBUG: Scraped from <200 https://api.pexels.com/v1/search?query=cat&per_page=80&page=1>
{'image_urls': ['https://images.pexels.com/photos/33585483/pexels-photo-33585483.jpeg?auto=compress&cs=tinysrgb&dpr=2&h=650&w=940'],
 'images': [{'checksum': '0fd504f13b2acdb1baa36c4b0862c8d0',
             'path': 'cat/667b9490b8b8d7663d70730873835c2811df6bcb.jpg',
             'status': 'uptodate',
             'url': 'https://images.pexels.com/photos/33585483/pexels-photo-33585483.jpeg?auto=compress&cs=tinysrgb&dpr=2&h=650&w=940'}],
 'label': 'cat',
 'source_id': '33585483'}
2026-07-14 17:35:17 [scrapy.core.scraper] DEBUG: Scraped from <200 https://api.pexels.com/v1/search?query=cat&per_page=80&page=1>
{'image_urls': ['https://images.pexels.com/photos/1327888/pexels-photo-1327888.jpeg?auto=compress&cs=tinysrgb&dpr=2&h=650&w=940'],
 'images': [{'checksum': '107c10b2fd4ebdac6b50907468861958',
             'path': 'cat/04e24bc9b362111b09789f1872a683f5de6174f7.jpg',
             'status': 'uptodate',
             'url': 'https://images.pexels.com/photos/1327888/pexels-photo-1327888.jpeg?auto=compress&cs=tinysrgb&dpr=2&h=650&w=940'}],
 'label': 'cat',
 'source_id': '1327888'}
2026-07-14 17:35:17 [scrapy.core.scraper] DEBUG: Scraped from <200 https://api.pexels.com/v1/search?query=cat&per_page=80&page=1>
{'image_urls': ['https://images.pexels.com/photos/32727348/pexels-photo-32727348.jpeg?auto=compress&cs=tinysrgb&dpr=2&h=650&w=940'],
 'images': [{'checksum': 'bb03d532673e912d1ad7a37072635084',
             'path': 'cat/9dbfe1a7451f2285752657d39f2bfc7a7892d559.jpg',
             'status': 'uptodate',
             'url': 'https://images.pexels.com/photos/32727348/pexels-photo-32727348.jpeg?auto=compress&cs=tinysrgb&dpr=2&h=650&w=940'}],
 'label': 'cat',
 'source_id': '32727348'}
2026-07-14 17:35:17 [scrapy.core.engine] DEBUG: Crawled (200) <GET https://api.pexels.com/v1/search?query=duck&per_page=80&page=1> (referer: None)
2026-07-14 17:35:17 [scrapy.core.scraper] DEBUG: Scraped from <200 https://api.pexels.com/v1/search?query=cat&per_page=80&page=1>
{'image_urls': ['https://images.pexels.com/photos/27638232/pexels-photo-27638232.jpeg?auto=compress&cs=tinysrgb&dpr=2&h=650&w=940'],
 'images': [{'checksum': '32f1d444a43fd448faf8bf35cebdb22b',
             'path': 'cat/050afea0fe086ea411143d8e803365fc32462c75.jpg',
             'status': 'uptodate',
             'url': 'https://images.pexels.com/photos/27638232/pexels-photo-27638232.jpeg?auto=compress&cs=tinysrgb&dpr=2&h=650&w=940'}],
 'label': 'cat',
 'source_id': '27638232'}
2026-07-14 17:35:17 [scrapy.core.scraper] DEBUG: Scraped from <200 https://api.pexels.com/v1/search?query=cat&per_page=80&page=1>
{'image_urls': ['https://images.pexels.com/photos/7790029/pexels-photo-7790029.jpeg?auto=compress&cs=tinysrgb&dpr=2&h=650&w=940'],
 'images': [{'checksum': '07d1feb662463212fbf81abad61cbbd2',
             'path': 'cat/5ad9994c4870b64bfedb4d10db9525d12a19be12.jpg',
             'status': 'uptodate',
             'url': 'https://images.pexels.com/photos/7790029/pexels-photo-7790029.jpeg?auto=compress&cs=tinysrgb&dpr=2&h=650&w=940'}],
 'label': 'cat',
 'source_id': '7790029'}
2026-07-14 17:35:17 [scrapy.core.scraper] DEBUG: Scraped from <200 https://api.pexels.com/v1/search?query=cat&per_page=80&page=1>
{'image_urls': ['https://images.pexels.com/photos/16412582/pexels-photo-16412582.jpeg?auto=compress&cs=tinysrgb&dpr=2&h=650&w=940'],
 'images': [{'checksum': '9982e02d8706dcd15faa2d7bd18ea608',
             'path': 'cat/978d5671874fd97d42c215a2ca485caec9c5fc12.jpg',
             'status': 'uptodate',
             'url': 'https://images.pexels.com/photos/16412582/pexels-photo-16412582.jpeg?auto=compress&cs=tinysrgb&dpr=2&h=650&w=940'}],
 'label': 'cat',
 'source_id': '16412582'}
2026-07-14 17:35:17 [scrapy.core.scraper] DEBUG: Scraped from <200 https://api.pexels.com/v1/search?query=cat&per_page=80&page=1>
{'image_urls': ['https://images.pexels.com/photos/762986/pexels-photo-762986.jpeg?auto=compress&cs=tinysrgb&dpr=2&h=650&w=940'],
 'images': [{'checksum': '0124c9e47229de63b1f9d41353af244d',
             'path': 'cat/19a8c88831b53abff20742c51c06162af24d79da.jpg',
             'status': 'uptodate',
             'url': 'https://images.pexels.com/photos/762986/pexels-photo-762986.jpeg?auto=compress&cs=tinysrgb&dpr=2&h=650&w=940'}],
 'label': 'cat',
 'source_id': '762986'}
2026-07-14 17:35:17 [scrapy.core.scraper] DEBUG: Scraped from <200 https://api.pexels.com/v1/search?query=cat&per_page=80&page=1>
{'image_urls': ['https://images.pexels.com/photos/9709428/pexels-photo-9709428.jpeg?auto=compress&cs=tinysrgb&dpr=2&h=650&w=940'],
 'images': [{'checksum': '31a268def0de9e42aa32e92106a70955',
             'path': 'cat/c635ad54ca6895eee3516965ee7382c253ab2bcd.jpg',
             'status': 'uptodate',
             'url': 'https://images.pexels.com/photos/9709428/pexels-photo-9709428.jpeg?auto=compress&cs=tinysrgb&dpr=2&h=650&w=940'}],
 'label': 'cat',
 'source_id': '9709428'}
2026-07-14 17:35:17 [scrapy.core.scraper] DEBUG: Scraped from <200 https://api.pexels.com/v1/search?query=cat&per_page=80&page=1>
{'image_urls': ['https://images.pexels.com/photos/30239303/pexels-photo-30239303.jpeg?auto=compress&cs=tinysrgb&dpr=2&h=650&w=940'],
 'images': [{'checksum': '44d326f0128942651d02d96ceb5389ee',
             'path': 'cat/3a97163b67c2be35130dee1abe5fa62e399cdb5e.jpg',
             'status': 'uptodate',
             'url': 'https://images.pexels.com/photos/30239303/pexels-photo-30239303.jpeg?auto=compress&cs=tinysrgb&dpr=2&h=650&w=940'}],
 'label': 'cat',
 'source_id': '30239303'}
2026-07-14 17:35:17 [scrapy.core.scraper] DEBUG: Scraped from <200 https://api.pexels.com/v1/search?query=cat&per_page=80&page=1>
{'image_urls': ['https://images.pexels.com/photos/32727346/pexels-photo-32727346.jpeg?auto=compress&cs=tinysrgb&dpr=2&h=650&w=940'],
 'images': [{'checksum': '50ac7e4687946db04aed03e620d64b2b',
             'path': 'cat/6511e5693c9c712f2cd963d8f6e020778aa57f59.jpg',
             'status': 'uptodate',
             'url': 'https://images.pexels.com/photos/32727346/pexels-photo-32727346.jpeg?auto=compress&cs=tinysrgb&dpr=2&h=650&w=940'}],
 'label': 'cat',
 'source_id': '32727346'}
2026-07-14 17:35:17 [scrapy.pipelines.files] DEBUG: File (uptodate): Downloaded image from <GET https://images.pexels.com/photos/38065888/pexels-photo-38065888.jpeg?auto=compress&cs=tinysrgb&dpr=2&h=650&w=940> referred in <None>
2026-07-14 17:35:17 [scrapy.pipelines.files] DEBUG: File (uptodate): Downloaded image from <GET https://images.pexels.com/photos/11769613/pexels-photo-11769613.jpeg?auto=compress&cs=tinysrgb&dpr=2&h=650&w=940> referred in <None>
2026-07-14 17:35:17 [scrapy.pipelines.files] DEBUG: File (uptodate): Downloaded image from <GET https://images.pexels.com/photos/38509168/pexels-photo-38509168.jpeg?auto=compress&cs=tinysrgb&dpr=2&h=650&w=940> referred in <None>
2026-07-14 17:35:17 [scrapy.pipelines.files] DEBUG: File (uptodate): Downloaded image from <GET https://images.pexels.com/photos/28542760/pexels-photo-28542760.jpeg?auto=compress&cs=tinysrgb&dpr=2&h=650&w=940> referred in <None>
2026-07-14 17:35:17 [scrapy.pipelines.files] DEBUG: File (uptodate): Downloaded image from <GET https://images.pexels.com/photos/19252021/pexels-photo-19252021.jpeg?auto=compress&cs=tinysrgb&dpr=2&h=650&w=940> referred in <None>
2026-07-14 17:35:17 [scrapy.pipelines.files] DEBUG: File (uptodate): Downloaded image from <GET https://images.pexels.com/photos/7147240/pexels-photo-7147240.jpeg?auto=compress&cs=tinysrgb&dpr=2&h=650&w=940> referred in <None>
2026-07-14 17:35:17 [scrapy.pipelines.files] DEBUG: File (uptodate): Downloaded image from <GET https://images.pexels.com/photos/37492535/pexels-photo-37492535.jpeg?auto=compress&cs=tinysrgb&dpr=2&h=650&w=940> referred in <None>
2026-07-14 17:35:17 [scrapy.pipelines.files] DEBUG: File (uptodate): Downloaded image from <GET https://images.pexels.com/photos/5874724/pexels-photo-5874724.jpeg?auto=compress&cs=tinysrgb&dpr=2&h=650&w=940> referred in <None>
2026-07-14 17:35:17 [scrapy.pipelines.files] DEBUG: File (uptodate): Downloaded image from <GET https://images.pexels.com/photos/38058597/pexels-photo-38058597.jpeg?auto=compress&cs=tinysrgb&dpr=2&h=650&w=940> referred in <None>
2026-07-14 17:35:17 [scrapy.pipelines.files] DEBUG: File (uptodate): Downloaded image from <GET https://images.pexels.com/photos/660266/pexels-photo-660266.jpeg?auto=compress&cs=tinysrgb&dpr=2&h=650&w=940> referred in <None>
2026-07-14 17:35:17 [scrapy.pipelines.files] DEBUG: File (uptodate): Downloaded image from <GET https://images.pexels.com/photos/27757686/pexels-photo-27757686.jpeg?auto=compress&cs=tinysrgb&dpr=2&h=650&w=940> referred in <None>
2026-07-14 17:35:17 [scrapy.pipelines.files] DEBUG: File (uptodate): Downloaded image from <GET https://images.pexels.com/photos/27565482/pexels-photo-27565482.jpeg?auto=compress&cs=tinysrgb&dpr=2&h=650&w=940> referred in <None>
2026-07-14 17:35:17 [scrapy.pipelines.files] DEBUG: File (uptodate): Downloaded image from <GET https://images.pexels.com/photos/4627286/pexels-photo-4627286.jpeg?auto=compress&cs=tinysrgb&dpr=2&h=650&w=940> referred in <None>
2026-07-14 17:35:17 [scrapy.pipelines.files] DEBUG: File (uptodate): Downloaded image from <GET https://images.pexels.com/photos/33153171/pexels-photo-33153171.jpeg?auto=compress&cs=tinysrgb&dpr=2&h=650&w=940> referred in <None>
2026-07-14 17:35:17 [scrapy.pipelines.files] DEBUG: File (uptodate): Downloaded image from <GET https://images.pexels.com/photos/34442978/pexels-photo-34442978.jpeg?auto=compress&cs=tinysrgb&dpr=2&h=650&w=940> referred in <None>
2026-07-14 17:35:17 [scrapy.pipelines.files] DEBUG: File (uptodate): Downloaded image from <GET https://images.pexels.com/photos/13850023/pexels-photo-13850023.jpeg?auto=compress&cs=tinysrgb&dpr=2&h=650&w=940> referred in <None>
2026-07-14 17:35:17 [scrapy.pipelines.files] DEBUG: File (uptodate): Downloaded image from <GET https://images.pexels.com/photos/33810920/pexels-photo-33810920.jpeg?auto=compress&cs=tinysrgb&dpr=2&h=650&w=940> referred in <None>
2026-07-14 17:35:17 [scrapy.pipelines.files] DEBUG: File (uptodate): Downloaded image from <GET https://images.pexels.com/photos/19985568/pexels-photo-19985568.jpeg?auto=compress&cs=tinysrgb&dpr=2&h=650&w=940> referred in <None>
2026-07-14 17:35:17 [scrapy.pipelines.files] DEBUG: File (uptodate): Downloaded image from <GET https://images.pexels.com/photos/31955717/pexels-photo-31955717.jpeg?auto=compress&cs=tinysrgb&dpr=2&h=650&w=940> referred in <None>
2026-07-14 17:35:17 [scrapy.pipelines.files] DEBUG: File (uptodate): Downloaded image from <GET https://images.pexels.com/photos/27565483/pexels-photo-27565483.jpeg?auto=compress&cs=tinysrgb&dpr=2&h=650&w=940> referred in <None>
2026-07-14 17:35:17 [scrapy.pipelines.files] DEBUG: File (uptodate): Downloaded image from <GET https://images.pexels.com/photos/34523354/pexels-photo-34523354.jpeg?auto=compress&cs=tinysrgb&dpr=2&h=650&w=940> referred in <None>
2026-07-14 17:35:17 [scrapy.pipelines.files] DEBUG: File (uptodate): Downloaded image from <GET https://images.pexels.com/photos/36795780/pexels-photo-36795780.jpeg?auto=compress&cs=tinysrgb&dpr=2&h=650&w=940> referred in <None>
2026-07-14 17:35:17 [scrapy.pipelines.files] DEBUG: File (uptodate): Downloaded image from <GET https://images.pexels.com/photos/17863411/pexels-photo-17863411.jpeg?auto=compress&cs=tinysrgb&dpr=2&h=650&w=940> referred in <None>
2026-07-14 17:35:17 [scrapy.pipelines.files] DEBUG: File (uptodate): Downloaded image from <GET https://images.pexels.com/photos/8797509/pexels-photo-8797509.jpeg?auto=compress&cs=tinysrgb&dpr=2&h=650&w=940> referred in <None>
2026-07-14 17:35:17 [scrapy.pipelines.files] DEBUG: File (uptodate): Downloaded image from <GET https://images.pexels.com/photos/5840900/pexels-photo-5840900.jpeg?auto=compress&cs=tinysrgb&dpr=2&h=650&w=940> referred in <None>
2026-07-14 17:35:17 [scrapy.pipelines.files] DEBUG: File (uptodate): Downloaded image from <GET https://images.pexels.com/photos/35010146/pexels-photo-35010146.jpeg?auto=compress&cs=tinysrgb&dpr=2&h=650&w=940> referred in <None>
2026-07-14 17:35:17 [scrapy.pipelines.files] DEBUG: File (uptodate): Downloaded image from <GET https://images.pexels.com/photos/6676593/pexels-photo-6676593.jpeg?auto=compress&cs=tinysrgb&dpr=2&h=650&w=940> referred in <None>
2026-07-14 17:35:17 [scrapy.pipelines.files] DEBUG: File (uptodate): Downloaded image from <GET https://images.pexels.com/photos/38058595/pexels-photo-38058595.jpeg?auto=compress&cs=tinysrgb&dpr=2&h=650&w=940> referred in <None>
2026-07-14 17:35:17 [scrapy.pipelines.files] DEBUG: File (uptodate): Downloaded image from <GET https://images.pexels.com/photos/5893758/pexels-photo-5893758.jpeg?auto=compress&cs=tinysrgb&dpr=2&h=650&w=940> referred in <None>
2026-07-14 17:35:17 [scrapy.pipelines.files] DEBUG: File (uptodate): Downloaded image from <GET https://images.pexels.com/photos/6690649/pexels-photo-6690649.jpeg?auto=compress&cs=tinysrgb&dpr=2&h=650&w=940> referred in <None>
2026-07-14 17:35:17 [scrapy.pipelines.files] DEBUG: File (uptodate): Downloaded image from <GET https://images.pexels.com/photos/34234865/pexels-photo-34234865.jpeg?auto=compress&cs=tinysrgb&dpr=2&h=650&w=940> referred in <None>
2026-07-14 17:35:17 [scrapy.pipelines.files] DEBUG: File (uptodate): Downloaded image from <GET https://images.pexels.com/photos/36395956/pexels-photo-36395956.jpeg?auto=compress&cs=tinysrgb&dpr=2&h=650&w=940> referred in <None>
2026-07-14 17:35:17 [scrapy.pipelines.files] DEBUG: File (uptodate): Downloaded image from <GET https://images.pexels.com/photos/37477303/pexels-photo-37477303.jpeg?auto=compress&cs=tinysrgb&dpr=2&h=650&w=940> referred in <None>
2026-07-14 17:35:17 [scrapy.pipelines.files] DEBUG: File (uptodate): Downloaded image from <GET https://images.pexels.com/photos/35049000/pexels-photo-35049000.jpeg?auto=compress&cs=tinysrgb&dpr=2&h=650&w=940> referred in <None>
2026-07-14 17:35:17 [scrapy.pipelines.files] DEBUG: File (uptodate): Downloaded image from <GET https://images.pexels.com/photos/22883229/pexels-photo-22883229.jpeg?auto=compress&cs=tinysrgb&dpr=2&h=650&w=940> referred in <None>
2026-07-14 17:35:17 [scrapy.pipelines.files] DEBUG: File (uptodate): Downloaded image from <GET https://images.pexels.com/photos/13016996/pexels-photo-13016996.jpeg?auto=compress&cs=tinysrgb&dpr=2&h=650&w=940> referred in <None>
2026-07-14 17:35:17 [scrapy.pipelines.files] DEBUG: File (uptodate): Downloaded image from <GET https://images.pexels.com/photos/38398917/pexels-photo-38398917.jpeg?auto=compress&cs=tinysrgb&dpr=2&h=650&w=940> referred in <None>
2026-07-14 17:35:17 [scrapy.pipelines.files] DEBUG: File (uptodate): Downloaded image from <GET https://images.pexels.com/photos/34743035/pexels-photo-34743035.jpeg?auto=compress&cs=tinysrgb&dpr=2&h=650&w=940> referred in <None>
2026-07-14 17:35:17 [scrapy.pipelines.files] DEBUG: File (uptodate): Downloaded image from <GET https://images.pexels.com/photos/33797812/pexels-photo-33797812.jpeg?auto=compress&cs=tinysrgb&dpr=2&h=650&w=940> referred in <None>
2026-07-14 17:35:17 [scrapy.pipelines.files] DEBUG: File (uptodate): Downloaded image from <GET https://images.pexels.com/photos/30273526/pexels-photo-30273526.jpeg?auto=compress&cs=tinysrgb&dpr=2&h=650&w=940> referred in <None>
2026-07-14 17:35:17 [scrapy.pipelines.files] DEBUG: File (uptodate): Downloaded image from <GET https://images.pexels.com/photos/38058604/pexels-photo-38058604.jpeg?auto=compress&cs=tinysrgb&dpr=2&h=650&w=940> referred in <None>
2026-07-14 17:35:17 [scrapy.pipelines.files] DEBUG: File (uptodate): Downloaded image from <GET https://images.pexels.com/photos/38058590/pexels-photo-38058590.jpeg?auto=compress&cs=tinysrgb&dpr=2&h=650&w=940> referred in <None>
2026-07-14 17:35:17 [scrapy.pipelines.files] DEBUG: File (uptodate): Downloaded image from <GET https://images.pexels.com/photos/33319497/pexels-photo-33319497.jpeg?auto=compress&cs=tinysrgb&dpr=2&h=650&w=940> referred in <None>
2026-07-14 17:35:17 [scrapy.pipelines.files] DEBUG: File (uptodate): Downloaded image from <GET https://images.pexels.com/photos/27565481/pexels-photo-27565481.jpeg?auto=compress&cs=tinysrgb&dpr=2&h=650&w=940> referred in <None>
2026-07-14 17:35:17 [scrapy.pipelines.files] DEBUG: File (uptodate): Downloaded image from <GET https://images.pexels.com/photos/28825499/pexels-photo-28825499.jpeg?auto=compress&cs=tinysrgb&dpr=2&h=650&w=940> referred in <None>
2026-07-14 17:35:17 [scrapy.pipelines.files] DEBUG: File (uptodate): Downloaded image from <GET https://images.pexels.com/photos/14531354/pexels-photo-14531354.jpeg?auto=compress&cs=tinysrgb&dpr=2&h=650&w=940> referred in <None>
2026-07-14 17:35:17 [scrapy.pipelines.files] DEBUG: File (uptodate): Downloaded image from <GET https://images.pexels.com/photos/18138624/pexels-photo-18138624.jpeg?auto=compress&cs=tinysrgb&dpr=2&h=650&w=940> referred in <None>
2026-07-14 17:35:17 [scrapy.pipelines.files] DEBUG: File (uptodate): Downloaded image from <GET https://images.pexels.com/photos/16831078/pexels-photo-16831078.jpeg?auto=compress&cs=tinysrgb&dpr=2&h=650&w=940> referred in <None>
2026-07-14 17:35:17 [scrapy.pipelines.files] DEBUG: File (uptodate): Downloaded image from <GET https://images.pexels.com/photos/28849120/pexels-photo-28849120.jpeg?auto=compress&cs=tinysrgb&dpr=2&h=650&w=940> referred in <None>
2026-07-14 17:35:17 [scrapy.pipelines.files] DEBUG: File (uptodate): Downloaded image from <GET https://images.pexels.com/photos/38065886/pexels-photo-38065886.jpeg?auto=compress&cs=tinysrgb&dpr=2&h=650&w=940> referred in <None>
2026-07-14 17:35:17 [scrapy.pipelines.files] DEBUG: File (uptodate): Downloaded image from <GET https://images.pexels.com/photos/34004791/pexels-photo-34004791.jpeg?auto=compress&cs=tinysrgb&dpr=2&h=650&w=940> referred in <None>
2026-07-14 17:35:17 [scrapy.pipelines.files] DEBUG: File (uptodate): Downloaded image from <GET https://images.pexels.com/photos/34742990/pexels-photo-34742990.jpeg?auto=compress&cs=tinysrgb&dpr=2&h=650&w=940> referred in <None>
2026-07-14 17:35:17 [scrapy.pipelines.files] DEBUG: File (uptodate): Downloaded image from <GET https://images.pexels.com/photos/24771857/pexels-photo-24771857.jpeg?auto=compress&cs=tinysrgb&dpr=2&h=650&w=940> referred in <None>
2026-07-14 17:35:17 [scrapy.pipelines.files] DEBUG: File (uptodate): Downloaded image from <GET https://images.pexels.com/photos/10644068/pexels-photo-10644068.jpeg?auto=compress&cs=tinysrgb&dpr=2&h=650&w=940> referred in <None>
2026-07-14 17:35:17 [scrapy.pipelines.files] DEBUG: File (uptodate): Downloaded image from <GET https://images.pexels.com/photos/16481621/pexels-photo-16481621.jpeg?auto=compress&cs=tinysrgb&dpr=2&h=650&w=940> referred in <None>
2026-07-14 17:35:17 [scrapy.pipelines.files] DEBUG: File (uptodate): Downloaded image from <GET https://images.pexels.com/photos/38058615/pexels-photo-38058615.jpeg?auto=compress&cs=tinysrgb&dpr=2&h=650&w=940> referred in <None>
2026-07-14 17:35:17 [scrapy.pipelines.files] DEBUG: File (uptodate): Downloaded image from <GET https://images.pexels.com/photos/12188432/pexels-photo-12188432.jpeg?auto=compress&cs=tinysrgb&dpr=2&h=650&w=940> referred in <None>
2026-07-14 17:35:17 [scrapy.pipelines.files] DEBUG: File (uptodate): Downloaded image from <GET https://images.pexels.com/photos/33797813/pexels-photo-33797813.jpeg?auto=compress&cs=tinysrgb&dpr=2&h=650&w=940> referred in <None>
2026-07-14 17:35:17 [scrapy.pipelines.files] DEBUG: File (uptodate): Downloaded image from <GET https://images.pexels.com/photos/35991826/pexels-photo-35991826.jpeg?auto=compress&cs=tinysrgb&dpr=2&h=650&w=940> referred in <None>
2026-07-14 17:35:17 [scrapy.pipelines.files] DEBUG: File (uptodate): Downloaded image from <GET https://images.pexels.com/photos/38058601/pexels-photo-38058601.jpeg?auto=compress&cs=tinysrgb&dpr=2&h=650&w=940> referred in <None>
2026-07-14 17:35:17 [scrapy.pipelines.files] DEBUG: File (uptodate): Downloaded image from <GET https://images.pexels.com/photos/33759291/pexels-photo-33759291.jpeg?auto=compress&cs=tinysrgb&dpr=2&h=650&w=940> referred in <None>
2026-07-14 17:35:17 [scrapy.pipelines.files] DEBUG: File (uptodate): Downloaded image from <GET https://images.pexels.com/photos/38058585/pexels-photo-38058585.jpeg?auto=compress&cs=tinysrgb&dpr=2&h=650&w=940> referred in <None>
2026-07-14 17:35:17 [scrapy.pipelines.files] DEBUG: File (uptodate): Downloaded image from <GET https://images.pexels.com/photos/33693383/pexels-photo-33693383.jpeg?auto=compress&cs=tinysrgb&dpr=2&h=650&w=940> referred in <None>
2026-07-14 17:35:17 [scrapy.pipelines.files] DEBUG: File (uptodate): Downloaded image from <GET https://images.pexels.com/photos/32226095/pexels-photo-32226095.jpeg?auto=compress&cs=tinysrgb&dpr=2&h=650&w=940> referred in <None>
2026-07-14 17:35:17 [scrapy.pipelines.files] DEBUG: File (uptodate): Downloaded image from <GET https://images.pexels.com/photos/27565478/pexels-photo-27565478.jpeg?auto=compress&cs=tinysrgb&dpr=2&h=650&w=940> referred in <None>
2026-07-14 17:35:17 [scrapy.pipelines.files] DEBUG: File (uptodate): Downloaded image from <GET https://images.pexels.com/photos/38065909/pexels-photo-38065909.jpeg?auto=compress&cs=tinysrgb&dpr=2&h=650&w=940> referred in <None>
2026-07-14 17:35:17 [scrapy.pipelines.files] DEBUG: File (uptodate): Downloaded image from <GET https://images.pexels.com/photos/17911356/pexels-photo-17911356.jpeg?auto=compress&cs=tinysrgb&dpr=2&h=650&w=940> referred in <None>
2026-07-14 17:35:17 [scrapy.pipelines.files] DEBUG: File (uptodate): Downloaded image from <GET https://images.pexels.com/photos/34710699/pexels-photo-34710699.jpeg?auto=compress&cs=tinysrgb&dpr=2&h=650&w=940> referred in <None>
2026-07-14 17:35:17 [scrapy.pipelines.files] DEBUG: File (uptodate): Downloaded image from <GET https://images.pexels.com/photos/1842819/pexels-photo-1842819.jpeg?auto=compress&cs=tinysrgb&dpr=2&h=650&w=940> referred in <None>
2026-07-14 17:35:17 [scrapy.pipelines.files] DEBUG: File (uptodate): Downloaded image from <GET https://images.pexels.com/photos/6468251/pexels-photo-6468251.jpeg?auto=compress&cs=tinysrgb&dpr=2&h=650&w=940> referred in <None>
2026-07-14 17:35:17 [scrapy.pipelines.files] DEBUG: File (uptodate): Downloaded image from <GET https://images.pexels.com/photos/27583112/pexels-photo-27583112.jpeg?auto=compress&cs=tinysrgb&dpr=2&h=650&w=940> referred in <None>
2026-07-14 17:35:17 [scrapy.pipelines.files] DEBUG: File (uptodate): Downloaded image from <GET https://images.pexels.com/photos/31982670/pexels-photo-31982670.jpeg?auto=compress&cs=tinysrgb&dpr=2&h=650&w=940> referred in <None>
2026-07-14 17:35:17 [scrapy.pipelines.files] DEBUG: File (uptodate): Downloaded image from <GET https://images.pexels.com/photos/12754746/pexels-photo-12754746.png?auto=compress&cs=tinysrgb&dpr=2&h=650&w=940> referred in <None>
2026-07-14 17:35:17 [scrapy.pipelines.files] DEBUG: File (uptodate): Downloaded image from <GET https://images.pexels.com/photos/16763109/pexels-photo-16763109.jpeg?auto=compress&cs=tinysrgb&dpr=2&h=650&w=940> referred in <None>
2026-07-14 17:35:17 [scrapy.pipelines.files] DEBUG: File (uptodate): Downloaded image from <GET https://images.pexels.com/photos/12751729/pexels-photo-12751729.jpeg?auto=compress&cs=tinysrgb&dpr=2&h=650&w=940> referred in <None>
2026-07-14 17:35:17 [scrapy.pipelines.files] DEBUG: File (uptodate): Downloaded image from <GET https://images.pexels.com/photos/23489805/pexels-photo-23489805.jpeg?auto=compress&cs=tinysrgb&dpr=2&h=650&w=940> referred in <None>
2026-07-14 17:35:17 [scrapy.pipelines.files] DEBUG: File (uptodate): Downloaded image from <GET https://images.pexels.com/photos/17132331/pexels-photo-17132331.jpeg?auto=compress&cs=tinysrgb&dpr=2&h=650&w=940> referred in <None>
2026-07-14 17:35:17 [scrapy.pipelines.files] DEBUG: File (uptodate): Downloaded image from <GET https://images.pexels.com/photos/10293541/pexels-photo-10293541.jpeg?auto=compress&cs=tinysrgb&dpr=2&h=650&w=940> referred in <None>
2026-07-14 17:35:17 [scrapy.pipelines.files] DEBUG: File (uptodate): Downloaded image from <GET https://images.pexels.com/photos/31982677/pexels-photo-31982677.jpeg?auto=compress&cs=tinysrgb&dpr=2&h=650&w=940> referred in <None>
2026-07-14 17:35:17 [scrapy.core.scraper] DEBUG: Scraped from <200 https://api.pexels.com/v1/search?query=duck&per_page=80&page=1>
{'image_urls': ['https://images.pexels.com/photos/38065888/pexels-photo-38065888.jpeg?auto=compress&cs=tinysrgb&dpr=2&h=650&w=940'],
 'images': [{'checksum': '198f11878f0ade0f9b895b8cc44a174f',
             'path': 'duck/2420281718ef0de20a9e49a03b2bb44592b8a2c6.jpg',
             'status': 'uptodate',
             'url': 'https://images.pexels.com/photos/38065888/pexels-photo-38065888.jpeg?auto=compress&cs=tinysrgb&dpr=2&h=650&w=940'}],
 'label': 'duck',
 'source_id': '38065888'}
2026-07-14 17:35:17 [scrapy.core.scraper] DEBUG: Scraped from <200 https://api.pexels.com/v1/search?query=duck&per_page=80&page=1>
{'image_urls': ['https://images.pexels.com/photos/28542760/pexels-photo-28542760.jpeg?auto=compress&cs=tinysrgb&dpr=2&h=650&w=940'],
 'images': [{'checksum': '67e6bf676561cc5178e0082c616811da',
             'path': 'duck/0202c60d4c72ec67b86967e1006d0cc85f2bc9b9.jpg',
             'status': 'uptodate',
             'url': 'https://images.pexels.com/photos/28542760/pexels-photo-28542760.jpeg?auto=compress&cs=tinysrgb&dpr=2&h=650&w=940'}],
 'label': 'duck',
 'source_id': '28542760'}
2026-07-14 17:35:17 [scrapy.core.scraper] DEBUG: Scraped from <200 https://api.pexels.com/v1/search?query=duck&per_page=80&page=1>
{'image_urls': ['https://images.pexels.com/photos/11769613/pexels-photo-11769613.jpeg?auto=compress&cs=tinysrgb&dpr=2&h=650&w=940'],
 'images': [{'checksum': '05e7fa5c96cc906fdf5699df0c1e5e1f',
             'path': 'duck/af080f270b1413c65002abda19f1842aa5e76a1c.jpg',
             'status': 'uptodate',
             'url': 'https://images.pexels.com/photos/11769613/pexels-photo-11769613.jpeg?auto=compress&cs=tinysrgb&dpr=2&h=650&w=940'}],
 'label': 'duck',
 'source_id': '11769613'}
2026-07-14 17:35:17 [scrapy.core.scraper] DEBUG: Scraped from <200 https://api.pexels.com/v1/search?query=duck&per_page=80&page=1>
{'image_urls': ['https://images.pexels.com/photos/38509168/pexels-photo-38509168.jpeg?auto=compress&cs=tinysrgb&dpr=2&h=650&w=940'],
 'images': [{'checksum': 'a3412830ff8c550bf2f692902ce38e3e',
             'path': 'duck/c4409eea2c7ae85781ffb73f5fbeee4af9353978.jpg',
             'status': 'uptodate',
             'url': 'https://images.pexels.com/photos/38509168/pexels-photo-38509168.jpeg?auto=compress&cs=tinysrgb&dpr=2&h=650&w=940'}],
 'label': 'duck',
 'source_id': '38509168'}
2026-07-14 17:35:17 [scrapy.core.scraper] DEBUG: Scraped from <200 https://api.pexels.com/v1/search?query=duck&per_page=80&page=1>
{'image_urls': ['https://images.pexels.com/photos/7147240/pexels-photo-7147240.jpeg?auto=compress&cs=tinysrgb&dpr=2&h=650&w=940'],
 'images': [{'checksum': '063f7b6790ba9033531a0e8069efebea',
             'path': 'duck/f58bc493537fbd5b1265c19d4337dbe2f1877b09.jpg',
             'status': 'uptodate',
             'url': 'https://images.pexels.com/photos/7147240/pexels-photo-7147240.jpeg?auto=compress&cs=tinysrgb&dpr=2&h=650&w=940'}],
 'label': 'duck',
 'source_id': '7147240'}
2026-07-14 17:35:17 [scrapy.core.scraper] DEBUG: Scraped from <200 https://api.pexels.com/v1/search?query=duck&per_page=80&page=1>
{'image_urls': ['https://images.pexels.com/photos/19252021/pexels-photo-19252021.jpeg?auto=compress&cs=tinysrgb&dpr=2&h=650&w=940'],
 'images': [{'checksum': '30ef41825f26c88d2e6474fd5e6c789e',
             'path': 'duck/c2765792bf880541bec03cee2bba08da1956bca4.jpg',
             'status': 'uptodate',
             'url': 'https://images.pexels.com/photos/19252021/pexels-photo-19252021.jpeg?auto=compress&cs=tinysrgb&dpr=2&h=650&w=940'}],
 'label': 'duck',
 'source_id': '19252021'}
2026-07-14 17:35:17 [scrapy.core.scraper] DEBUG: Scraped from <200 https://api.pexels.com/v1/search?query=duck&per_page=80&page=1>
{'image_urls': ['https://images.pexels.com/photos/37492535/pexels-photo-37492535.jpeg?auto=compress&cs=tinysrgb&dpr=2&h=650&w=940'],
 'images': [{'checksum': 'b7c7682f82da7aabfe5de5e9e3c30bc6',
             'path': 'duck/99ea38e69c7917b0e29ceb58f35d4b4fba239b50.jpg',
             'status': 'uptodate',
             'url': 'https://images.pexels.com/photos/37492535/pexels-photo-37492535.jpeg?auto=compress&cs=tinysrgb&dpr=2&h=650&w=940'}],
 'label': 'duck',
 'source_id': '37492535'}
2026-07-14 17:35:17 [scrapy.core.scraper] DEBUG: Scraped from <200 https://api.pexels.com/v1/search?query=duck&per_page=80&page=1>
{'image_urls': ['https://images.pexels.com/photos/5874724/pexels-photo-5874724.jpeg?auto=compress&cs=tinysrgb&dpr=2&h=650&w=940'],
 'images': [{'checksum': 'd00911b839f9af552c1cab696b0b54bb',
             'path': 'duck/0e41a11963d07bad30995f5da6915bd2de597509.jpg',
             'status': 'uptodate',
             'url': 'https://images.pexels.com/photos/5874724/pexels-photo-5874724.jpeg?auto=compress&cs=tinysrgb&dpr=2&h=650&w=940'}],
 'label': 'duck',
 'source_id': '5874724'}
2026-07-14 17:35:17 [scrapy.core.scraper] DEBUG: Scraped from <200 https://api.pexels.com/v1/search?query=duck&per_page=80&page=1>
{'image_urls': ['https://images.pexels.com/photos/660266/pexels-photo-660266.jpeg?auto=compress&cs=tinysrgb&dpr=2&h=650&w=940'],
 'images': [{'checksum': 'f6be349a5540e07f19a88e547b2b9e8b',
             'path': 'duck/99f5f4c98d8bb33e9ce4dfd2f73f7e6511d77b02.jpg',
             'status': 'uptodate',
             'url': 'https://images.pexels.com/photos/660266/pexels-photo-660266.jpeg?auto=compress&cs=tinysrgb&dpr=2&h=650&w=940'}],
 'label': 'duck',
 'source_id': '660266'}
2026-07-14 17:35:17 [scrapy.core.scraper] DEBUG: Scraped from <200 https://api.pexels.com/v1/search?query=duck&per_page=80&page=1>
{'image_urls': ['https://images.pexels.com/photos/27757686/pexels-photo-27757686.jpeg?auto=compress&cs=tinysrgb&dpr=2&h=650&w=940'],
 'images': [{'checksum': '4f328d8a623230a36d2d469b87a461ba',
             'path': 'duck/813d2859c091bf8e41ad717d08140bc0ea6fea56.jpg',
             'status': 'uptodate',
             'url': 'https://images.pexels.com/photos/27757686/pexels-photo-27757686.jpeg?auto=compress&cs=tinysrgb&dpr=2&h=650&w=940'}],
 'label': 'duck',
 'source_id': '27757686'}
2026-07-14 17:35:17 [scrapy.core.scraper] DEBUG: Scraped from <200 https://api.pexels.com/v1/search?query=duck&per_page=80&page=1>
{'image_urls': ['https://images.pexels.com/photos/38058597/pexels-photo-38058597.jpeg?auto=compress&cs=tinysrgb&dpr=2&h=650&w=940'],
 'images': [{'checksum': '61739fdcca99b93ce8f4c5e6c98ddf48',
             'path': 'duck/62defaac1a81cfda78e9669471af8d7fb4c88d6d.jpg',
             'status': 'uptodate',
             'url': 'https://images.pexels.com/photos/38058597/pexels-photo-38058597.jpeg?auto=compress&cs=tinysrgb&dpr=2&h=650&w=940'}],
 'label': 'duck',
 'source_id': '38058597'}
2026-07-14 17:35:17 [scrapy.core.scraper] DEBUG: Scraped from <200 https://api.pexels.com/v1/search?query=duck&per_page=80&page=1>
{'image_urls': ['https://images.pexels.com/photos/27565482/pexels-photo-27565482.jpeg?auto=compress&cs=tinysrgb&dpr=2&h=650&w=940'],
 'images': [{'checksum': '25be7454625a447c6e39f5dd15cb1e21',
             'path': 'duck/8f0cfe5bebb49ced1e1b33a81b766f620132b79b.jpg',
             'status': 'uptodate',
             'url': 'https://images.pexels.com/photos/27565482/pexels-photo-27565482.jpeg?auto=compress&cs=tinysrgb&dpr=2&h=650&w=940'}],
 'label': 'duck',
 'source_id': '27565482'}
2026-07-14 17:35:17 [scrapy.core.scraper] DEBUG: Scraped from <200 https://api.pexels.com/v1/search?query=duck&per_page=80&page=1>
{'image_urls': ['https://images.pexels.com/photos/4627286/pexels-photo-4627286.jpeg?auto=compress&cs=tinysrgb&dpr=2&h=650&w=940'],
 'images': [{'checksum': 'f376690be98a6c9f610417f58c2e3e3c',
             'path': 'duck/2469baacb835a80f656ba560d64ef3d2a98e304b.jpg',
             'status': 'uptodate',
             'url': 'https://images.pexels.com/photos/4627286/pexels-photo-4627286.jpeg?auto=compress&cs=tinysrgb&dpr=2&h=650&w=940'}],
 'label': 'duck',
 'source_id': '4627286'}
2026-07-14 17:35:17 [scrapy.core.scraper] DEBUG: Scraped from <200 https://api.pexels.com/v1/search?query=duck&per_page=80&page=1>
{'image_urls': ['https://images.pexels.com/photos/34442978/pexels-photo-34442978.jpeg?auto=compress&cs=tinysrgb&dpr=2&h=650&w=940'],
 'images': [{'checksum': 'd88ef9b4d7818a7daf946b40dd9d9467',
             'path': 'duck/baf8c0419a098190d7a63897c5302113caf82bb8.jpg',
             'status': 'uptodate',
             'url': 'https://images.pexels.com/photos/34442978/pexels-photo-34442978.jpeg?auto=compress&cs=tinysrgb&dpr=2&h=650&w=940'}],
 'label': 'duck',
 'source_id': '34442978'}
2026-07-14 17:35:17 [scrapy.core.scraper] DEBUG: Scraped from <200 https://api.pexels.com/v1/search?query=duck&per_page=80&page=1>
{'image_urls': ['https://images.pexels.com/photos/33153171/pexels-photo-33153171.jpeg?auto=compress&cs=tinysrgb&dpr=2&h=650&w=940'],
 'images': [{'checksum': '5b7580c644c6b0b11980e0bcf9a84c9d',
             'path': 'duck/94c4f91e317bec40043ca6b232fc748011b1f713.jpg',
             'status': 'uptodate',
             'url': 'https://images.pexels.com/photos/33153171/pexels-photo-33153171.jpeg?auto=compress&cs=tinysrgb&dpr=2&h=650&w=940'}],
 'label': 'duck',
 'source_id': '33153171'}
2026-07-14 17:35:17 [scrapy.core.scraper] DEBUG: Scraped from <200 https://api.pexels.com/v1/search?query=duck&per_page=80&page=1>
{'image_urls': ['https://images.pexels.com/photos/13850023/pexels-photo-13850023.jpeg?auto=compress&cs=tinysrgb&dpr=2&h=650&w=940'],
 'images': [{'checksum': '85ecf2b5895db502df1aecd345a275c6',
             'path': 'duck/098155c6a52cfabfa64ce2dc3549d58a14aa9fc5.jpg',
             'status': 'uptodate',
             'url': 'https://images.pexels.com/photos/13850023/pexels-photo-13850023.jpeg?auto=compress&cs=tinysrgb&dpr=2&h=650&w=940'}],
 'label': 'duck',
 'source_id': '13850023'}
2026-07-14 17:35:17 [scrapy.core.scraper] DEBUG: Scraped from <200 https://api.pexels.com/v1/search?query=duck&per_page=80&page=1>
{'image_urls': ['https://images.pexels.com/photos/33810920/pexels-photo-33810920.jpeg?auto=compress&cs=tinysrgb&dpr=2&h=650&w=940'],
 'images': [{'checksum': 'e427a370a50cc1d87a1dba935437ce7d',
             'path': 'duck/8e8621675d93ad35c03e0a73d7cbdad683a976da.jpg',
             'status': 'uptodate',
             'url': 'https://images.pexels.com/photos/33810920/pexels-photo-33810920.jpeg?auto=compress&cs=tinysrgb&dpr=2&h=650&w=940'}],
 'label': 'duck',
 'source_id': '33810920'}
2026-07-14 17:35:17 [scrapy.core.scraper] DEBUG: Scraped from <200 https://api.pexels.com/v1/search?query=duck&per_page=80&page=1>
{'image_urls': ['https://images.pexels.com/photos/19985568/pexels-photo-19985568.jpeg?auto=compress&cs=tinysrgb&dpr=2&h=650&w=940'],
 'images': [{'checksum': '5ce51956e3e71583adb5a8f8d05bcbe3',
             'path': 'duck/38034d1838d3cf7764af6b135dab7f9a75fca5a9.jpg',
             'status': 'uptodate',
             'url': 'https://images.pexels.com/photos/19985568/pexels-photo-19985568.jpeg?auto=compress&cs=tinysrgb&dpr=2&h=650&w=940'}],
 'label': 'duck',
 'source_id': '19985568'}
2026-07-14 17:35:17 [scrapy.core.scraper] DEBUG: Scraped from <200 https://api.pexels.com/v1/search?query=duck&per_page=80&page=1>
{'image_urls': ['https://images.pexels.com/photos/31955717/pexels-photo-31955717.jpeg?auto=compress&cs=tinysrgb&dpr=2&h=650&w=940'],
 'images': [{'checksum': 'cf9103f5b0c8eb4f1df35b9645817d0f',
             'path': 'duck/9a62ec3bd8e3632dd09900e3c7a606bb56496566.jpg',
             'status': 'uptodate',
             'url': 'https://images.pexels.com/photos/31955717/pexels-photo-31955717.jpeg?auto=compress&cs=tinysrgb&dpr=2&h=650&w=940'}],
 'label': 'duck',
 'source_id': '31955717'}
2026-07-14 17:35:17 [scrapy.core.scraper] DEBUG: Scraped from <200 https://api.pexels.com/v1/search?query=duck&per_page=80&page=1>
{'image_urls': ['https://images.pexels.com/photos/27565483/pexels-photo-27565483.jpeg?auto=compress&cs=tinysrgb&dpr=2&h=650&w=940'],
 'images': [{'checksum': 'f19ca1603d8df37c37237e69ed483a98',
             'path': 'duck/2510816800f972297e6b30de35ec393b10927401.jpg',
             'status': 'uptodate',
             'url': 'https://images.pexels.com/photos/27565483/pexels-photo-27565483.jpeg?auto=compress&cs=tinysrgb&dpr=2&h=650&w=940'}],
 'label': 'duck',
 'source_id': '27565483'}
2026-07-14 17:35:17 [scrapy.core.scraper] DEBUG: Scraped from <200 https://api.pexels.com/v1/search?query=duck&per_page=80&page=1>
{'image_urls': ['https://images.pexels.com/photos/34523354/pexels-photo-34523354.jpeg?auto=compress&cs=tinysrgb&dpr=2&h=650&w=940'],
 'images': [{'checksum': 'b16dd03c7812eec0a9155e9b367e5c4d',
             'path': 'duck/264856f5f16c208addb1643712f8c4dbb8f74acb.jpg',
             'status': 'uptodate',
             'url': 'https://images.pexels.com/photos/34523354/pexels-photo-34523354.jpeg?auto=compress&cs=tinysrgb&dpr=2&h=650&w=940'}],
 'label': 'duck',
 'source_id': '34523354'}
2026-07-14 17:35:17 [scrapy.core.scraper] DEBUG: Scraped from <200 https://api.pexels.com/v1/search?query=duck&per_page=80&page=1>
{'image_urls': ['https://images.pexels.com/photos/17863411/pexels-photo-17863411.jpeg?auto=compress&cs=tinysrgb&dpr=2&h=650&w=940'],
 'images': [{'checksum': '18561bbc45f4dc5bce7c77d0f242d096',
             'path': 'duck/8c187b355098098cd1cdfb242e9ec58387f68ae8.jpg',
             'status': 'uptodate',
             'url': 'https://images.pexels.com/photos/17863411/pexels-photo-17863411.jpeg?auto=compress&cs=tinysrgb&dpr=2&h=650&w=940'}],
 'label': 'duck',
 'source_id': '17863411'}
2026-07-14 17:35:17 [scrapy.core.scraper] DEBUG: Scraped from <200 https://api.pexels.com/v1/search?query=duck&per_page=80&page=1>
{'image_urls': ['https://images.pexels.com/photos/36795780/pexels-photo-36795780.jpeg?auto=compress&cs=tinysrgb&dpr=2&h=650&w=940'],
 'images': [{'checksum': '0b7019761d9011dddbee3a7eb119b57c',
             'path': 'duck/de0b64d9ea40246a4e97ffe8538a2ee6f8f4d7ac.jpg',
             'status': 'uptodate',
             'url': 'https://images.pexels.com/photos/36795780/pexels-photo-36795780.jpeg?auto=compress&cs=tinysrgb&dpr=2&h=650&w=940'}],
 'label': 'duck',
 'source_id': '36795780'}
2026-07-14 17:35:17 [scrapy.core.scraper] DEBUG: Scraped from <200 https://api.pexels.com/v1/search?query=duck&per_page=80&page=1>
{'image_urls': ['https://images.pexels.com/photos/8797509/pexels-photo-8797509.jpeg?auto=compress&cs=tinysrgb&dpr=2&h=650&w=940'],
 'images': [{'checksum': '24696ed11555b8650dae976852c5487e',
             'path': 'duck/2109c5f779e39e8f507f3e4c99d6fb716656e035.jpg',
             'status': 'uptodate',
             'url': 'https://images.pexels.com/photos/8797509/pexels-photo-8797509.jpeg?auto=compress&cs=tinysrgb&dpr=2&h=650&w=940'}],
 'label': 'duck',
 'source_id': '8797509'}
2026-07-14 17:35:17 [scrapy.core.scraper] DEBUG: Scraped from <200 https://api.pexels.com/v1/search?query=duck&per_page=80&page=1>
{'image_urls': ['https://images.pexels.com/photos/5840900/pexels-photo-5840900.jpeg?auto=compress&cs=tinysrgb&dpr=2&h=650&w=940'],
 'images': [{'checksum': 'b0a8e66a71b9571b1c6e0064df4368d9',
             'path': 'duck/32a6779df87bcaba9860b5e2d916c830a195e400.jpg',
             'status': 'uptodate',
             'url': 'https://images.pexels.com/photos/5840900/pexels-photo-5840900.jpeg?auto=compress&cs=tinysrgb&dpr=2&h=650&w=940'}],
 'label': 'duck',
 'source_id': '5840900'}
2026-07-14 17:35:17 [scrapy.core.scraper] DEBUG: Scraped from <200 https://api.pexels.com/v1/search?query=duck&per_page=80&page=1>
{'image_urls': ['https://images.pexels.com/photos/35010146/pexels-photo-35010146.jpeg?auto=compress&cs=tinysrgb&dpr=2&h=650&w=940'],
 'images': [{'checksum': '751f238292755fd5b26e2a3741d8f52e',
             'path': 'duck/256a3d39165c7f346c5404175cdcb0a0d39c13b7.jpg',
             'status': 'uptodate',
             'url': 'https://images.pexels.com/photos/35010146/pexels-photo-35010146.jpeg?auto=compress&cs=tinysrgb&dpr=2&h=650&w=940'}],
 'label': 'duck',
 'source_id': '35010146'}
2026-07-14 17:35:17 [scrapy.core.scraper] DEBUG: Scraped from <200 https://api.pexels.com/v1/search?query=duck&per_page=80&page=1>
{'image_urls': ['https://images.pexels.com/photos/6676593/pexels-photo-6676593.jpeg?auto=compress&cs=tinysrgb&dpr=2&h=650&w=940'],
 'images': [{'checksum': 'ffcd637f102b1bd70c2454ac03d008e1',
             'path': 'duck/ad45f929078aa3216b46de2f90184d1fdce68b17.jpg',
             'status': 'uptodate',
             'url': 'https://images.pexels.com/photos/6676593/pexels-photo-6676593.jpeg?auto=compress&cs=tinysrgb&dpr=2&h=650&w=940'}],
 'label': 'duck',
 'source_id': '6676593'}
2026-07-14 17:35:17 [scrapy.core.scraper] DEBUG: Scraped from <200 https://api.pexels.com/v1/search?query=duck&per_page=80&page=1>
{'image_urls': ['https://images.pexels.com/photos/38058595/pexels-photo-38058595.jpeg?auto=compress&cs=tinysrgb&dpr=2&h=650&w=940'],
 'images': [{'checksum': '2006d6cf1d2ed8cd60b8e1d1a2d0a0c8',
             'path': 'duck/29503b5a326927dbee1f0ab66f34bf50d57b72f3.jpg',
             'status': 'uptodate',
             'url': 'https://images.pexels.com/photos/38058595/pexels-photo-38058595.jpeg?auto=compress&cs=tinysrgb&dpr=2&h=650&w=940'}],
 'label': 'duck',
 'source_id': '38058595'}
2026-07-14 17:35:17 [scrapy.core.scraper] DEBUG: Scraped from <200 https://api.pexels.com/v1/search?query=duck&per_page=80&page=1>
{'image_urls': ['https://images.pexels.com/photos/5893758/pexels-photo-5893758.jpeg?auto=compress&cs=tinysrgb&dpr=2&h=650&w=940'],
 'images': [{'checksum': '584ef88beb82ecef6605bd4043060054',
             'path': 'duck/e61666fe78f3f43c9a8b0bbb8c17477cc4f560cc.jpg',
             'status': 'uptodate',
             'url': 'https://images.pexels.com/photos/5893758/pexels-photo-5893758.jpeg?auto=compress&cs=tinysrgb&dpr=2&h=650&w=940'}],
 'label': 'duck',
 'source_id': '5893758'}
2026-07-14 17:35:17 [scrapy.core.scraper] DEBUG: Scraped from <200 https://api.pexels.com/v1/search?query=duck&per_page=80&page=1>
{'image_urls': ['https://images.pexels.com/photos/34234865/pexels-photo-34234865.jpeg?auto=compress&cs=tinysrgb&dpr=2&h=650&w=940'],
 'images': [{'checksum': '1bfd5b0a6e0f82c07609071050aebfb0',
             'path': 'duck/392b1f99abe408863a4d16152ebe77b74befb1c8.jpg',
             'status': 'uptodate',
             'url': 'https://images.pexels.com/photos/34234865/pexels-photo-34234865.jpeg?auto=compress&cs=tinysrgb&dpr=2&h=650&w=940'}],
 'label': 'duck',
 'source_id': '34234865'}
2026-07-14 17:35:17 [scrapy.core.scraper] DEBUG: Scraped from <200 https://api.pexels.com/v1/search?query=duck&per_page=80&page=1>
{'image_urls': ['https://images.pexels.com/photos/6690649/pexels-photo-6690649.jpeg?auto=compress&cs=tinysrgb&dpr=2&h=650&w=940'],
 'images': [{'checksum': '79a3cda9d492f7c3908bb8d686893b27',
             'path': 'duck/90bf740682713aad28fa9e390aa226dbfef6b04c.jpg',
             'status': 'uptodate',
             'url': 'https://images.pexels.com/photos/6690649/pexels-photo-6690649.jpeg?auto=compress&cs=tinysrgb&dpr=2&h=650&w=940'}],
 'label': 'duck',
 'source_id': '6690649'}
2026-07-14 17:35:17 [scrapy.core.scraper] DEBUG: Scraped from <200 https://api.pexels.com/v1/search?query=duck&per_page=80&page=1>
{'image_urls': ['https://images.pexels.com/photos/36395956/pexels-photo-36395956.jpeg?auto=compress&cs=tinysrgb&dpr=2&h=650&w=940'],
 'images': [{'checksum': '3345abe7628bcbf6fc1bc6c772976d7b',
             'path': 'duck/0dd5a22e73d1210e117c1bb579bb8c7bf874919a.jpg',
             'status': 'uptodate',
             'url': 'https://images.pexels.com/photos/36395956/pexels-photo-36395956.jpeg?auto=compress&cs=tinysrgb&dpr=2&h=650&w=940'}],
 'label': 'duck',
 'source_id': '36395956'}
2026-07-14 17:35:17 [scrapy.core.scraper] DEBUG: Scraped from <200 https://api.pexels.com/v1/search?query=duck&per_page=80&page=1>
{'image_urls': ['https://images.pexels.com/photos/37477303/pexels-photo-37477303.jpeg?auto=compress&cs=tinysrgb&dpr=2&h=650&w=940'],
 'images': [{'checksum': '7279da4e4e0c48d168e281235988a395',
             'path': 'duck/02755f3e4eaa00c440ec2a4f04e1acdf8971f0f7.jpg',
             'status': 'uptodate',
             'url': 'https://images.pexels.com/photos/37477303/pexels-photo-37477303.jpeg?auto=compress&cs=tinysrgb&dpr=2&h=650&w=940'}],
 'label': 'duck',
 'source_id': '37477303'}
2026-07-14 17:35:17 [scrapy.core.scraper] DEBUG: Scraped from <200 https://api.pexels.com/v1/search?query=duck&per_page=80&page=1>
{'image_urls': ['https://images.pexels.com/photos/22883229/pexels-photo-22883229.jpeg?auto=compress&cs=tinysrgb&dpr=2&h=650&w=940'],
 'images': [{'checksum': 'b92fcc5b8d40298c57d48410b5bf9fac',
             'path': 'duck/90a64903c7979f6d0f8036f10bfbf3b26cfda8b3.jpg',
             'status': 'uptodate',
             'url': 'https://images.pexels.com/photos/22883229/pexels-photo-22883229.jpeg?auto=compress&cs=tinysrgb&dpr=2&h=650&w=940'}],
 'label': 'duck',
 'source_id': '22883229'}
2026-07-14 17:35:17 [scrapy.core.scraper] DEBUG: Scraped from <200 https://api.pexels.com/v1/search?query=duck&per_page=80&page=1>
{'image_urls': ['https://images.pexels.com/photos/35049000/pexels-photo-35049000.jpeg?auto=compress&cs=tinysrgb&dpr=2&h=650&w=940'],
 'images': [{'checksum': '41d2e11073000a890529d289852cefff',
             'path': 'duck/267ff1a6f15dd4d399a539972e59b7af62c381c4.jpg',
             'status': 'uptodate',
             'url': 'https://images.pexels.com/photos/35049000/pexels-photo-35049000.jpeg?auto=compress&cs=tinysrgb&dpr=2&h=650&w=940'}],
 'label': 'duck',
 'source_id': '35049000'}
2026-07-14 17:35:17 [scrapy.core.scraper] DEBUG: Scraped from <200 https://api.pexels.com/v1/search?query=duck&per_page=80&page=1>
{'image_urls': ['https://images.pexels.com/photos/38398917/pexels-photo-38398917.jpeg?auto=compress&cs=tinysrgb&dpr=2&h=650&w=940'],
 'images': [{'checksum': 'f07e280234f3b9cd969f87277dd04f6f',
             'path': 'duck/cd76103364d8657826ff37e3bc94f9cbbea1790b.jpg',
             'status': 'uptodate',
             'url': 'https://images.pexels.com/photos/38398917/pexels-photo-38398917.jpeg?auto=compress&cs=tinysrgb&dpr=2&h=650&w=940'}],
 'label': 'duck',
 'source_id': '38398917'}
2026-07-14 17:35:17 [scrapy.core.scraper] DEBUG: Scraped from <200 https://api.pexels.com/v1/search?query=duck&per_page=80&page=1>
{'image_urls': ['https://images.pexels.com/photos/13016996/pexels-photo-13016996.jpeg?auto=compress&cs=tinysrgb&dpr=2&h=650&w=940'],
 'images': [{'checksum': '516cb4d7be78ed33b86d14a4ad9b910b',
             'path': 'duck/5380b819e2bb82ce635aaf4a8f0e90812b37bb2f.jpg',
             'status': 'uptodate',
             'url': 'https://images.pexels.com/photos/13016996/pexels-photo-13016996.jpeg?auto=compress&cs=tinysrgb&dpr=2&h=650&w=940'}],
 'label': 'duck',
 'source_id': '13016996'}
2026-07-14 17:35:17 [scrapy.core.scraper] DEBUG: Scraped from <200 https://api.pexels.com/v1/search?query=duck&per_page=80&page=1>
{'image_urls': ['https://images.pexels.com/photos/33797812/pexels-photo-33797812.jpeg?auto=compress&cs=tinysrgb&dpr=2&h=650&w=940'],
 'images': [{'checksum': 'bb833526ec68650c1bd57fb98de763dc',
             'path': 'duck/a7322ccbc40c1b8692d3b00dee851057effd7284.jpg',
             'status': 'uptodate',
             'url': 'https://images.pexels.com/photos/33797812/pexels-photo-33797812.jpeg?auto=compress&cs=tinysrgb&dpr=2&h=650&w=940'}],
 'label': 'duck',
 'source_id': '33797812'}
2026-07-14 17:35:17 [scrapy.core.scraper] DEBUG: Scraped from <200 https://api.pexels.com/v1/search?query=duck&per_page=80&page=1>
{'image_urls': ['https://images.pexels.com/photos/34743035/pexels-photo-34743035.jpeg?auto=compress&cs=tinysrgb&dpr=2&h=650&w=940'],
 'images': [{'checksum': 'e8b31d39d91a1a9be8c4491b91e75f51',
             'path': 'duck/b0bd408dbe1a117bb37e116d9b8eac670535328f.jpg',
             'status': 'uptodate',
             'url': 'https://images.pexels.com/photos/34743035/pexels-photo-34743035.jpeg?auto=compress&cs=tinysrgb&dpr=2&h=650&w=940'}],
 'label': 'duck',
 'source_id': '34743035'}
2026-07-14 17:35:17 [scrapy.core.scraper] DEBUG: Scraped from <200 https://api.pexels.com/v1/search?query=duck&per_page=80&page=1>
{'image_urls': ['https://images.pexels.com/photos/30273526/pexels-photo-30273526.jpeg?auto=compress&cs=tinysrgb&dpr=2&h=650&w=940'],
 'images': [{'checksum': '533d895b47c4177b1c756c103793d0bf',
             'path': 'duck/b02135884eebf82ddb0c83cfc3402d3d5ffdfde1.jpg',
             'status': 'uptodate',
             'url': 'https://images.pexels.com/photos/30273526/pexels-photo-30273526.jpeg?auto=compress&cs=tinysrgb&dpr=2&h=650&w=940'}],
 'label': 'duck',
 'source_id': '30273526'}
2026-07-14 17:35:17 [scrapy.core.scraper] DEBUG: Scraped from <200 https://api.pexels.com/v1/search?query=duck&per_page=80&page=1>
{'image_urls': ['https://images.pexels.com/photos/38058604/pexels-photo-38058604.jpeg?auto=compress&cs=tinysrgb&dpr=2&h=650&w=940'],
 'images': [{'checksum': '75766777e2f73f183046edd66b14f779',
             'path': 'duck/66670076ea164e44f60e5c58646869de0e933f58.jpg',
             'status': 'uptodate',
             'url': 'https://images.pexels.com/photos/38058604/pexels-photo-38058604.jpeg?auto=compress&cs=tinysrgb&dpr=2&h=650&w=940'}],
 'label': 'duck',
 'source_id': '38058604'}
2026-07-14 17:35:17 [scrapy.core.scraper] DEBUG: Scraped from <200 https://api.pexels.com/v1/search?query=duck&per_page=80&page=1>
{'image_urls': ['https://images.pexels.com/photos/33319497/pexels-photo-33319497.jpeg?auto=compress&cs=tinysrgb&dpr=2&h=650&w=940'],
 'images': [{'checksum': 'b55350845d96f15df1c60a0d2c2bb9b0',
             'path': 'duck/6d7f0011658ffe1248e79be59d6759f346d9bdd7.jpg',
             'status': 'uptodate',
             'url': 'https://images.pexels.com/photos/33319497/pexels-photo-33319497.jpeg?auto=compress&cs=tinysrgb&dpr=2&h=650&w=940'}],
 'label': 'duck',
 'source_id': '33319497'}
2026-07-14 17:35:17 [scrapy.core.scraper] DEBUG: Scraped from <200 https://api.pexels.com/v1/search?query=duck&per_page=80&page=1>
{'image_urls': ['https://images.pexels.com/photos/38058590/pexels-photo-38058590.jpeg?auto=compress&cs=tinysrgb&dpr=2&h=650&w=940'],
 'images': [{'checksum': '9c3cc17e2b590fcac7dafdffaa7d9ff0',
             'path': 'duck/1525c16331429edb0d2aeb02fc5fca5c1c0012c9.jpg',
             'status': 'uptodate',
             'url': 'https://images.pexels.com/photos/38058590/pexels-photo-38058590.jpeg?auto=compress&cs=tinysrgb&dpr=2&h=650&w=940'}],
 'label': 'duck',
 'source_id': '38058590'}
2026-07-14 17:35:17 [scrapy.core.scraper] DEBUG: Scraped from <200 https://api.pexels.com/v1/search?query=duck&per_page=80&page=1>
{'image_urls': ['https://images.pexels.com/photos/27565481/pexels-photo-27565481.jpeg?auto=compress&cs=tinysrgb&dpr=2&h=650&w=940'],
 'images': [{'checksum': '016ae7f2446954ee1955156fd0876569',
             'path': 'duck/76bb3381d5053cd77bcc97f51795c2400c8aca96.jpg',
             'status': 'uptodate',
             'url': 'https://images.pexels.com/photos/27565481/pexels-photo-27565481.jpeg?auto=compress&cs=tinysrgb&dpr=2&h=650&w=940'}],
 'label': 'duck',
 'source_id': '27565481'}
2026-07-14 17:35:17 [scrapy.core.scraper] DEBUG: Scraped from <200 https://api.pexels.com/v1/search?query=duck&per_page=80&page=1>
{'image_urls': ['https://images.pexels.com/photos/28825499/pexels-photo-28825499.jpeg?auto=compress&cs=tinysrgb&dpr=2&h=650&w=940'],
 'images': [{'checksum': 'ae0cb3d0529d6c14f576d021e48c17c6',
             'path': 'duck/c9b26b146aa5df87fc2d65c88d62a2bbed9cdba2.jpg',
             'status': 'uptodate',
             'url': 'https://images.pexels.com/photos/28825499/pexels-photo-28825499.jpeg?auto=compress&cs=tinysrgb&dpr=2&h=650&w=940'}],
 'label': 'duck',
 'source_id': '28825499'}
2026-07-14 17:35:17 [scrapy.core.scraper] DEBUG: Scraped from <200 https://api.pexels.com/v1/search?query=duck&per_page=80&page=1>
{'image_urls': ['https://images.pexels.com/photos/18138624/pexels-photo-18138624.jpeg?auto=compress&cs=tinysrgb&dpr=2&h=650&w=940'],
 'images': [{'checksum': 'a0c4feefeb6c03c06f3cd77661815177',
             'path': 'duck/61781acfa9a7b4d1dd98626461d64a4e78cf55ab.jpg',
             'status': 'uptodate',
             'url': 'https://images.pexels.com/photos/18138624/pexels-photo-18138624.jpeg?auto=compress&cs=tinysrgb&dpr=2&h=650&w=940'}],
 'label': 'duck',
 'source_id': '18138624'}
2026-07-14 17:35:17 [scrapy.core.scraper] DEBUG: Scraped from <200 https://api.pexels.com/v1/search?query=duck&per_page=80&page=1>
{'image_urls': ['https://images.pexels.com/photos/14531354/pexels-photo-14531354.jpeg?auto=compress&cs=tinysrgb&dpr=2&h=650&w=940'],
 'images': [{'checksum': 'da8055ee10cafaaac673742f5a04c3a9',
             'path': 'duck/78017c71e55fbe915325aaa0f72e8f2f772e1da3.jpg',
             'status': 'uptodate',
             'url': 'https://images.pexels.com/photos/14531354/pexels-photo-14531354.jpeg?auto=compress&cs=tinysrgb&dpr=2&h=650&w=940'}],
 'label': 'duck',
 'source_id': '14531354'}
2026-07-14 17:35:17 [scrapy.core.scraper] DEBUG: Scraped from <200 https://api.pexels.com/v1/search?query=duck&per_page=80&page=1>
{'image_urls': ['https://images.pexels.com/photos/38065886/pexels-photo-38065886.jpeg?auto=compress&cs=tinysrgb&dpr=2&h=650&w=940'],
 'images': [{'checksum': '6818b1a9ccf4780648d3712c4fbc3edd',
             'path': 'duck/623504e347cdb907540f658ea82d6680cf925178.jpg',
             'status': 'uptodate',
             'url': 'https://images.pexels.com/photos/38065886/pexels-photo-38065886.jpeg?auto=compress&cs=tinysrgb&dpr=2&h=650&w=940'}],
 'label': 'duck',
 'source_id': '38065886'}
2026-07-14 17:35:17 [scrapy.core.scraper] DEBUG: Scraped from <200 https://api.pexels.com/v1/search?query=duck&per_page=80&page=1>
{'image_urls': ['https://images.pexels.com/photos/16831078/pexels-photo-16831078.jpeg?auto=compress&cs=tinysrgb&dpr=2&h=650&w=940'],
 'images': [{'checksum': 'aae73c672ee9d2e8afd2064ebd33e8d1',
             'path': 'duck/1b5ce4311b894bc27e87c7e4db3f11eca3aed4a7.jpg',
             'status': 'uptodate',
             'url': 'https://images.pexels.com/photos/16831078/pexels-photo-16831078.jpeg?auto=compress&cs=tinysrgb&dpr=2&h=650&w=940'}],
 'label': 'duck',
 'source_id': '16831078'}
2026-07-14 17:35:17 [scrapy.core.scraper] DEBUG: Scraped from <200 https://api.pexels.com/v1/search?query=duck&per_page=80&page=1>
{'image_urls': ['https://images.pexels.com/photos/28849120/pexels-photo-28849120.jpeg?auto=compress&cs=tinysrgb&dpr=2&h=650&w=940'],
 'images': [{'checksum': '7d9697663eb3dfc5b9a3460607604f0d',
             'path': 'duck/ef48da72ffb3ed5b24e05dccbcc4b9d1de3e825a.jpg',
             'status': 'uptodate',
             'url': 'https://images.pexels.com/photos/28849120/pexels-photo-28849120.jpeg?auto=compress&cs=tinysrgb&dpr=2&h=650&w=940'}],
 'label': 'duck',
 'source_id': '28849120'}
2026-07-14 17:35:17 [scrapy.core.scraper] DEBUG: Scraped from <200 https://api.pexels.com/v1/search?query=duck&per_page=80&page=1>
{'image_urls': ['https://images.pexels.com/photos/34742990/pexels-photo-34742990.jpeg?auto=compress&cs=tinysrgb&dpr=2&h=650&w=940'],
 'images': [{'checksum': '0823cffe349b1c793d6428f93bb8339a',
             'path': 'duck/49067b5ab7d4cd13eb24960b98e1318d04823f1d.jpg',
             'status': 'uptodate',
             'url': 'https://images.pexels.com/photos/34742990/pexels-photo-34742990.jpeg?auto=compress&cs=tinysrgb&dpr=2&h=650&w=940'}],
 'label': 'duck',
 'source_id': '34742990'}
2026-07-14 17:35:17 [scrapy.core.scraper] DEBUG: Scraped from <200 https://api.pexels.com/v1/search?query=duck&per_page=80&page=1>
{'image_urls': ['https://images.pexels.com/photos/34004791/pexels-photo-34004791.jpeg?auto=compress&cs=tinysrgb&dpr=2&h=650&w=940'],
 'images': [{'checksum': '6344c165986e640c367747708be8cce1',
             'path': 'duck/6c0b9186e3ff3764ac9ae224762d15c311281c2c.jpg',
             'status': 'uptodate',
             'url': 'https://images.pexels.com/photos/34004791/pexels-photo-34004791.jpeg?auto=compress&cs=tinysrgb&dpr=2&h=650&w=940'}],
 'label': 'duck',
 'source_id': '34004791'}
2026-07-14 17:35:17 [scrapy.core.scraper] DEBUG: Scraped from <200 https://api.pexels.com/v1/search?query=duck&per_page=80&page=1>
{'image_urls': ['https://images.pexels.com/photos/10644068/pexels-photo-10644068.jpeg?auto=compress&cs=tinysrgb&dpr=2&h=650&w=940'],
 'images': [{'checksum': 'e2fb0c288ba22f590b828454ce27b97f',
             'path': 'duck/210eb9fda3db068d38960f31ea81e369d4b475c4.jpg',
             'status': 'uptodate',
             'url': 'https://images.pexels.com/photos/10644068/pexels-photo-10644068.jpeg?auto=compress&cs=tinysrgb&dpr=2&h=650&w=940'}],
 'label': 'duck',
 'source_id': '10644068'}
2026-07-14 17:35:17 [scrapy.core.scraper] DEBUG: Scraped from <200 https://api.pexels.com/v1/search?query=duck&per_page=80&page=1>
{'image_urls': ['https://images.pexels.com/photos/24771857/pexels-photo-24771857.jpeg?auto=compress&cs=tinysrgb&dpr=2&h=650&w=940'],
 'images': [{'checksum': '16cbea593bb0b0b4fe8cc1b0d0afb5dd',
             'path': 'duck/c975d677f012183852eeeeab614b31c1c6c8b951.jpg',
             'status': 'uptodate',
             'url': 'https://images.pexels.com/photos/24771857/pexels-photo-24771857.jpeg?auto=compress&cs=tinysrgb&dpr=2&h=650&w=940'}],
 'label': 'duck',
 'source_id': '24771857'}
2026-07-14 17:35:17 [scrapy.core.scraper] DEBUG: Scraped from <200 https://api.pexels.com/v1/search?query=duck&per_page=80&page=1>
{'image_urls': ['https://images.pexels.com/photos/38058615/pexels-photo-38058615.jpeg?auto=compress&cs=tinysrgb&dpr=2&h=650&w=940'],
 'images': [{'checksum': 'c427c6b9cb9b9238720410179bfd26e2',
             'path': 'duck/385cf56f0489cf24f9eb27949431c0c56f549e75.jpg',
             'status': 'uptodate',
             'url': 'https://images.pexels.com/photos/38058615/pexels-photo-38058615.jpeg?auto=compress&cs=tinysrgb&dpr=2&h=650&w=940'}],
 'label': 'duck',
 'source_id': '38058615'}
2026-07-14 17:35:17 [scrapy.core.scraper] DEBUG: Scraped from <200 https://api.pexels.com/v1/search?query=duck&per_page=80&page=1>
{'image_urls': ['https://images.pexels.com/photos/16481621/pexels-photo-16481621.jpeg?auto=compress&cs=tinysrgb&dpr=2&h=650&w=940'],
 'images': [{'checksum': 'c2567b21b0223642ccdee513ed9b92f8',
             'path': 'duck/ed48a767b65ee6501bf0ff2cde6e30f2841a7ad6.jpg',
             'status': 'uptodate',
             'url': 'https://images.pexels.com/photos/16481621/pexels-photo-16481621.jpeg?auto=compress&cs=tinysrgb&dpr=2&h=650&w=940'}],
 'label': 'duck',
 'source_id': '16481621'}
2026-07-14 17:35:17 [scrapy.core.scraper] DEBUG: Scraped from <200 https://api.pexels.com/v1/search?query=duck&per_page=80&page=1>
{'image_urls': ['https://images.pexels.com/photos/33797813/pexels-photo-33797813.jpeg?auto=compress&cs=tinysrgb&dpr=2&h=650&w=940'],
 'images': [{'checksum': 'a34223d30c411493479bfbb5e3b69a87',
             'path': 'duck/d03bd3bd07f517216913a70dcfcb1daa3b70e8a1.jpg',
             'status': 'uptodate',
             'url': 'https://images.pexels.com/photos/33797813/pexels-photo-33797813.jpeg?auto=compress&cs=tinysrgb&dpr=2&h=650&w=940'}],
 'label': 'duck',
 'source_id': '33797813'}
2026-07-14 17:35:17 [scrapy.core.scraper] DEBUG: Scraped from <200 https://api.pexels.com/v1/search?query=duck&per_page=80&page=1>
{'image_urls': ['https://images.pexels.com/photos/35991826/pexels-photo-35991826.jpeg?auto=compress&cs=tinysrgb&dpr=2&h=650&w=940'],
 'images': [{'checksum': '9b1de3bdf390cf0cde73631390137fb0',
             'path': 'duck/1b27c7af4403f23f57849eee75f7eee295dab21b.jpg',
             'status': 'uptodate',
             'url': 'https://images.pexels.com/photos/35991826/pexels-photo-35991826.jpeg?auto=compress&cs=tinysrgb&dpr=2&h=650&w=940'}],
 'label': 'duck',
 'source_id': '35991826'}
2026-07-14 17:35:17 [scrapy.core.scraper] DEBUG: Scraped from <200 https://api.pexels.com/v1/search?query=duck&per_page=80&page=1>
{'image_urls': ['https://images.pexels.com/photos/12188432/pexels-photo-12188432.jpeg?auto=compress&cs=tinysrgb&dpr=2&h=650&w=940'],
 'images': [{'checksum': '50b1312bfe01249ff433ce3ee199f9da',
             'path': 'duck/2aa8ab6bfcf42cb80e2969a6975d292135ff8ac5.jpg',
             'status': 'uptodate',
             'url': 'https://images.pexels.com/photos/12188432/pexels-photo-12188432.jpeg?auto=compress&cs=tinysrgb&dpr=2&h=650&w=940'}],
 'label': 'duck',
 'source_id': '12188432'}
2026-07-14 17:35:17 [scrapy.core.scraper] DEBUG: Scraped from <200 https://api.pexels.com/v1/search?query=duck&per_page=80&page=1>
{'image_urls': ['https://images.pexels.com/photos/33759291/pexels-photo-33759291.jpeg?auto=compress&cs=tinysrgb&dpr=2&h=650&w=940'],
 'images': [{'checksum': '55c52570b12e24372930825652eac207',
             'path': 'duck/3364587ceb318b623dfd577f65fbb7a01e5d6e46.jpg',
             'status': 'uptodate',
             'url': 'https://images.pexels.com/photos/33759291/pexels-photo-33759291.jpeg?auto=compress&cs=tinysrgb&dpr=2&h=650&w=940'}],
 'label': 'duck',
 'source_id': '33759291'}
2026-07-14 17:35:17 [scrapy.core.scraper] DEBUG: Scraped from <200 https://api.pexels.com/v1/search?query=duck&per_page=80&page=1>
{'image_urls': ['https://images.pexels.com/photos/38058601/pexels-photo-38058601.jpeg?auto=compress&cs=tinysrgb&dpr=2&h=650&w=940'],
 'images': [{'checksum': '8e859c19959acf4b13f318f846191829',
             'path': 'duck/92db6bbd9e4a94de64027800ae222700100025a6.jpg',
             'status': 'uptodate',
             'url': 'https://images.pexels.com/photos/38058601/pexels-photo-38058601.jpeg?auto=compress&cs=tinysrgb&dpr=2&h=650&w=940'}],
 'label': 'duck',
 'source_id': '38058601'}
2026-07-14 17:35:17 [scrapy.core.scraper] DEBUG: Scraped from <200 https://api.pexels.com/v1/search?query=duck&per_page=80&page=1>
{'image_urls': ['https://images.pexels.com/photos/33693383/pexels-photo-33693383.jpeg?auto=compress&cs=tinysrgb&dpr=2&h=650&w=940'],
 'images': [{'checksum': 'c8c7ecf71a5123a75fa3ab4c5afecca6',
             'path': 'duck/4ee3e43bc67238fa20429a7c7682533301e0b3a0.jpg',
             'status': 'uptodate',
             'url': 'https://images.pexels.com/photos/33693383/pexels-photo-33693383.jpeg?auto=compress&cs=tinysrgb&dpr=2&h=650&w=940'}],
 'label': 'duck',
 'source_id': '33693383'}
2026-07-14 17:35:17 [scrapy.core.scraper] DEBUG: Scraped from <200 https://api.pexels.com/v1/search?query=duck&per_page=80&page=1>
{'image_urls': ['https://images.pexels.com/photos/38058585/pexels-photo-38058585.jpeg?auto=compress&cs=tinysrgb&dpr=2&h=650&w=940'],
 'images': [{'checksum': '8e8d477932c3b8e4b8ad3f28b634cfc6',
             'path': 'duck/43024ed79eae6f2c947f335d9a65008ee87f63af.jpg',
             'status': 'uptodate',
             'url': 'https://images.pexels.com/photos/38058585/pexels-photo-38058585.jpeg?auto=compress&cs=tinysrgb&dpr=2&h=650&w=940'}],
 'label': 'duck',
 'source_id': '38058585'}
2026-07-14 17:35:17 [scrapy.core.scraper] DEBUG: Scraped from <200 https://api.pexels.com/v1/search?query=duck&per_page=80&page=1>
{'image_urls': ['https://images.pexels.com/photos/27565478/pexels-photo-27565478.jpeg?auto=compress&cs=tinysrgb&dpr=2&h=650&w=940'],
 'images': [{'checksum': '886a985c84d5fbb422cfffa25b24c2ba',
             'path': 'duck/d15bf6a2fd6b1f1c3cbb0cd8631fb336a82f5a2d.jpg',
             'status': 'uptodate',
             'url': 'https://images.pexels.com/photos/27565478/pexels-photo-27565478.jpeg?auto=compress&cs=tinysrgb&dpr=2&h=650&w=940'}],
 'label': 'duck',
 'source_id': '27565478'}
2026-07-14 17:35:17 [scrapy.core.scraper] DEBUG: Scraped from <200 https://api.pexels.com/v1/search?query=duck&per_page=80&page=1>
{'image_urls': ['https://images.pexels.com/photos/32226095/pexels-photo-32226095.jpeg?auto=compress&cs=tinysrgb&dpr=2&h=650&w=940'],
 'images': [{'checksum': '71c8868136fbfd53c5a5d8aaa9e6dd2c',
             'path': 'duck/0239784794b493b9ad7ce0958d8cd1dba6860b0b.jpg',
             'status': 'uptodate',
             'url': 'https://images.pexels.com/photos/32226095/pexels-photo-32226095.jpeg?auto=compress&cs=tinysrgb&dpr=2&h=650&w=940'}],
 'label': 'duck',
 'source_id': '32226095'}
2026-07-14 17:35:17 [scrapy.core.scraper] DEBUG: Scraped from <200 https://api.pexels.com/v1/search?query=duck&per_page=80&page=1>
{'image_urls': ['https://images.pexels.com/photos/17911356/pexels-photo-17911356.jpeg?auto=compress&cs=tinysrgb&dpr=2&h=650&w=940'],
 'images': [{'checksum': 'fe3d399074897f849c18f1461b21060c',
             'path': 'duck/bf2a61559be0b210e02786f464ade7bad5e074df.jpg',
             'status': 'uptodate',
             'url': 'https://images.pexels.com/photos/17911356/pexels-photo-17911356.jpeg?auto=compress&cs=tinysrgb&dpr=2&h=650&w=940'}],
 'label': 'duck',
 'source_id': '17911356'}
2026-07-14 17:35:17 [scrapy.core.scraper] DEBUG: Scraped from <200 https://api.pexels.com/v1/search?query=duck&per_page=80&page=1>
{'image_urls': ['https://images.pexels.com/photos/38065909/pexels-photo-38065909.jpeg?auto=compress&cs=tinysrgb&dpr=2&h=650&w=940'],
 'images': [{'checksum': '026dca8268b13bf33d3bde5adaa6e1ec',
             'path': 'duck/4324542429ab8ab5602dbd5ced106c71e46c8eee.jpg',
             'status': 'uptodate',
             'url': 'https://images.pexels.com/photos/38065909/pexels-photo-38065909.jpeg?auto=compress&cs=tinysrgb&dpr=2&h=650&w=940'}],
 'label': 'duck',
 'source_id': '38065909'}
2026-07-14 17:35:17 [scrapy.core.scraper] DEBUG: Scraped from <200 https://api.pexels.com/v1/search?query=duck&per_page=80&page=1>
{'image_urls': ['https://images.pexels.com/photos/34710699/pexels-photo-34710699.jpeg?auto=compress&cs=tinysrgb&dpr=2&h=650&w=940'],
 'images': [{'checksum': '4cd9c7c8537fc835f6a60f4aa7c7cff8',
             'path': 'duck/5cf921d0fafd5464a82105e9267aab5bfd71b7d9.jpg',
             'status': 'uptodate',
             'url': 'https://images.pexels.com/photos/34710699/pexels-photo-34710699.jpeg?auto=compress&cs=tinysrgb&dpr=2&h=650&w=940'}],
 'label': 'duck',
 'source_id': '34710699'}
2026-07-14 17:35:17 [scrapy.core.scraper] DEBUG: Scraped from <200 https://api.pexels.com/v1/search?query=duck&per_page=80&page=1>
{'image_urls': ['https://images.pexels.com/photos/1842819/pexels-photo-1842819.jpeg?auto=compress&cs=tinysrgb&dpr=2&h=650&w=940'],
 'images': [{'checksum': 'd71582aabe79956049405d71bf06a184',
             'path': 'duck/77d8d1bd88b0bf583d1be92e7744c4c2a160e939.jpg',
             'status': 'uptodate',
             'url': 'https://images.pexels.com/photos/1842819/pexels-photo-1842819.jpeg?auto=compress&cs=tinysrgb&dpr=2&h=650&w=940'}],
 'label': 'duck',
 'source_id': '1842819'}
2026-07-14 17:35:17 [scrapy.core.scraper] DEBUG: Scraped from <200 https://api.pexels.com/v1/search?query=duck&per_page=80&page=1>
{'image_urls': ['https://images.pexels.com/photos/6468251/pexels-photo-6468251.jpeg?auto=compress&cs=tinysrgb&dpr=2&h=650&w=940'],
 'images': [{'checksum': '549f88f88ac53b52e2fcc865f3fef055',
             'path': 'duck/03e7cf5603828ead9d1133c55758570796d5b337.jpg',
             'status': 'uptodate',
             'url': 'https://images.pexels.com/photos/6468251/pexels-photo-6468251.jpeg?auto=compress&cs=tinysrgb&dpr=2&h=650&w=940'}],
 'label': 'duck',
 'source_id': '6468251'}
2026-07-14 17:35:17 [scrapy.core.scraper] DEBUG: Scraped from <200 https://api.pexels.com/v1/search?query=duck&per_page=80&page=1>
{'image_urls': ['https://images.pexels.com/photos/27583112/pexels-photo-27583112.jpeg?auto=compress&cs=tinysrgb&dpr=2&h=650&w=940'],
 'images': [{'checksum': '4e9b866551b5d031939113081d618b65',
             'path': 'duck/4a85fbdd8c39e7b84905ca3483d7119629b34ca3.jpg',
             'status': 'uptodate',
             'url': 'https://images.pexels.com/photos/27583112/pexels-photo-27583112.jpeg?auto=compress&cs=tinysrgb&dpr=2&h=650&w=940'}],
 'label': 'duck',
 'source_id': '27583112'}
2026-07-14 17:35:17 [scrapy.core.scraper] DEBUG: Scraped from <200 https://api.pexels.com/v1/search?query=duck&per_page=80&page=1>
{'image_urls': ['https://images.pexels.com/photos/31982670/pexels-photo-31982670.jpeg?auto=compress&cs=tinysrgb&dpr=2&h=650&w=940'],
 'images': [{'checksum': 'cb041ed47333397269d5f8896a96a0a4',
             'path': 'duck/a8e8f68472dfe37c22cbf05ab685e7113353c626.jpg',
             'status': 'uptodate',
             'url': 'https://images.pexels.com/photos/31982670/pexels-photo-31982670.jpeg?auto=compress&cs=tinysrgb&dpr=2&h=650&w=940'}],
 'label': 'duck',
 'source_id': '31982670'}
2026-07-14 17:35:17 [scrapy.core.scraper] DEBUG: Scraped from <200 https://api.pexels.com/v1/search?query=duck&per_page=80&page=1>
{'image_urls': ['https://images.pexels.com/photos/12754746/pexels-photo-12754746.png?auto=compress&cs=tinysrgb&dpr=2&h=650&w=940'],
 'images': [{'checksum': '53088f53b649d6145665620b802eaf88',
             'path': 'duck/85f57eb0ff8a930f349d054f17fb524cbbd88d03.jpg',
             'status': 'uptodate',
             'url': 'https://images.pexels.com/photos/12754746/pexels-photo-12754746.png?auto=compress&cs=tinysrgb&dpr=2&h=650&w=940'}],
 'label': 'duck',
 'source_id': '12754746'}
2026-07-14 17:35:17 [scrapy.core.scraper] DEBUG: Scraped from <200 https://api.pexels.com/v1/search?query=duck&per_page=80&page=1>
{'image_urls': ['https://images.pexels.com/photos/16763109/pexels-photo-16763109.jpeg?auto=compress&cs=tinysrgb&dpr=2&h=650&w=940'],
 'images': [{'checksum': '638025bf2c2e1da7bf9239421ef4804d',
             'path': 'duck/2c9fd129c9cc713d34ca88a1833eb4eb218e194c.jpg',
             'status': 'uptodate',
             'url': 'https://images.pexels.com/photos/16763109/pexels-photo-16763109.jpeg?auto=compress&cs=tinysrgb&dpr=2&h=650&w=940'}],
 'label': 'duck',
 'source_id': '16763109'}
2026-07-14 17:35:17 [scrapy.core.scraper] DEBUG: Scraped from <200 https://api.pexels.com/v1/search?query=duck&per_page=80&page=1>
{'image_urls': ['https://images.pexels.com/photos/12751729/pexels-photo-12751729.jpeg?auto=compress&cs=tinysrgb&dpr=2&h=650&w=940'],
 'images': [{'checksum': '2a55a18791e3556172a3c1d8436cff78',
             'path': 'duck/e68b121f677cf282d800a16f5867db938d4bbfb6.jpg',
             'status': 'uptodate',
             'url': 'https://images.pexels.com/photos/12751729/pexels-photo-12751729.jpeg?auto=compress&cs=tinysrgb&dpr=2&h=650&w=940'}],
 'label': 'duck',
 'source_id': '12751729'}
2026-07-14 17:35:17 [scrapy.core.scraper] DEBUG: Scraped from <200 https://api.pexels.com/v1/search?query=duck&per_page=80&page=1>
{'image_urls': ['https://images.pexels.com/photos/17132331/pexels-photo-17132331.jpeg?auto=compress&cs=tinysrgb&dpr=2&h=650&w=940'],
 'images': [{'checksum': '72276179a0416e8a960b37d8f677894e',
             'path': 'duck/b880ddf96a0e3853709c3cfb0ab8d46d822672de.jpg',
             'status': 'uptodate',
             'url': 'https://images.pexels.com/photos/17132331/pexels-photo-17132331.jpeg?auto=compress&cs=tinysrgb&dpr=2&h=650&w=940'}],
 'label': 'duck',
 'source_id': '17132331'}
2026-07-14 17:35:17 [scrapy.core.scraper] DEBUG: Scraped from <200 https://api.pexels.com/v1/search?query=duck&per_page=80&page=1>
{'image_urls': ['https://images.pexels.com/photos/23489805/pexels-photo-23489805.jpeg?auto=compress&cs=tinysrgb&dpr=2&h=650&w=940'],
 'images': [{'checksum': '4a5ba1b6eb5bc4fbc2bd66d2a56ded03',
             'path': 'duck/6e243194515ea454fe71d75b74358b4cb0a81aee.jpg',
             'status': 'uptodate',
             'url': 'https://images.pexels.com/photos/23489805/pexels-photo-23489805.jpeg?auto=compress&cs=tinysrgb&dpr=2&h=650&w=940'}],
 'label': 'duck',
 'source_id': '23489805'}
2026-07-14 17:35:17 [scrapy.core.scraper] DEBUG: Scraped from <200 https://api.pexels.com/v1/search?query=duck&per_page=80&page=1>
{'image_urls': ['https://images.pexels.com/photos/10293541/pexels-photo-10293541.jpeg?auto=compress&cs=tinysrgb&dpr=2&h=650&w=940'],
 'images': [{'checksum': '6c527fbe51625426a30a5815cf67e469',
             'path': 'duck/8eb9b3fe28eb371539c211812cb5580b5bc04380.jpg',
             'status': 'uptodate',
             'url': 'https://images.pexels.com/photos/10293541/pexels-photo-10293541.jpeg?auto=compress&cs=tinysrgb&dpr=2&h=650&w=940'}],
 'label': 'duck',
 'source_id': '10293541'}
2026-07-14 17:35:17 [scrapy.core.scraper] DEBUG: Scraped from <200 https://api.pexels.com/v1/search?query=duck&per_page=80&page=1>
{'image_urls': ['https://images.pexels.com/photos/31982677/pexels-photo-31982677.jpeg?auto=compress&cs=tinysrgb&dpr=2&h=650&w=940'],
 'images': [{'checksum': '3e21f65f035b7403881ed0b7cd9caba1',
             'path': 'duck/47234d1dac821bbe4f23ab046dddf740c058bc40.jpg',
             'status': 'uptodate',
             'url': 'https://images.pexels.com/photos/31982677/pexels-photo-31982677.jpeg?auto=compress&cs=tinysrgb&dpr=2&h=650&w=940'}],
 'label': 'duck',
 'source_id': '31982677'}
2026-07-14 17:35:18 [scrapy.core.engine] DEBUG: Crawled (404) <GET https://api.pexels.com/v1/v1/search?page=2&per_page=80&query=cat> (referer: https://api.pexels.com/v1/search?query=cat&per_page=80&page=1)
2026-07-14 17:35:18 [scrapy.core.engine] DEBUG: Crawled (422) <GET https://images.pexels.com/photos/13276717/pexels-photo-13276717.jpeg?auto=compress&cs=tinysrgb&dpr=2&h=650&w=940> (referer: None)
2026-07-14 17:35:18 [scrapy.pipelines.files] WARNING: File (code: 422): Error downloading file from <GET https://images.pexels.com/photos/13276717/pexels-photo-13276717.jpeg?auto=compress&cs=tinysrgb&dpr=2&h=650&w=940> referred in <None>
2026-07-14 17:35:18 [scrapy.pipelines.files] WARNING: File (unknown-error): Error downloading image from <GET https://images.pexels.com/photos/13276717/pexels-photo-13276717.jpeg?auto=compress&cs=tinysrgb&dpr=2&h=650&w=940> referred in <None>: download-error
2026-07-14 17:35:18 [scrapy.pipelines.media] ERROR: [Failure instance: Traceback: <class 'scrapy.pipelines.files.FileException'>: 
C:\Dev\duck-or-cat\scraper\.venv\Lib\site-packages\scrapy\pipelines\media.py:193:_process_request
C:\Dev\duck-or-cat\scraper\.venv\Lib\site-packages\scrapy\pipelines\media.py:217:_check_media_to_download
C:\Dev\duck-or-cat\scraper\.venv\Lib\site-packages\scrapy\pipelines\files.py:614:media_failed
]
Traceback (most recent call last):
  File "C:\Dev\duck-or-cat\scraper\.venv\Lib\site-packages\scrapy\pipelines\media.py", line 213, in _check_media_to_download
    return await ensure_awaitable(
           ^^^^^^^^^^^^^^^^^^^^^^^
  File "C:\Dev\duck-or-cat\scraper\.venv\Lib\site-packages\scrapy\pipelines\files.py", line 633, in media_downloaded
    raise FileException("download-error")
scrapy.pipelines.files.FileException: download-error

During handling of the above exception, another exception occurred:

Traceback (most recent call last):
  File "C:\Dev\duck-or-cat\scraper\.venv\Lib\site-packages\scrapy\pipelines\media.py", line 193, in _process_request
    result = await self._check_media_to_download(request, info, item=item)
             ^^^^^^^^^^^^^^^^^^^^^^^^^^^^^^^^^^^^^^^^^^^^^^^^^^^^^^^^^^^^^
  File "C:\Dev\duck-or-cat\scraper\.venv\Lib\site-packages\scrapy\pipelines\media.py", line 217, in _check_media_to_download
    failure = self.media_failed(Failure(), request, info)
              ^^^^^^^^^^^^^^^^^^^^^^^^^^^^^^^^^^^^^^^^^^^
  File "C:\Dev\duck-or-cat\scraper\.venv\Lib\site-packages\scrapy\pipelines\files.py", line 614, in media_failed
    raise FileException
scrapy.pipelines.files.FileException
2026-07-14 17:35:18 [scrapy.spidermiddlewares.httperror] INFO: Ignoring response <404 https://api.pexels.com/v1/v1/search?page=2&per_page=80&query=cat>: HTTP status code is not handled or not allowed
2026-07-14 17:35:18 [scrapy.core.scraper] DEBUG: Scraped from <200 https://api.pexels.com/v1/search?query=duck&per_page=80&page=1>
{'image_urls': ['https://images.pexels.com/photos/13276717/pexels-photo-13276717.jpeg?auto=compress&cs=tinysrgb&dpr=2&h=650&w=940'],
 'images': [],
 'label': 'duck',
 'source_id': '13276717'}
2026-07-14 17:35:18 [scrapy.core.engine] DEBUG: Crawled (404) <GET https://api.pexels.com/v1/v1/search?page=2&per_page=80&query=duck> (referer: https://api.pexels.com/v1/search?query=duck&per_page=80&page=1)
2026-07-14 17:35:18 [scrapy.spidermiddlewares.httperror] INFO: Ignoring response <404 https://api.pexels.com/v1/v1/search?page=2&per_page=80&query=duck>: HTTP status code is not handled or not allowed
2026-07-14 17:35:18 [scrapy.core.engine] INFO: Closing spider (finished)
2026-07-14 17:35:18 [scrapy.statscollectors] INFO: Dumping Scrapy stats:
{'downloader/request_bytes': 2784,
 'downloader/request_count': 5,
 'downloader/request_method_count/GET': 5,
 'downloader/response_bytes': 26073,
 'downloader/response_count': 5,
 'downloader/response_status_count/200': 2,
 'downloader/response_status_count/404': 2,
 'downloader/response_status_count/422': 1,
 'elapsed_time_seconds': 2.469000000000051,
 'file_count': 159,
 'file_status_count/uptodate': 159,
 'finish_reason': 'finished',
 'finish_time': datetime.datetime(2026, 7, 14, 15, 35, 18, 551087, tzinfo=datetime.timezone.utc),
 'httpcompression/response_bytes': 230074,
 'httpcompression/response_count': 2,
 'httperror/response_ignored_count': 2,
 'httperror/response_ignored_status_count/404': 2,
 'item_scraped_count': 160,
 'items_per_minute': 4800.0,
 'log_count/DEBUG': 324,
 'log_count/ERROR': 1,
 'log_count/INFO': 5,
 'log_count/WARNING': 2,
 'request_depth_max': 1,
 'response_received_count': 5,
 'responses_per_minute': 150.0,
 'scheduler/dequeued': 4,
 'scheduler/dequeued/memory': 4,
 'scheduler/enqueued': 4,
 'scheduler/enqueued/memory': 4,
 'start_time': datetime.datetime(2026, 7, 14, 15, 35, 16, 85181, tzinfo=datetime.timezone.utc)}
2026-07-14 17:35:18 [scrapy.core.engine] INFO: Spider closed (finished)
